compound_id,max_cos_to_actives,mean_cos_to_actives
MOL_1,0.59219050,0.15182957
MOL_2,0.61808175,0.17904268
MOL_3,0.64513451,0.18365924
MOL_4,0.60658783,0.18309462
MOL_5,0.65305614,0.17023824
MOL_6,0.62407470,0.16297252
MOL_7,0.69642502,0.18288249
MOL_8,0.63653392,0.16335091
MOL_9,0.68504798,0.17520468
MOL_10,0.64490449,0.15975457
MOL_11,0.69525540,0.20367995
MOL_12,0.72550857,0.20107201
MOL_13,0.62532479,0.18005924
MOL_14,0.71651322,0.16967875
MOL_15,0.59755766,0.16665035
MOL_16,0.64561057,0.18927045
MOL_17,0.69305807,0.19204997
MOL_18,0.71178466,0.20564349
MOL_19,0.67188925,0.18273529
MOL_20,0.69241333,0.18822527
MOL_21,0.63443112,0.19076627
MOL_22,0.65682155,0.17639022
MOL_23,0.59357131,0.16027771
MOL_24,0.67073375,0.18839142
MOL_25,0.66646737,0.16011658
MOL_26,0.66275144,0.19961074
MOL_27,0.67166537,0.15531178
MOL_28,0.69881892,0.17965230
MOL_29,0.66999435,0.18504360
MOL_30,0.62073267,0.14537837
MOL_31,0.75889218,0.21282603
MOL_32,0.64745837,0.18639542
MOL_33,0.63837224,0.20714165
MOL_34,0.73518360,0.22987603
MOL_35,0.58871859,0.15379344
MOL_36,0.69163203,0.21343821
MOL_37,0.73208451,0.21584637
MOL_38,0.65497917,0.15847427
MOL_39,0.66033679,0.17824192
MOL_40,0.71794355,0.20141023
MOL_41,0.69970024,0.18495405
MOL_42,0.67617095,0.20802322
MOL_43,0.71474838,0.18933564
MOL_44,0.77436101,0.23767772
MOL_45,0.65559781,0.19158584
MOL_46,0.61867917,0.16651471
MOL_47,0.73096287,0.20570843
MOL_48,0.68050474,0.17724098
MOL_49,0.68520516,0.18734126
MOL_50,0.67857337,0.18810837
MOL_51,0.64697856,0.18505497
MOL_52,0.71246040,0.21009490
MOL_53,0.60365671,0.17815968
MOL_54,0.71267408,0.19156158
MOL_55,0.72629386,0.27469426
MOL_56,0.74217582,0.21420321
MOL_57,0.70527053,0.17655408
MOL_58,0.68099862,0.19731221
MOL_59,0.60638267,0.17857559
MOL_60,0.63355327,0.13788241
MOL_61,0.73907322,0.21703054
MOL_62,0.70530564,0.20175853
MOL_63,0.65429729,0.19087051
MOL_64,0.75704849,0.22401983
MOL_65,0.59650642,0.15052226
MOL_66,0.66934270,0.20278822
MOL_67,0.66566873,0.19099659
MOL_68,0.68480355,0.19575460
MOL_69,0.67506588,0.20559859
MOL_70,0.71779644,0.21596579
MOL_71,0.62055516,0.18875410
MOL_72,0.67540282,0.20316084
MOL_73,0.65566409,0.17881970
MOL_74,0.65090257,0.18023241
MOL_75,0.62221909,0.17097047
MOL_76,0.68127471,0.18374065
MOL_77,0.75626588,0.22277822
MOL_78,0.67471176,0.18650980
MOL_79,0.67191285,0.17516728
MOL_80,0.48355463,0.18946335
MOL_81,0.64662373,0.18317765
MOL_82,0.62999552,0.18120392
MOL_83,0.63581181,0.23805524
MOL_84,0.68403351,0.19214945
MOL_85,0.62280279,0.15701935
MOL_86,0.63531882,0.19237204
MOL_87,0.56918049,0.14202534
MOL_88,0.74273247,0.21391806
MOL_89,0.67102838,0.17792688
MOL_90,0.69310683,0.15785611
MOL_91,0.78747135,0.26508227
MOL_92,0.60556018,0.18319935
MOL_93,0.67615265,0.19051298
MOL_94,0.63633418,0.17917858
MOL_95,0.59725970,0.13058218
MOL_96,0.67846352,0.19255897
MOL_97,0.68403769,0.17035997
MOL_98,0.72398561,0.20831199
MOL_99,0.63981837,0.16159423
MOL_100,0.65850252,0.16324356
MOL_101,0.64676493,0.25751409
MOL_102,0.66906816,0.17685153
MOL_103,0.62948996,0.15352285
MOL_104,0.66546822,0.19172302
MOL_105,0.68706137,0.18353620
MOL_106,0.59575516,0.23966169
MOL_107,0.64769799,0.16570379
MOL_108,0.64353889,0.19581963
MOL_109,0.64755303,0.17756346
MOL_110,0.69569832,0.17866212
MOL_111,0.72803676,0.21372949
MOL_112,0.64941949,0.16269627
MOL_113,0.74909031,0.20321825
MOL_114,0.66185540,0.18878543
MOL_115,0.62663668,0.15681489
MOL_116,0.72754157,0.18590519
MOL_117,0.62846112,0.17517397
MOL_118,0.76283002,0.22085476
MOL_119,0.69260573,0.19386527
MOL_120,0.66322875,0.15799025
MOL_121,0.67323244,0.19171660
MOL_122,0.67918003,0.19185579
MOL_123,0.72674197,0.20638280
MOL_124,0.57894403,0.16154042
MOL_125,0.64739496,0.18105164
MOL_126,0.67700440,0.19031003
MOL_127,0.61970395,0.18184265
MOL_128,0.64990443,0.16652943
MOL_129,0.76046759,0.21656862
MOL_130,0.62912571,0.16493925
MOL_131,0.62894070,0.17019771
MOL_132,0.73785698,0.21131927
MOL_133,0.66429728,0.19751409
MOL_134,0.61844176,0.23492204
MOL_135,0.65050471,0.18195570
MOL_136,0.61245030,0.16164075
MOL_137,0.65213406,0.18424676
MOL_138,0.69172257,0.18508412
MOL_139,0.66782194,0.17484358
MOL_140,0.59518093,0.16099757
MOL_141,0.68321961,0.19792047
MOL_142,0.72427022,0.20760329
MOL_143,0.62969893,0.19391404
MOL_144,0.69837916,0.19648221
MOL_145,0.64877975,0.17177725
MOL_146,0.65462929,0.18442337
MOL_147,0.65110248,0.16331147
MOL_148,0.73481566,0.20530264
MOL_149,0.64568508,0.17627896
MOL_150,0.68227524,0.18541798
MOL_151,0.60503393,0.18693700
MOL_152,0.60215884,0.17451157
MOL_153,0.70895916,0.19759664
MOL_154,0.70407063,0.21480201
MOL_155,0.70719683,0.21088479
MOL_156,0.68298197,0.16628283
MOL_157,0.74536514,0.21141285
MOL_158,0.65804076,0.31393576
MOL_159,0.68595654,0.17207460
MOL_160,0.70112681,0.19313861
MOL_161,0.69352108,0.21445195
MOL_162,0.63004404,0.15963322
MOL_163,0.72678947,0.18468969
MOL_164,0.77294153,0.23251794
MOL_165,0.75000149,0.20019072
MOL_166,0.64851886,0.19833173
MOL_167,0.65405124,0.16983455
MOL_168,0.72849679,0.20311621
MOL_169,0.67550689,0.19607611
MOL_170,0.62438691,0.16791341
MOL_171,0.55281204,0.17563814
MOL_172,0.57151741,0.16140619
MOL_173,0.55308157,0.11403296
MOL_174,0.56936514,0.15783064
MOL_175,0.67519277,0.17983900
MOL_176,0.66886050,0.20791322
MOL_177,0.64156735,0.15165512
MOL_178,0.67852217,0.20283034
MOL_179,0.65060443,0.18609767
MOL_180,0.59365499,0.23136872
MOL_181,0.60665423,0.17356373
MOL_182,0.69874346,0.19935034
MOL_183,0.69626051,0.18167455
MOL_184,0.65486223,0.19436409
MOL_185,0.71323895,0.19440587
MOL_186,0.67483109,0.20994975
MOL_187,0.77134037,0.22146457
MOL_188,0.72529054,0.20483373
MOL_189,0.70332569,0.20923604
MOL_190,0.76144677,0.23301202
MOL_191,0.72772467,0.19250193
MOL_192,0.76324379,0.20633167
MOL_193,0.68306571,0.18696459
MOL_194,0.73079664,0.20523803
MOL_195,0.55486095,0.16921417
MOL_196,0.65139455,0.19057795
MOL_197,0.60046148,0.17478237
MOL_198,0.51604605,0.23455757
MOL_199,0.64203602,0.16257764
MOL_200,0.66479856,0.18509288
MOL_201,0.64374757,0.18751040
MOL_202,0.65983146,0.17821093
MOL_203,0.67303032,0.17113881
MOL_204,0.71671671,0.22953007
MOL_205,0.69962990,0.20098646
MOL_206,0.62444121,0.18929923
MOL_207,0.72139078,0.19053704
MOL_208,0.69155687,0.20768096
MOL_209,0.63938820,0.18245935
MOL_210,0.67064273,0.17642470
MOL_211,0.63360804,0.23516425
MOL_212,0.68795079,0.19717270
MOL_213,0.76390553,0.26174894
MOL_214,0.72525424,0.22230525
MOL_215,0.61671591,0.16834700
MOL_216,0.66147465,0.17468557
MOL_217,0.78378665,0.22686566
MOL_218,0.65923244,0.19032539
MOL_219,0.65485597,0.15464124
MOL_220,0.68285489,0.18862215
MOL_221,0.67030746,0.19384256
MOL_222,0.77616787,0.23605189
MOL_223,0.66017097,0.18097855
MOL_224,0.72450256,0.19118193
MOL_225,0.65822506,0.20833831
MOL_226,0.63243097,0.17400613
MOL_227,0.69281316,0.19145881
MOL_228,0.65737247,0.19432642
MOL_229,0.70113432,0.19278897
MOL_230,0.72516543,0.28518853
MOL_231,0.76311255,0.20421873
MOL_232,0.68781012,0.19069736
MOL_233,0.66257334,0.18625030
MOL_234,0.64452630,0.16441801
MOL_235,0.66663724,0.17747714
MOL_236,0.67099661,0.17888609
MOL_237,0.69907498,0.21678294
MOL_238,0.59999734,0.14991896
MOL_239,0.71295762,0.22869775
MOL_240,0.60634208,0.15964398
MOL_241,0.60029316,0.13892969
MOL_242,0.63143349,0.16704135
MOL_243,0.66957754,0.25247848
MOL_244,0.54516482,0.10919192
MOL_245,0.61245334,0.16683285
MOL_246,0.64597642,0.18234731
MOL_247,0.68222374,0.20169088
MOL_248,0.68065917,0.19692394
MOL_249,0.63230395,0.18651269
MOL_250,0.65362000,0.17087464
MOL_251,0.66358668,0.21505460
MOL_252,0.40434790,0.11556093
MOL_253,0.58188635,0.17304060
MOL_254,0.71894670,0.20425001
MOL_255,0.67310917,0.19327314
MOL_256,0.69540524,0.15717275
MOL_257,0.66978192,0.21686514
MOL_258,0.61812246,0.17061287
MOL_259,0.76430863,0.22973569
MOL_260,0.62195307,0.13507755
MOL_261,0.54632926,0.13522249
MOL_262,0.66369539,0.18225650
MOL_263,0.64673173,0.16360582
MOL_264,0.67558855,0.16515914
MOL_265,0.68740928,0.18710390
MOL_266,0.63718665,0.18266828
MOL_267,0.57770103,0.14091985
MOL_268,0.65677744,0.18538007
MOL_269,0.76995307,0.19965182
MOL_270,0.68055934,0.21960875
MOL_271,0.65619087,0.17638172
MOL_272,0.68477297,0.20418347
MOL_273,0.61593962,0.13758701
MOL_274,0.69051301,0.17519704
MOL_275,0.72234553,0.17617041
MOL_276,0.63645273,0.16517100
MOL_277,0.65899163,0.16627592
MOL_278,0.69169176,0.20499013
MOL_279,0.73141640,0.18312085
MOL_280,0.34750831,0.09891855
MOL_281,0.67547202,0.18843867
MOL_282,0.70904779,0.20497003
MOL_283,0.53520876,0.11792061
MOL_284,0.72013259,0.20914997
MOL_285,0.70715123,0.18824962
MOL_286,0.66533774,0.20423847
MOL_287,0.67664462,0.17973639
MOL_288,0.58969408,0.16474669
MOL_289,0.72082293,0.20262574
MOL_290,0.74147671,0.20283997
MOL_291,0.54987943,0.07984850
MOL_292,0.66155082,0.18045193
MOL_293,0.67972606,0.17653498
MOL_294,0.69283432,0.16824529
MOL_295,0.73306251,0.22794504
MOL_296,0.66764599,0.17071980
MOL_297,0.66261071,0.18589674
MOL_298,0.60729110,0.15939911
MOL_299,0.51985168,0.14401580
MOL_300,0.60266888,0.16757917
MOL_301,0.63891637,0.18833953
MOL_302,0.57850212,0.15992454
MOL_303,0.71692324,0.18413256
MOL_304,0.68756807,0.20384225
MOL_305,0.72348982,0.20111184
MOL_306,0.69219911,0.21963044
MOL_307,0.69897741,0.19937418
MOL_308,0.71978450,0.19156270
MOL_309,0.64226562,0.16224986
MOL_310,0.66059542,0.19761685
MOL_311,0.60389507,0.17418225
MOL_312,0.67647880,0.19303042
MOL_313,0.69239992,0.18592645
MOL_314,0.70384246,0.21071482
MOL_315,0.72049183,0.19836740
MOL_316,0.72592854,0.20364124
MOL_317,0.67592520,0.18046911
MOL_318,0.74849856,0.22049513
MOL_319,0.67335230,0.20917501
MOL_320,0.72015542,0.18893126
MOL_321,0.58673716,0.15832202
MOL_322,0.71424139,0.20848574
MOL_323,0.69182026,0.19990352
MOL_324,0.65542209,0.19738947
MOL_325,0.66756576,0.17759913
MOL_326,0.69646162,0.19497490
MOL_327,0.66772670,0.18275818
MOL_328,0.62937671,0.19487411
MOL_329,0.75412351,0.21043208
MOL_330,0.65473992,0.14430054
MOL_331,0.63763887,0.17725402
MOL_332,0.74156028,0.18481457
MOL_333,0.69789374,0.16436361
MOL_334,0.59953421,0.14973639
MOL_335,0.70398307,0.22156855
MOL_336,0.45202339,0.14721763
MOL_337,0.61386746,0.14970636
MOL_338,0.72753751,0.18813276
MOL_339,0.67898619,0.18295379
MOL_340,0.67737812,0.18716751
MOL_341,0.68291557,0.25100878
MOL_342,0.61455405,0.13569692
MOL_343,0.60953486,0.25483906
MOL_344,0.65471691,0.17610136
MOL_345,0.57901418,0.15198395
MOL_346,0.65780884,0.17888035
MOL_347,0.56097025,0.20150520
MOL_348,0.67804760,0.20145339
MOL_349,0.59493464,0.15437758
MOL_350,0.66039944,0.16863528
MOL_351,0.68117142,0.21911561
MOL_352,0.61976117,0.16768794
MOL_353,0.66935021,0.18416843
MOL_354,0.55844527,0.12923996
MOL_355,0.65574539,0.18959244
MOL_356,0.65641326,0.16040979
MOL_357,0.72430348,0.22113885
MOL_358,0.72703224,0.25938138
MOL_359,0.43797362,0.11737692
MOL_360,0.66806519,0.19391632
MOL_361,0.62423134,0.17046359
MOL_362,0.70768321,0.21304727
MOL_363,0.68338466,0.19596779
MOL_364,0.59952599,0.17247011
MOL_365,0.72476119,0.19509220
MOL_366,0.66784924,0.20537823
MOL_367,0.71120745,0.18654011
MOL_368,0.68019301,0.17716350
MOL_369,0.68666804,0.20515426
MOL_370,0.61197633,0.16648936
MOL_371,0.62020189,0.17489313
MOL_372,0.56639612,0.14390257
MOL_373,0.76167846,0.20736158
MOL_374,0.71841526,0.21585740
MOL_375,0.67365772,0.18137261
MOL_376,0.60490602,0.22084066
MOL_377,0.73930365,0.19911368
MOL_378,0.57273376,0.12178308
MOL_379,0.57668787,0.13096823
MOL_380,0.67767513,0.18604369
MOL_381,0.66966939,0.19567581
MOL_382,0.65550894,0.15510592
MOL_383,0.47092721,0.08115061
MOL_384,0.67288131,0.19762394
MOL_385,0.67285752,0.16721216
MOL_386,0.66579515,0.18411164
MOL_387,0.62819099,0.25099128
MOL_388,0.72807908,0.20597744
MOL_389,0.65250617,0.18898188
MOL_390,0.72103137,0.21836759
MOL_391,0.71246243,0.20529492
MOL_392,0.69181472,0.18241908
MOL_393,0.62926781,0.19686931
MOL_394,0.62515372,0.15809022
MOL_395,0.70235533,0.20078897
MOL_396,0.59934819,0.18245423
MOL_397,0.62018204,0.17273360
MOL_398,0.58228016,0.25433540
MOL_399,0.66974992,0.16360481
MOL_400,0.66164351,0.14922151
MOL_401,0.63587689,0.18677627
MOL_402,0.66099817,0.17184509
MOL_403,0.68019718,0.16795753
MOL_404,0.72524500,0.17574251
MOL_405,0.48817232,0.17691788
MOL_406,0.69573116,0.18308386
MOL_407,0.63418847,0.16920093
MOL_408,0.71065360,0.19366246
MOL_409,0.70150143,0.19275759
MOL_410,0.55552620,0.24127991
MOL_411,0.69188988,0.18932764
MOL_412,0.68668395,0.22796842
MOL_413,0.70431519,0.21200395
MOL_414,0.60906041,0.16232167
MOL_415,0.65207756,0.19127066
MOL_416,0.67747247,0.19295551
MOL_417,0.69255733,0.17829807
MOL_418,0.66027594,0.19246493
MOL_419,0.67100400,0.16869760
MOL_420,0.63666332,0.16879882
MOL_421,0.67654735,0.19453572
MOL_422,0.69858623,0.19284889
MOL_423,0.51135975,0.08639763
MOL_424,0.69285983,0.18812577
MOL_425,0.72889453,0.19604315
MOL_426,0.66190916,0.16766727
MOL_427,0.72275251,0.19831462
MOL_428,0.67102438,0.19534056
MOL_429,0.71067667,0.19109029
MOL_430,0.58271152,0.19659120
MOL_431,0.67335618,0.17596757
MOL_432,0.67934859,0.19559763
MOL_433,0.68931538,0.19130658
MOL_434,0.69173944,0.19019684
MOL_435,0.65275973,0.17559624
MOL_436,0.75530595,0.23656599
MOL_437,0.70520467,0.21193479
MOL_438,0.65553260,0.19258627
MOL_439,0.73226476,0.19213615
MOL_440,0.71373576,0.21154980
MOL_441,0.65887856,0.19219819
MOL_442,0.65059501,0.17069018
MOL_443,0.66254175,0.20042503
MOL_444,0.62027037,0.16469428
MOL_445,0.72880304,0.19324990
MOL_446,0.77908981,0.23590650
MOL_447,0.71327984,0.17909092
MOL_448,0.61247635,0.21885656
MOL_449,0.67464888,0.17406820
MOL_450,0.76028860,0.23046680
MOL_451,0.66871244,0.19362289
MOL_452,0.43675044,0.08881539
MOL_453,0.62556726,0.15977150
MOL_454,0.55993211,0.13503088
MOL_455,0.64631790,0.15063539
MOL_456,0.64768589,0.16455527
MOL_457,0.63942450,0.19181612
MOL_458,0.69672573,0.19904631
MOL_459,0.69976676,0.18626437
MOL_460,0.66313142,0.17901000
MOL_461,0.70520371,0.17074570
MOL_462,0.65840089,0.18031195
MOL_463,0.66367215,0.23101605
MOL_464,0.73193812,0.21466208
MOL_465,0.55670416,0.13655852
MOL_466,0.64873666,0.16932353
MOL_467,0.59938765,0.15030064
MOL_468,0.63222170,0.16523418
MOL_469,0.69516814,0.20303565
MOL_470,0.75035733,0.21186872
MOL_471,0.65308625,0.18012400
MOL_472,0.68620116,0.17374185
MOL_473,0.70951962,0.19906595
MOL_474,0.71334630,0.20306334
MOL_475,0.71770114,0.19300967
MOL_476,0.59483725,0.15617371
MOL_477,0.80005842,0.27098906
MOL_478,0.65079868,0.17543747
MOL_479,0.69812024,0.20993732
MOL_480,0.67534953,0.14505874
MOL_481,0.66438055,0.17807713
MOL_482,0.65847331,0.17811480
MOL_483,0.66827106,0.16673820
MOL_484,0.74532729,0.18996662
MOL_485,0.61874646,0.17907903
MOL_486,0.56220436,0.14371978
MOL_487,0.63423228,0.18617012
MOL_488,0.74697632,0.19835210
MOL_489,0.71074784,0.21421778
MOL_490,0.67538708,0.16884132
MOL_491,0.63980240,0.17217292
MOL_492,0.72001660,0.20693503
MOL_493,0.72081554,0.19927809
MOL_494,0.73473585,0.20043799
MOL_495,0.67479318,0.19086371
MOL_496,0.67828077,0.19435160
MOL_497,0.64978653,0.18505611
MOL_498,0.70388544,0.21173374
MOL_499,0.68802691,0.18686780
MOL_500,0.54510152,0.17306709
MOL_501,0.71407890,0.20145133
MOL_502,0.64137536,0.16593359
MOL_503,0.49978936,0.14093579
MOL_504,0.60741138,0.16970719
MOL_505,0.70706594,0.18581359
MOL_506,0.68170071,0.21387538
MOL_507,0.59878778,0.16256090
MOL_508,0.63263464,0.21358299
MOL_509,0.62101829,0.17379594
MOL_510,0.76758373,0.22231342
MOL_511,0.76090783,0.22650753
MOL_512,0.56897509,0.16565716
MOL_513,0.67358506,0.16342053
MOL_514,0.66284603,0.18123175
MOL_515,0.73703271,0.18740396
MOL_516,0.78074706,0.22379029
MOL_517,0.65719020,0.17574127
MOL_518,0.77888101,0.22223185
MOL_519,0.69094902,0.16614130
MOL_520,0.68778759,0.18640977
MOL_521,0.68425560,0.21272637
MOL_522,0.70639509,0.17121565
MOL_523,0.70009321,0.20691459
MOL_524,0.72567230,0.22070770
MOL_525,0.71866393,0.19240950
MOL_526,0.65185833,0.17647968
MOL_527,0.59235179,0.14631793
MOL_528,0.74835557,0.21774803
MOL_529,0.69768894,0.19047572
MOL_530,0.66421646,0.17471667
MOL_531,0.60155314,0.15398334
MOL_532,0.64287210,0.21338885
MOL_533,0.60329175,0.20297746
MOL_534,0.66270661,0.16576056
MOL_535,0.60965645,0.17562172
MOL_536,0.64960784,0.14931794
MOL_537,0.65217119,0.17070459
MOL_538,0.68017268,0.20538019
MOL_539,0.75409758,0.22666503
MOL_540,0.61224788,0.20516093
MOL_541,0.77710193,0.25376874
MOL_542,0.69894415,0.19319278
MOL_543,0.64392370,0.19429742
MOL_544,0.72294158,0.18578611
MOL_545,0.62168795,0.18107784
MOL_546,0.66444880,0.16690946
MOL_547,0.72084725,0.20663798
MOL_548,0.72782016,0.23628855
MOL_549,0.67393297,0.18025424
MOL_550,0.73011166,0.21340951
MOL_551,0.67560524,0.19630066
MOL_552,0.68460703,0.18687809
MOL_553,0.69743711,0.16988909
MOL_554,0.59508818,0.15195630
MOL_555,0.71164757,0.18657649
MOL_556,0.68173337,0.19605681
MOL_557,0.64239222,0.19128497
MOL_558,0.70119423,0.22362320
MOL_559,0.67611170,0.17321630
MOL_560,0.60727358,0.15225014
MOL_561,0.56418645,0.19406082
MOL_562,0.65554011,0.16615561
MOL_563,0.65700954,0.18592498
MOL_564,0.55061746,0.18615469
MOL_565,0.75613731,0.19904470
MOL_566,0.62765396,0.14635938
MOL_567,0.65223497,0.22600840
MOL_568,0.71465039,0.21617775
MOL_569,0.63057119,0.17043220
MOL_570,0.68204105,0.18126261
MOL_571,0.68755996,0.18848060
MOL_572,0.65644902,0.18718873
MOL_573,0.64615160,0.17390409
MOL_574,0.85860449,0.27559873
MOL_575,0.66650212,0.16979842
MOL_576,0.66913688,0.17898729
MOL_577,0.62268078,0.19277981
MOL_578,0.69628841,0.19115399
MOL_579,0.72622889,0.18092467
MOL_580,0.64062488,0.17676762
MOL_581,0.68820089,0.20934778
MOL_582,0.60978085,0.17702590
MOL_583,0.72634053,0.22840977
MOL_584,0.72731155,0.20921314
MOL_585,0.59699732,0.17147470
MOL_586,0.70395416,0.19767173
MOL_587,0.60097384,0.21694542
MOL_588,0.62945473,0.16023041
MOL_589,0.30325222,0.06021464
MOL_590,0.72154546,0.18543221
MOL_591,0.65221179,0.19794922
MOL_592,0.71223950,0.19728908
MOL_593,0.59791112,0.19902159
MOL_594,0.67523926,0.21893564
MOL_595,0.66292828,0.18224815
MOL_596,0.62172568,0.16118522
MOL_597,0.59530300,0.16350184
MOL_598,0.69543689,0.19102359
MOL_599,0.51744419,0.19299969
MOL_600,0.62578714,0.18064882
MOL_601,0.74336511,0.22825216
MOL_602,0.60559738,0.14916751
MOL_603,0.67785603,0.19424345
MOL_604,0.48222503,0.18030517
MOL_605,0.67211610,0.17959312
MOL_606,0.68618989,0.17038196
MOL_607,0.60610068,0.23794170
MOL_608,0.65417922,0.14107980
MOL_609,0.67356110,0.14583589
MOL_610,0.52944225,0.23960309
MOL_611,0.70439517,0.20455900
MOL_612,0.65073955,0.18630685
MOL_613,0.74153227,0.19925164
MOL_614,0.62098300,0.14939855
MOL_615,0.66442353,0.19089007
MOL_616,0.68368250,0.17638403
MOL_617,0.61484110,0.18969841
MOL_618,0.64131582,0.17558126
MOL_619,0.76263660,0.24486251
MOL_620,0.70669383,0.20698936
MOL_621,0.61230916,0.16501708
MOL_622,0.60299510,0.16090231
MOL_623,0.72455531,0.20937109
MOL_624,0.76917386,0.22953606
MOL_625,0.71603841,0.21525407
MOL_626,0.70702517,0.18531722
MOL_627,0.60782582,0.23465618
MOL_628,0.63249362,0.15320425
MOL_629,0.68214470,0.20025396
MOL_630,0.57543558,0.14417544
MOL_631,0.74216372,0.18082398
MOL_632,0.66966170,0.20320031
MOL_633,0.74393386,0.19857152
MOL_634,0.69640094,0.19584325
MOL_635,0.61922926,0.16939770
MOL_636,0.68759388,0.17103118
MOL_637,0.67290610,0.18398416
MOL_638,0.67715377,0.17779413
MOL_639,0.71436596,0.22030656
MOL_640,0.63516313,0.20881432
MOL_641,0.69270545,0.19647089
MOL_642,0.76227981,0.21846181
MOL_643,0.65635556,0.17208354
MOL_644,0.63384467,0.17050400
MOL_645,0.69810587,0.21805845
MOL_646,0.73869944,0.19816104
MOL_647,0.50693512,0.19456013
MOL_648,0.66461140,0.19204721
MOL_649,0.59006429,0.15675335
MOL_650,0.64006686,0.18278886
MOL_651,0.65671974,0.17616741
MOL_652,0.68268353,0.17750067
MOL_653,0.67504400,0.18180901
MOL_654,0.44407719,0.11985921
MOL_655,0.64855665,0.17777301
MOL_656,0.64480150,0.17315438
MOL_657,0.62700039,0.18092024
MOL_658,0.68277091,0.18292835
MOL_659,0.73664534,0.22389705
MOL_660,0.51739681,0.15288532
MOL_661,0.69126052,0.18618371
MOL_662,0.63754457,0.22047481
MOL_663,0.53563964,0.18629324
MOL_664,0.68112916,0.20677492
MOL_665,0.70210028,0.20544349
MOL_666,0.52750844,0.05351796
MOL_667,0.66180742,0.17738812
MOL_668,0.68773293,0.17567611
MOL_669,0.71391714,0.17560941
MOL_670,0.71230614,0.19783914
MOL_671,0.66285992,0.22780508
MOL_672,0.71027839,0.21222839
MOL_673,0.65621841,0.16273031
MOL_674,0.73860043,0.22182842
MOL_675,0.65346700,0.18783818
MOL_676,0.75494999,0.21375601
MOL_677,0.64899355,0.16945505
MOL_678,0.69159091,0.17290083
MOL_679,0.60697037,0.17058717
MOL_680,0.67015541,0.19670729
MOL_681,0.70234901,0.27886289
MOL_682,0.72515392,0.18106349
MOL_683,0.66532815,0.15770073
MOL_684,0.61057317,0.20937201
MOL_685,0.70521671,0.17480473
MOL_686,0.63188344,0.15703523
MOL_687,0.59961390,0.16213648
MOL_688,0.61061943,0.17889450
MOL_689,0.68567175,0.19041564
MOL_690,0.55249631,0.16441372
MOL_691,0.62156093,0.18449648
MOL_692,0.68415862,0.19618237
MOL_693,0.69207251,0.19040255
MOL_694,0.63875502,0.19390196
MOL_695,0.61109859,0.22112368
MOL_696,0.66007602,0.26285225
MOL_697,0.67193121,0.19236565
MOL_698,0.63331705,0.17892186
MOL_699,0.63366163,0.19694734
MOL_700,0.51546168,0.22424500
MOL_701,0.68076897,0.20368314
MOL_702,0.66566086,0.17238012
MOL_703,0.73125941,0.23821299
MOL_704,0.64820254,0.16613661
MOL_705,0.64068866,0.18434717
MOL_706,0.67329824,0.19726682
MOL_707,0.77640265,0.21034089
MOL_708,0.56987029,0.19174357
MOL_709,0.60666597,0.17593899
MOL_710,0.70818847,0.20396465
MOL_711,0.77833128,0.21614607
MOL_712,0.67055255,0.16860348
MOL_713,0.73726720,0.19444156
MOL_714,0.56074804,0.22859545
MOL_715,0.68767345,0.20382549
MOL_716,0.72417349,0.20378572
MOL_717,0.65140611,0.18921460
MOL_718,0.68771797,0.18017824
MOL_719,0.65632772,0.19506116
MOL_720,0.67262793,0.18624614
MOL_721,0.74722385,0.21455182
MOL_722,0.67862576,0.20719267
MOL_723,0.65450776,0.14971866
MOL_724,0.61048323,0.18440293
MOL_725,0.70265979,0.19446111
MOL_726,0.66922891,0.21114801
MOL_727,0.67187256,0.17961022
MOL_728,0.63977873,0.18179420
MOL_729,0.61989826,0.14123826
MOL_730,0.59087294,0.17300995
MOL_731,0.68626451,0.20375021
MOL_732,0.67869270,0.18080418
MOL_733,0.69974047,0.18385035
MOL_734,0.67431164,0.17502494
MOL_735,0.64160734,0.17936349
MOL_736,0.61050844,0.15970048
MOL_737,0.65394467,0.18414012
MOL_738,0.69916582,0.19574918
MOL_739,0.62871736,0.18478402
MOL_740,0.61966711,0.17238076
MOL_741,0.68268353,0.19982153
MOL_742,0.75094974,0.20473707
MOL_743,0.73744196,0.18134783
MOL_744,0.68906504,0.20773657
MOL_745,0.70475286,0.21198468
MOL_746,0.65613097,0.18112947
MOL_747,0.68798518,0.16429469
MOL_748,0.60613120,0.16902760
MOL_749,0.75503892,0.21542442
MOL_750,0.64978129,0.16566101
MOL_751,0.66559547,0.15801086
MOL_752,0.64927936,0.17061126
MOL_753,0.65873069,0.18333115
MOL_754,0.65677398,0.18226951
MOL_755,0.64044505,0.16942804
MOL_756,0.62781119,0.16352460
MOL_757,0.62418008,0.20172460
MOL_758,0.70811850,0.21981055
MOL_759,0.76812911,0.22858144
MOL_760,0.72127908,0.15827736
MOL_761,0.58437341,0.14903779
MOL_762,0.68938184,0.20457454
MOL_763,0.64283705,0.19396813
MOL_764,0.75603181,0.21416593
MOL_765,0.63084608,0.16193144
MOL_766,0.67999285,0.21350197
MOL_767,0.60151863,0.15467544
MOL_768,0.67097914,0.19563983
MOL_769,0.75458837,0.23731327
MOL_770,0.71747893,0.19824082
MOL_771,0.63945186,0.18135108
MOL_772,0.61581063,0.13181348
MOL_773,0.58236313,0.15095499
MOL_774,0.67023486,0.16035040
MOL_775,0.60424531,0.18135448
MOL_776,0.62171298,0.15994589
MOL_777,0.74227351,0.20407209
MOL_778,0.59222513,0.15649542
MOL_779,0.67538166,0.18279475
MOL_780,0.63435990,0.20262760
MOL_781,0.69461465,0.21993260
MOL_782,0.70961320,0.20622849
MOL_783,0.67758453,0.16819076
MOL_784,0.70369375,0.20379955
MOL_785,0.66742837,0.23908024
MOL_786,0.69909984,0.22550711
MOL_787,0.57917041,0.16673635
MOL_788,0.70511705,0.19882198
MOL_789,0.76437169,0.21451138
MOL_790,0.65000194,0.18378870
MOL_791,0.65290409,0.18873949
MOL_792,0.64775872,0.15805425
MOL_793,0.67525095,0.24243775
MOL_794,0.66994530,0.18709326
MOL_795,0.71188754,0.19848107
MOL_796,0.75205362,0.20239238
MOL_797,0.66528791,0.18804528
MOL_798,0.62604713,0.17560758
MOL_799,0.55409819,0.11586059
MOL_800,0.61459661,0.17671724
MOL_801,0.63910216,0.20453471
MOL_802,0.75346935,0.21886076
MOL_803,0.47933394,0.20411678
MOL_804,0.65401405,0.16741161
MOL_805,0.66320509,0.20527901
MOL_806,0.71388596,0.20327622
MOL_807,0.69541335,0.22172610
MOL_808,0.70760000,0.20094642
MOL_809,0.64325798,0.21866830
MOL_810,0.60042053,0.15952928
MOL_811,0.68008024,0.18209448
MOL_812,0.57116604,0.16223601
MOL_813,0.71668893,0.19739692
MOL_814,0.65937966,0.16313308
MOL_815,0.64132214,0.18337877
MOL_816,0.70179075,0.18713920
MOL_817,0.70460045,0.20971633
MOL_818,0.73022848,0.18761998
MOL_819,0.67591065,0.21429253
MOL_820,0.59772861,0.16647100
MOL_821,0.61403829,0.15170762
MOL_822,0.68363345,0.19605669
MOL_823,0.61528546,0.16676952
MOL_824,0.53111351,0.13971893
MOL_825,0.76049751,0.21835655
MOL_826,0.56272805,0.15403077
MOL_827,0.67201644,0.14882860
MOL_828,0.63106686,0.16384003
MOL_829,0.66582245,0.16366708
MOL_830,0.72253829,0.18845499
MOL_831,0.72513598,0.20172104
MOL_832,0.65344721,0.19242960
MOL_833,0.61401528,0.24553795
MOL_834,0.68616730,0.18460718
MOL_835,0.67289263,0.18286653
MOL_836,0.74425101,0.20836028
MOL_837,0.74117041,0.21090171
MOL_838,0.62505561,0.17412800
MOL_839,0.66623920,0.16619693
MOL_840,0.72189373,0.20793642
MOL_841,0.65118670,0.17031604
MOL_842,0.60224682,0.14180142
MOL_843,0.63160163,0.15936381
MOL_844,0.64989650,0.18634626
MOL_845,0.66536754,0.15845132
MOL_846,0.71843994,0.19063804
MOL_847,0.66165698,0.18704386
MOL_848,0.73141736,0.19937627
MOL_849,0.67904389,0.19343746
MOL_850,0.70610571,0.19648276
MOL_851,0.74558806,0.22319163
MOL_852,0.63946801,0.18080160
MOL_853,0.66475892,0.17218964
MOL_854,0.67775673,0.18712951
MOL_855,0.73100293,0.19607306
MOL_856,0.64804608,0.20197158
MOL_857,0.75310755,0.20396149
MOL_858,0.63761979,0.23548269
MOL_859,0.64302611,0.17809097
MOL_860,0.59290707,0.17281477
MOL_861,0.75501096,0.23157480
MOL_862,0.76212800,0.21242869
MOL_863,0.61716330,0.16979705
MOL_864,0.63085395,0.14985469
MOL_865,0.66910982,0.19333234
MOL_866,0.65316927,0.18184224
MOL_867,0.69835746,0.18549940
MOL_868,0.64148897,0.23194543
MOL_869,0.68796813,0.17708768
MOL_870,0.61523855,0.22805746
MOL_871,0.64417869,0.19806598
MOL_872,0.73401558,0.22327046
MOL_873,0.64010698,0.22662686
MOL_874,0.70529091,0.20967667
MOL_875,0.66483343,0.17533512
MOL_876,0.76900285,0.21253525
MOL_877,0.69363844,0.17427732
MOL_878,0.67138487,0.20406327
MOL_879,0.55885941,0.12378395
MOL_880,0.72640216,0.19010198
MOL_881,0.70913571,0.22405565
MOL_882,0.77513003,0.22020410
MOL_883,0.54554045,0.11301761
MOL_884,0.66805995,0.18743734
MOL_885,0.65228385,0.19600779
MOL_886,0.69187456,0.19441576
MOL_887,0.59609461,0.15101983
MOL_888,0.64023477,0.16733605
MOL_889,0.57235307,0.13490056
MOL_890,0.55075657,0.11246898
MOL_891,0.62929469,0.18243782
MOL_892,0.69458133,0.19773965
MOL_893,0.67284733,0.16802981
MOL_894,0.67973059,0.19746888
MOL_895,0.71760631,0.19167839
MOL_896,0.67470580,0.20183623
MOL_897,0.65426046,0.17696458
MOL_898,0.69900882,0.17848238
MOL_899,0.74194586,0.19778006
MOL_900,0.62933868,0.16645537
MOL_901,0.65248263,0.18867896
MOL_902,0.73641813,0.19442558
MOL_903,0.60911191,0.14415084
MOL_904,0.68772155,0.17472968
MOL_905,0.70657444,0.18880610
MOL_906,0.71132302,0.17411909
MOL_907,0.70372778,0.19700722
MOL_908,0.73013800,0.18984590
MOL_909,0.66949642,0.20472035
MOL_910,0.85260713,0.24360116
MOL_911,0.71752912,0.18753630
MOL_912,0.66736114,0.16830109
MOL_913,0.51596099,0.13781668
MOL_914,0.60468405,0.15271214
MOL_915,0.72339761,0.18009333
MOL_916,0.69063544,0.18013479
MOL_917,0.59529811,0.15928672
MOL_918,0.70976770,0.20762539
MOL_919,0.72614700,0.18277898
MOL_920,0.60329247,0.16453405
MOL_921,0.70125461,0.17457002
MOL_922,0.72275609,0.21135236
MOL_923,0.77193159,0.20721465
MOL_924,0.75277936,0.20477396
MOL_925,0.67017394,0.17074482
MOL_926,0.70272577,0.28748935
MOL_927,0.62610990,0.14262210
MOL_928,0.57336098,0.12250360
MOL_929,0.68924749,0.19002256
MOL_930,0.72710329,0.21141927
MOL_931,0.61500758,0.16643131
MOL_932,0.76002324,0.19209820
MOL_933,0.71016389,0.21895143
MOL_934,0.70151496,0.20568967
MOL_935,0.68576324,0.19070256
MOL_936,0.78079480,0.20377728
MOL_937,0.69558710,0.23470323
MOL_938,0.52981907,0.11901643
MOL_939,0.52936709,0.21395537
MOL_940,0.70443100,0.18831834
MOL_941,0.59872550,0.14829195
MOL_942,0.60528988,0.16936086
MOL_943,0.66915131,0.19473000
MOL_944,0.71124011,0.20998320
MOL_945,0.73823661,0.22578672
MOL_946,0.69605982,0.20108484
MOL_947,0.58584875,0.18677838
MOL_948,0.67314720,0.19432898
MOL_949,0.68181956,0.20134357
MOL_950,0.74271154,0.18289326
MOL_951,0.68646592,0.20206140
MOL_952,0.67176300,0.21173333
MOL_953,0.31540108,0.09173081
MOL_954,0.60553116,0.18172285
MOL_955,0.64686388,0.16702545
MOL_956,0.72661257,0.19975692
MOL_957,0.73879105,0.19956703
MOL_958,0.60053182,0.13412036
MOL_959,0.73843610,0.20053616
MOL_960,0.58393651,0.16465297
MOL_961,0.62644637,0.17052934
MOL_962,0.66965920,0.17317112
MOL_963,0.68703622,0.19591907
MOL_964,0.75817573,0.22511312
MOL_965,0.73677969,0.21101078
MOL_966,0.69701713,0.17315395
MOL_967,0.66619343,0.17776279
MOL_968,0.69522363,0.17733656
MOL_969,0.67665100,0.25731662
MOL_970,0.63320524,0.16846696
MOL_971,0.67245734,0.23856592
MOL_972,0.43180984,0.05159658
MOL_973,0.64075989,0.16484800
MOL_974,0.65594459,0.19336523
MOL_975,0.66859734,0.19501786
MOL_976,0.69119751,0.17316152
MOL_977,0.58490062,0.19794428
MOL_978,0.74631101,0.21329288
MOL_979,0.67783183,0.18938829
MOL_980,0.69426018,0.19406366
MOL_981,0.61312562,0.13468193
MOL_982,0.62327534,0.17699933
MOL_983,0.72390294,0.19449484
MOL_984,0.53316504,0.12968954
MOL_985,0.72810113,0.19461745
MOL_986,0.67560256,0.19398868
MOL_987,0.69206190,0.18398052
MOL_988,0.72094953,0.17876904
MOL_989,0.70354968,0.19574124
MOL_990,0.68918377,0.20300937
MOL_991,0.66995990,0.16930009
MOL_992,0.63795036,0.15994030
MOL_993,0.67023420,0.19020422
MOL_994,0.68586987,0.19582547
MOL_995,0.62528753,0.16080005
MOL_996,0.53896344,0.12443279
MOL_997,0.68288392,0.20937470
MOL_998,0.64480877,0.22228962
MOL_999,0.68996525,0.21109828
MOL_1000,0.74597263,0.19611506
MOL_1001,0.70642066,0.21117644
MOL_1002,0.58246970,0.16699147
MOL_1003,0.54707336,0.11821063
MOL_1004,0.71446759,0.19905552
MOL_1005,0.77896112,0.21124820
MOL_1006,0.64821333,0.15895408
MOL_1007,0.75606215,0.21289678
MOL_1008,0.71919155,0.19135495
MOL_1009,0.66716450,0.15004003
MOL_1010,0.72197950,0.20741005
MOL_1011,0.75575268,0.22610644
MOL_1012,0.63942039,0.17462493
MOL_1013,0.63370878,0.16766709
MOL_1014,0.67614430,0.19642527
MOL_1015,0.68619639,0.19699055
MOL_1016,0.74357635,0.19020849
MOL_1017,0.59225464,0.18863110
MOL_1018,0.71387959,0.20446652
MOL_1019,0.66824061,0.18849823
MOL_1020,0.73184276,0.21609497
MOL_1021,0.72525650,0.20219213
MOL_1022,0.64990777,0.24859661
MOL_1023,0.70054638,0.20416376
MOL_1024,0.64714587,0.19097136
MOL_1025,0.39537305,0.05998584
MOL_1026,0.78016937,0.33712086
MOL_1027,0.49806628,0.11647189
MOL_1028,0.64129257,0.20001563
MOL_1029,0.66289818,0.21894063
MOL_1030,0.72695345,0.18843617
MOL_1031,0.63593626,0.17052540
MOL_1032,0.71802628,0.21502753
MOL_1033,0.41806433,0.13297799
MOL_1034,0.64899778,0.16725898
MOL_1035,0.63659883,0.17407425
MOL_1036,0.62112129,0.14217742
MOL_1037,0.67885888,0.17330498
MOL_1038,0.66735435,0.18923368
MOL_1039,0.54442936,0.14642312
MOL_1040,0.65809226,0.18322545
MOL_1041,0.67861569,0.18532604
MOL_1042,0.70937163,0.19064985
MOL_1043,0.62983459,0.16865034
MOL_1044,0.67377806,0.17800793
MOL_1045,0.67331207,0.25759044
MOL_1046,0.71657181,0.19371791
MOL_1047,0.55985993,0.06983112
MOL_1048,0.72776860,0.18157527
MOL_1049,0.60620517,0.13991426
MOL_1050,0.71948069,0.18623124
MOL_1051,0.63302732,0.19570135
MOL_1052,0.65410364,0.20390461
MOL_1053,0.68548965,0.17862840
MOL_1054,0.66813904,0.20229082
MOL_1055,0.71442342,0.22236037
MOL_1056,0.68841004,0.20222457
MOL_1057,0.55100673,0.16868132
MOL_1058,0.64595664,0.18342079
MOL_1059,0.57872945,0.13456225
MOL_1060,0.65678847,0.18298145
MOL_1061,0.65799886,0.16368341
MOL_1062,0.68383449,0.17368530
MOL_1063,0.72672296,0.19887179
MOL_1064,0.73727864,0.19483165
MOL_1065,0.61836487,0.17835571
MOL_1066,0.70926756,0.20831756
MOL_1067,0.66600281,0.19676176
MOL_1068,0.59731543,0.14616577
MOL_1069,0.69502008,0.16648330
MOL_1070,0.72134262,0.23547004
MOL_1071,0.69478476,0.20786011
MOL_1072,0.72092319,0.21159075
MOL_1073,0.71541411,0.19456650
MOL_1074,0.70605063,0.18340528
MOL_1075,0.56832439,0.15052783
MOL_1076,0.62830812,0.13893275
MOL_1077,0.69487047,0.18586668
MOL_1078,0.67438734,0.17599146
MOL_1079,0.61629277,0.18799633
MOL_1080,0.59943974,0.15239100
MOL_1081,0.70306814,0.29129341
MOL_1082,0.71287340,0.21405545
MOL_1083,0.68777806,0.19941664
MOL_1084,0.64789742,0.17328565
MOL_1085,0.64416510,0.18025702
MOL_1086,0.65087616,0.18150461
MOL_1087,0.61307877,0.17680480
MOL_1088,0.63549846,0.17699301
MOL_1089,0.63912600,0.18013227
MOL_1090,0.66641939,0.20228884
MOL_1091,0.66585094,0.18406229
MOL_1092,0.67282254,0.19816531
MOL_1093,0.66854513,0.20622401
MOL_1094,0.60669392,0.15133435
MOL_1095,0.65108001,0.20345411
MOL_1096,0.75831699,0.20694527
MOL_1097,0.69585890,0.19155210
MOL_1098,0.72369158,0.23446508
MOL_1099,0.71389461,0.21258524
MOL_1100,0.67948341,0.21258454
MOL_1101,0.63930410,0.19454373
MOL_1102,0.66117948,0.21482195
MOL_1103,0.65809566,0.16515069
MOL_1104,0.77215368,0.21894763
MOL_1105,0.67487961,0.16977732
MOL_1106,0.66473693,0.23966315
MOL_1107,0.69491404,0.21667585
MOL_1108,0.66056836,0.16251501
MOL_1109,0.66783619,0.19181882
MOL_1110,0.69267279,0.19913992
MOL_1111,0.64488369,0.19048916
MOL_1112,0.77175200,0.22338714
MOL_1113,0.73020387,0.20909123
MOL_1114,0.72095966,0.17374621
MOL_1115,0.61254340,0.17061342
MOL_1116,0.69439340,0.19639644
MOL_1117,0.64822966,0.17764461
MOL_1118,0.64199364,0.20152761
MOL_1119,0.65897769,0.23581418
MOL_1120,0.69350892,0.17666322
MOL_1121,0.69324398,0.19077237
MOL_1122,0.74474311,0.21824688
MOL_1123,0.57296604,0.21876638
MOL_1124,0.58737546,0.14026979
MOL_1125,0.70174402,0.20070405
MOL_1126,0.64404869,0.18033352
MOL_1127,0.66647255,0.18024912
MOL_1128,0.71937215,0.18990341
MOL_1129,0.54507393,0.14103544
MOL_1130,0.69510549,0.16722214
MOL_1131,0.73747420,0.20306763
MOL_1132,0.62158555,0.14731045
MOL_1133,0.64271289,0.16579057
MOL_1134,0.68224472,0.17887259
MOL_1135,0.70535058,0.22377865
MOL_1136,0.70036232,0.18120061
MOL_1137,0.73449790,0.13180819
MOL_1138,0.58812052,0.13039947
MOL_1139,0.44752738,0.10832919
MOL_1140,0.69242167,0.19697030
MOL_1141,0.72956300,0.21931978
MOL_1142,0.64503986,0.17380524
MOL_1143,0.63877684,0.19212109
MOL_1144,0.63881308,0.23202884
MOL_1145,0.66535562,0.18100034
MOL_1146,0.65070522,0.16747269
MOL_1147,0.58061641,0.15237591
MOL_1148,0.72816753,0.20577498
MOL_1149,0.67224264,0.19207795
MOL_1150,0.66964668,0.19072580
MOL_1151,0.64285600,0.16555299
MOL_1152,0.65894395,0.18580265
MOL_1153,0.65055251,0.18616207
MOL_1154,0.75519913,0.21390711
MOL_1155,0.66281146,0.16192120
MOL_1156,0.73825222,0.22276668
MOL_1157,0.60399848,0.14014976
MOL_1158,0.67875582,0.19919412
MOL_1159,0.57187021,0.20589232
MOL_1160,0.73816270,0.25025916
MOL_1161,0.60844004,0.18928905
MOL_1162,0.70110291,0.18657759
MOL_1163,0.73454118,0.19637536
MOL_1164,0.74673313,0.22706635
MOL_1165,0.68706393,0.18484509
MOL_1166,0.67673534,0.17904794
MOL_1167,0.66320628,0.17602429
MOL_1168,0.63428050,0.18377945
MOL_1169,0.59891737,0.14829724
MOL_1170,0.55567211,0.13135846
MOL_1171,0.61385942,0.16595943
MOL_1172,0.67125237,0.20100215
MOL_1173,0.67427909,0.19577114
MOL_1174,0.63727129,0.19033720
MOL_1175,0.68759888,0.20544438
MOL_1176,0.62631387,0.17091209
MOL_1177,0.62046570,0.21180277
MOL_1178,0.64349484,0.15764312
MOL_1179,0.62392741,0.14868715
MOL_1180,0.69238007,0.19366385
MOL_1181,0.65174395,0.19186370
MOL_1182,0.66799837,0.17961216
MOL_1183,0.71035415,0.18575072
MOL_1184,0.64377737,0.17226756
MOL_1185,0.66951293,0.15763101
MOL_1186,0.64551687,0.16265394
MOL_1187,0.62544996,0.17192593
MOL_1188,0.66127235,0.17868342
MOL_1189,0.60857141,0.15134110
MOL_1190,0.68197328,0.20462410
MOL_1191,0.67715150,0.18425176
MOL_1192,0.67079479,0.20797177
MOL_1193,0.65767360,0.19356164
MOL_1194,0.69863391,0.18306479
MOL_1195,0.68319041,0.16568480
MOL_1196,0.70619565,0.21500935
MOL_1197,0.69974047,0.18237363
MOL_1198,0.68481034,0.20758356
MOL_1199,0.64383751,0.18290600
MOL_1200,0.60268450,0.15853015
MOL_1201,0.68708748,0.18509375
MOL_1202,0.71382284,0.19380215
MOL_1203,0.67704958,0.20457020
MOL_1204,0.73592156,0.20418715
MOL_1205,0.64180708,0.19040181
MOL_1206,0.67592067,0.21164802
MOL_1207,0.77000737,0.21581551
MOL_1208,0.74422950,0.20347343
MOL_1209,0.64911121,0.17936844
MOL_1210,0.69112116,0.19769518
MOL_1211,0.64843172,0.19409034
MOL_1212,0.75767720,0.18944776
MOL_1213,0.64249885,0.22552843
MOL_1214,0.63643664,0.21366262
MOL_1215,0.70798260,0.19135968
MOL_1216,0.60382307,0.17342865
MOL_1217,0.51347661,0.14986368
MOL_1218,0.72967821,0.22356577
MOL_1219,0.67118120,0.16540536
MOL_1220,0.72045642,0.20730579
MOL_1221,0.49650893,0.07089125
MOL_1222,0.69294935,0.20102738
MOL_1223,0.66437250,0.18792263
MOL_1224,0.68210942,0.18830049
MOL_1225,0.76098317,0.21522468
MOL_1226,0.67342961,0.17776459
MOL_1227,0.74593413,0.22731954
MOL_1228,0.84340662,0.26519284
MOL_1229,0.71346521,0.20292260
MOL_1230,0.71469802,0.19726290
MOL_1231,0.61190826,0.17152256
MOL_1232,0.73359174,0.20219132
MOL_1233,0.64892215,0.18321516
MOL_1234,0.71189833,0.19277370
MOL_1235,0.61758077,0.17881612
MOL_1236,0.60253435,0.15757921
MOL_1237,0.63989490,0.17241289
MOL_1238,0.71031207,0.19556352
MOL_1239,0.67319125,0.17617393
MOL_1240,0.56612819,0.14606440
MOL_1241,0.65990269,0.17069307
MOL_1242,0.63971275,0.16286443
MOL_1243,0.44812429,0.04962424
MOL_1244,0.68258512,0.18126656
MOL_1245,0.74253982,0.22299695
MOL_1246,0.70423228,0.19553219
MOL_1247,0.70138532,0.21457300
MOL_1248,0.74801707,0.20009045
MOL_1249,0.61919284,0.16159672
MOL_1250,0.65119183,0.19369037
MOL_1251,0.63188636,0.17427377
MOL_1252,0.59228259,0.14913774
MOL_1253,0.67900467,0.17982450
MOL_1254,0.70887113,0.19198377
MOL_1255,0.65329784,0.18539867
MOL_1256,0.67902786,0.19423923
MOL_1257,0.64444685,0.18084039
MOL_1258,0.73668426,0.21698295
MOL_1259,0.65929615,0.17944248
MOL_1260,0.76717061,0.22860408
MOL_1261,0.51940620,0.13961136
MOL_1262,0.74338126,0.21596205
MOL_1263,0.63954967,0.18358755
MOL_1264,0.69273865,0.19079623
MOL_1265,0.70285261,0.16969119
MOL_1266,0.51270944,0.12765391
MOL_1267,0.67977214,0.19966471
MOL_1268,0.56079900,0.21356227
MOL_1269,0.59392679,0.15130794
MOL_1270,0.71263760,0.19869748
MOL_1271,0.67166692,0.17003317
MOL_1272,0.60960048,0.16692337
MOL_1273,0.60624635,0.20437437
MOL_1274,0.67962068,0.18813451
MOL_1275,0.69018286,0.20218895
MOL_1276,0.65712398,0.18798077
MOL_1277,0.66053253,0.16832669
MOL_1278,0.67623115,0.21503522
MOL_1279,0.26658198,-0.04999020
MOL_1280,0.53086686,0.13242505
MOL_1281,0.66825157,0.17449389
MOL_1282,0.70567095,0.19514212
MOL_1283,0.68559545,0.19743152
MOL_1284,0.70108819,0.20546155
MOL_1285,0.63365155,0.17406039
MOL_1286,0.61424625,0.18449071
MOL_1287,0.58042032,0.13624890
MOL_1288,0.68677181,0.20168115
MOL_1289,0.74495810,0.17976637
MOL_1290,0.70137584,0.19619168
MOL_1291,0.64859903,0.18683644
MOL_1292,0.75721568,0.21547900
MOL_1293,0.72823840,0.22531895
MOL_1294,0.68403578,0.16492324
MOL_1295,0.71261895,0.17729436
MOL_1296,0.66285968,0.19104171
MOL_1297,0.65724677,0.18860757
MOL_1298,0.62523586,0.19723605
MOL_1299,0.61821645,0.17668508
MOL_1300,0.67251289,0.16696553
MOL_1301,0.65837657,0.19354323
MOL_1302,0.69346976,0.21993488
MOL_1303,0.65109605,0.17602377
MOL_1304,0.44950718,0.09687050
MOL_1305,0.62112862,0.17146468
MOL_1306,0.67589819,0.18312699
MOL_1307,0.63739175,0.16544944
MOL_1308,0.73319697,0.22515376
MOL_1309,0.67446566,0.20105432
MOL_1310,0.72554272,0.18695672
MOL_1311,0.62293601,0.15828569
MOL_1312,0.68531615,0.16812046
MOL_1313,0.68285310,0.21071689
MOL_1314,0.68848705,0.19762501
MOL_1315,0.58897352,0.16196871
MOL_1316,0.66560185,0.16349921
MOL_1317,0.62692922,0.17098986
MOL_1318,0.75050652,0.22957307
MOL_1319,0.65827107,0.19823317
MOL_1320,0.66503471,0.16818966
MOL_1321,0.57014817,0.15242566
MOL_1322,0.68342561,0.20394997
MOL_1323,0.61814559,0.18557635
MOL_1324,0.77025199,0.22049439
MOL_1325,0.60652757,0.16235171
MOL_1326,0.55239880,0.21076587
MOL_1327,0.70581317,0.17209288
MOL_1328,0.65039587,0.14646159
MOL_1329,0.66641772,0.19286993
MOL_1330,0.72008282,0.20619927
MOL_1331,0.74281842,0.21245506
MOL_1332,0.65779132,0.19500400
MOL_1333,0.78884089,0.20776935
MOL_1334,0.70965040,0.18703866
MOL_1335,0.56909651,0.15330493
MOL_1336,0.55983430,0.23595503
MOL_1337,0.69007719,0.18468910
MOL_1338,0.64619690,0.18097572
MOL_1339,0.62464750,0.16841994
MOL_1340,0.58721936,0.13859415
MOL_1341,0.68895751,0.21518290
MOL_1342,0.68027192,0.19789013
MOL_1343,0.64370745,0.20719236
MOL_1344,0.66403008,0.18785825
MOL_1345,0.75823754,0.18965974
MOL_1346,0.67453796,0.16614960
MOL_1347,0.59688324,0.24728304
MOL_1348,0.65829676,0.18446709
MOL_1349,0.67063999,0.18137328
MOL_1350,0.65865803,0.18927634
MOL_1351,0.51245368,0.14915928
MOL_1352,0.69715971,0.19531061
MOL_1353,0.63751596,0.17896897
MOL_1354,0.74032289,0.19400641
MOL_1355,0.65946597,0.16677348
MOL_1356,0.67810994,0.19516787
MOL_1357,0.68554091,0.18265995
MOL_1358,0.58412445,0.14171620
MOL_1359,0.61024016,0.16454826
MOL_1360,0.66999215,0.18335404
MOL_1361,0.68408471,0.19533809
MOL_1362,0.65806544,0.17283092
MOL_1363,0.64433098,0.17978838
MOL_1364,0.54595661,0.14375621
MOL_1365,0.66073054,0.18391585
MOL_1366,0.69967091,0.22836137
MOL_1367,0.63642746,0.17696665
MOL_1368,0.67689234,0.19992855
MOL_1369,0.72521669,0.20780008
MOL_1370,0.73945713,0.19877042
MOL_1371,0.64329159,0.15939042
MOL_1372,0.71479279,0.19768998
MOL_1373,0.71769744,0.18559735
MOL_1374,0.66589648,0.18647176
MOL_1375,0.74397606,0.21177757
MOL_1376,0.63300532,0.21588413
MOL_1377,0.67165881,0.17187564
MOL_1378,0.60805243,0.15689185
MOL_1379,0.67887563,0.18706174
MOL_1380,0.74136037,0.20282818
MOL_1381,0.75616807,0.20745713
MOL_1382,0.68474513,0.19472699
MOL_1383,0.72098774,0.18685387
MOL_1384,0.64721984,0.16880915
MOL_1385,0.65398562,0.18258916
MOL_1386,0.63340360,0.16995308
MOL_1387,0.69726348,0.19319996
MOL_1388,0.65790993,0.17747954
MOL_1389,0.61206228,0.16202950
MOL_1390,0.69642180,0.18782759
MOL_1391,0.74905592,0.19201364
MOL_1392,0.67829317,0.22350754
MOL_1393,0.64574820,0.18889761
MOL_1394,0.68715131,0.19820200
MOL_1395,0.63138551,0.18885623
MOL_1396,0.69428855,0.18389551
MOL_1397,0.69090718,0.19214840
MOL_1398,0.60706687,0.18038234
MOL_1399,0.63559729,0.18518072
MOL_1400,0.69082141,0.18282893
MOL_1401,0.56836760,0.15968792
MOL_1402,0.68423420,0.19949600
MOL_1403,0.69229591,0.21531765
MOL_1404,0.66755128,0.18186124
MOL_1405,0.74137425,0.18554565
MOL_1406,0.66816384,0.17078353
MOL_1407,0.62166262,0.16175012
MOL_1408,0.57952535,0.14748676
MOL_1409,0.74100822,0.20737430
MOL_1410,0.68299043,0.19159326
MOL_1411,0.57714337,0.12444839
MOL_1412,0.54730684,0.14135846
MOL_1413,0.56184012,0.13052240
MOL_1414,0.72247452,0.21459724
MOL_1415,0.66252953,0.17649467
MOL_1416,0.68839669,0.17818394
MOL_1417,0.75429034,0.22209592
MOL_1418,0.59560621,0.18352182
MOL_1419,0.64521497,0.15827356
MOL_1420,0.65097374,0.16002059
MOL_1421,0.59806740,0.14836839
MOL_1422,0.60033262,0.16296311
MOL_1423,0.60242707,0.20355310
MOL_1424,0.68224931,0.17294392
MOL_1425,0.67480826,0.18083812
MOL_1426,0.66860926,0.19482915
MOL_1427,0.74058032,0.19737875
MOL_1428,0.74178159,0.20692697
MOL_1429,0.66548568,0.19718128
MOL_1430,0.68297082,0.18261808
MOL_1431,0.72396821,0.22842433
MOL_1432,0.67896831,0.20241457
MOL_1433,0.67218852,0.19203758
MOL_1434,0.69076002,0.20761329
MOL_1435,0.70898068,0.20626557
MOL_1436,0.60396725,0.14163429
MOL_1437,0.70671868,0.20769952
MOL_1438,0.57853347,0.21249616
MOL_1439,0.59875333,0.16435474
MOL_1440,0.58974183,0.16747506
MOL_1441,0.71601409,0.18818234
MOL_1442,0.71928585,0.20379764
MOL_1443,0.43269524,0.05041492
MOL_1444,0.66156816,0.17737420
MOL_1445,0.63929427,0.15978934
MOL_1446,0.65712386,0.15670349
MOL_1447,0.63747525,0.15686738
MOL_1448,0.67862785,0.19517031
MOL_1449,0.65382832,0.17844945
MOL_1450,0.47289082,0.20753463
MOL_1451,0.68963146,0.20768334
MOL_1452,0.61195856,0.15390156
MOL_1453,0.68676507,0.19966437
MOL_1454,0.68687624,0.19520791
MOL_1455,0.58540559,0.19221945
MOL_1456,0.64978737,0.17460731
MOL_1457,0.63000703,0.16628745
MOL_1458,0.65862942,0.20217647
MOL_1459,0.63161391,0.18023103
MOL_1460,0.64682728,0.18973090
MOL_1461,0.62587303,0.18027617
MOL_1462,0.64490724,0.18421024
MOL_1463,0.65267521,0.20350131
MOL_1464,0.63310492,0.16616228
MOL_1465,0.72343177,0.18518698
MOL_1466,0.59147620,0.16405265
MOL_1467,0.70157307,0.19061127
MOL_1468,0.70884919,0.20082238
MOL_1469,0.67152756,0.20535652
MOL_1470,0.66006410,0.20988248
MOL_1471,0.69481218,0.18695268
MOL_1472,0.64006889,0.18219064
MOL_1473,0.63731712,0.17060851
MOL_1474,0.67428529,0.18776387
MOL_1475,0.70150232,0.20492415
MOL_1476,0.73004735,0.18516482
MOL_1477,0.64440483,0.18942331
MOL_1478,0.66887832,0.18280293
MOL_1479,0.66888833,0.19656183
MOL_1480,0.63058931,0.17010923
MOL_1481,0.64601958,0.15817396
MOL_1482,0.62792939,0.20071910
MOL_1483,0.64293671,0.18378544
MOL_1484,0.59989405,0.21736851
MOL_1485,0.75690854,0.21986589
MOL_1486,0.73607284,0.21229985
MOL_1487,0.66996461,0.14863710
MOL_1488,0.69736594,0.20884322
MOL_1489,0.73171633,0.18966733
MOL_1490,0.47751534,0.17066774
MOL_1491,0.62039429,0.17219380
MOL_1492,0.72682035,0.19951856
MOL_1493,0.63072020,0.15717141
MOL_1494,0.71087462,0.17957994
MOL_1495,0.73749286,0.18477708
MOL_1496,0.65365660,0.17289566
MOL_1497,0.56935018,0.11872851
MOL_1498,0.56417423,0.14779142
MOL_1499,0.64829171,0.19437023
MOL_1500,0.64851552,0.20720388
MOL_1501,0.74258214,0.21158831
MOL_1502,0.69167781,0.17813958
MOL_1503,0.68824607,0.18851328
MOL_1504,0.70966363,0.20678265
MOL_1505,0.63559014,0.18878531
MOL_1506,0.69405925,0.17208758
MOL_1507,0.63774538,0.16481128
MOL_1508,0.41556665,0.06539515
MOL_1509,0.60911000,0.15001273
MOL_1510,0.62022781,0.16482377
MOL_1511,0.53654504,0.15837231
MOL_1512,0.78452468,0.22515132
MOL_1513,0.74691254,0.20796879
MOL_1514,0.71848100,0.20024678
MOL_1515,0.58729887,0.13283539
MOL_1516,0.70549488,0.18166578
MOL_1517,0.68627262,0.21745013
MOL_1518,0.71495903,0.18345663
MOL_1519,0.69595015,0.19652110
MOL_1520,0.68031818,0.15980108
MOL_1521,0.71653038,0.19431937
MOL_1522,0.75320888,0.20595229
MOL_1523,0.67369634,0.17869614
MOL_1524,0.58944565,0.14660604
MOL_1525,0.66290188,0.18643083
MOL_1526,0.69896454,0.20575437
MOL_1527,0.71939862,0.19412252
MOL_1528,0.51497650,0.13210653
MOL_1529,0.65189075,0.16068810
MOL_1530,0.67950368,0.17307201
MOL_1531,0.63091582,0.17896177
MOL_1532,0.65533942,0.18640514
MOL_1533,0.65204024,0.19031820
MOL_1534,0.68241882,0.18120311
MOL_1535,0.70069742,0.19977438
MOL_1536,0.44234458,0.11116528
MOL_1537,0.66862553,0.16668637
MOL_1538,0.73120856,0.20248240
MOL_1539,0.68672955,0.21133859
MOL_1540,0.73883003,0.21895067
MOL_1541,0.64546192,0.18168518
MOL_1542,0.60282642,0.16253757
MOL_1543,0.64389896,0.16654600
MOL_1544,0.66657239,0.16883086
MOL_1545,0.70450979,0.19512640
MOL_1546,0.66200161,0.23629077
MOL_1547,0.68273234,0.18613270
MOL_1548,0.73152071,0.20619211
MOL_1549,0.72278118,0.20460053
MOL_1550,0.56301761,0.13482618
MOL_1551,0.66137695,0.18864208
MOL_1552,0.61908257,0.17069530
MOL_1553,0.67975378,0.19439304
MOL_1554,0.65382516,0.17709260
MOL_1555,0.65170258,0.17191602
MOL_1556,0.57762659,0.14692092
MOL_1557,0.62398005,0.18159196
MOL_1558,0.76095861,0.21325530
MOL_1559,0.65502685,0.17621365
MOL_1560,0.73435652,0.17892140
MOL_1561,0.68819535,0.20242409
MOL_1562,0.68668032,0.17692976
MOL_1563,0.65157485,0.19268653
MOL_1564,0.66725004,0.15425111
MOL_1565,0.70435405,0.19058581
MOL_1566,0.70196551,0.27749175
MOL_1567,0.67233098,0.16128881
MOL_1568,0.62971467,0.19620313
MOL_1569,0.59914857,0.15395890
MOL_1570,0.68413091,0.18333523
MOL_1571,0.64356500,0.18328688
MOL_1572,0.56381863,0.12657283
MOL_1573,0.64244217,0.18923923
MOL_1574,0.64601094,0.17071813
MOL_1575,0.61834693,0.16649717
MOL_1576,0.67848474,0.18805604
MOL_1577,0.76832068,0.19483881
MOL_1578,0.71219170,0.18775450
MOL_1579,0.75834060,0.20659812
MOL_1580,0.61854470,0.19766219
MOL_1581,0.45017675,0.09791064
MOL_1582,0.66631538,0.18301143
MOL_1583,0.69431388,0.17010395
MOL_1584,0.74797106,0.21300079
MOL_1585,0.86402243,0.28622440
MOL_1586,0.63911825,0.16519545
MOL_1587,0.61178875,0.16187271
MOL_1588,0.68277937,0.19112365
MOL_1589,0.64858097,0.21092750
MOL_1590,0.66475874,0.17571418
MOL_1591,0.66122621,0.19137810
MOL_1592,0.68721247,0.20462589
MOL_1593,0.73085719,0.21605714
MOL_1594,0.54705656,0.20993593
MOL_1595,0.66173810,0.16328520
MOL_1596,0.67019457,0.18062575
MOL_1597,0.62726086,0.19198799
MOL_1598,0.68847847,0.17570305
MOL_1599,0.74191284,0.19374049
MOL_1600,0.65080154,0.18619110
MOL_1601,0.74772805,0.18812403
MOL_1602,0.72063732,0.19589159
MOL_1603,0.68253958,0.17148004
MOL_1604,0.67807907,0.18217425
MOL_1605,0.69812143,0.19248705
MOL_1606,0.69444567,0.19896077
MOL_1607,0.58875865,0.15742186
MOL_1608,0.68265903,0.20662905
MOL_1609,0.57543772,0.14716981
MOL_1610,0.65532225,0.16260302
MOL_1611,0.67291296,0.17572859
MOL_1612,0.62291914,0.18020771
MOL_1613,0.56485730,0.13906951
MOL_1614,0.61119217,0.17776364
MOL_1615,0.54345500,0.14808060
MOL_1616,0.63576823,0.16193323
MOL_1617,0.63402712,0.14686354
MOL_1618,0.76428026,0.19966415
MOL_1619,0.69013697,0.17865562
MOL_1620,0.68685138,0.18620349
MOL_1621,0.73130476,0.23000245
MOL_1622,0.63879055,0.20516427
MOL_1623,0.66111368,0.18787768
MOL_1624,0.71959049,0.17304371
MOL_1625,0.64952666,0.18241288
MOL_1626,0.62376106,0.17821576
MOL_1627,0.72163236,0.21110302
MOL_1628,0.65947038,0.20194460
MOL_1629,0.60154611,0.14780951
MOL_1630,0.69811082,0.19090649
MOL_1631,0.65808547,0.15367684
MOL_1632,0.76649189,0.21320426
MOL_1633,0.68189251,0.19735381
MOL_1634,0.70478320,0.17353065
MOL_1635,0.64449775,0.18235268
MOL_1636,0.58296192,0.19726987
MOL_1637,0.72532868,0.21117316
MOL_1638,0.61816210,0.18623553
MOL_1639,0.73167986,0.19842386
MOL_1640,0.66727328,0.24471700
MOL_1641,0.61100924,0.15619782
MOL_1642,0.75454980,0.20448844
MOL_1643,0.63034624,0.19031225
MOL_1644,0.67628175,0.16605581
MOL_1645,0.70829475,0.20269959
MOL_1646,0.63459074,0.16461763
MOL_1647,0.72788596,0.20610046
MOL_1648,0.63356531,0.18884061
MOL_1649,0.72247165,0.19873716
MOL_1650,0.59320885,0.22169699
MOL_1651,0.69549179,0.17866428
MOL_1652,0.66088194,0.18995211
MOL_1653,0.74560797,0.26226661
MOL_1654,0.62967634,0.20112669
MOL_1655,0.59365928,0.14875524
MOL_1656,0.66402632,0.20191114
MOL_1657,0.71080929,0.31011543
MOL_1658,0.43954292,0.07354119
MOL_1659,0.65919340,0.19064099
MOL_1660,0.62425083,0.17890871
MOL_1661,0.64908427,0.17791717
MOL_1662,0.68794864,0.18366173
MOL_1663,0.64477545,0.17539056
MOL_1664,0.71144378,0.16978112
MOL_1665,0.69272661,0.18523975
MOL_1666,0.64787573,0.16527817
MOL_1667,0.62705350,0.16845992
MOL_1668,0.70474070,0.20913908
MOL_1669,0.71199977,0.18489292
MOL_1670,0.68184990,0.19342315
MOL_1671,0.74143851,0.21976013
MOL_1672,0.64971590,0.15778099
MOL_1673,0.64617580,0.17899601
MOL_1674,0.55733216,0.16453710
MOL_1675,0.63440526,0.15831810
MOL_1676,0.66031200,0.18558078
MOL_1677,0.69344354,0.17221776
MOL_1678,0.63538486,0.15961060
MOL_1679,0.74996746,0.20897523
MOL_1680,0.74459934,0.19823100
MOL_1681,0.65899748,0.15754233
MOL_1682,0.68683892,0.18578021
MOL_1683,0.67213285,0.18144079
MOL_1684,0.69286275,0.20348406
MOL_1685,0.76152360,0.21517198
MOL_1686,0.64507020,0.16979316
MOL_1687,0.62695301,0.17521676
MOL_1688,0.73462903,0.21469495
MOL_1689,0.66531575,0.17684068
MOL_1690,0.65854222,0.16368909
MOL_1691,0.65776819,0.17742334
MOL_1692,0.68671119,0.17767504
MOL_1693,0.64917970,0.18961112
MOL_1694,0.67037541,0.18233643
MOL_1695,0.65071350,0.18182436
MOL_1696,0.70686924,0.19998027
MOL_1697,0.71120894,0.21592151
MOL_1698,0.71186560,0.27315655
MOL_1699,0.64850354,0.17526154
MOL_1700,0.64024395,0.24125534
MOL_1701,0.69856882,0.22594903
MOL_1702,0.64078683,0.17331186
MOL_1703,0.57893729,0.14094935
MOL_1704,0.50217652,0.16854639
MOL_1705,0.68120039,0.21001081
MOL_1706,0.67509037,0.18987218
MOL_1707,0.69770104,0.17479683
MOL_1708,0.67797720,0.19315907
MOL_1709,0.70543873,0.22234680
MOL_1710,0.72801864,0.21201435
MOL_1711,0.59480280,0.14334273
MOL_1712,0.50742388,0.09941620
MOL_1713,0.61538428,0.17323391
MOL_1714,0.60356355,0.17650039
MOL_1715,0.73721969,0.19179624
MOL_1716,0.65186405,0.19436002
MOL_1717,0.70000345,0.21140632
MOL_1718,0.63475412,0.19300584
MOL_1719,0.67563558,0.16595918
MOL_1720,0.71946824,0.20364447
MOL_1721,0.70385176,0.20560007
MOL_1722,0.66080582,0.16563500
MOL_1723,0.63368571,0.17860730
MOL_1724,0.75705111,0.21200237
MOL_1725,0.65591925,0.19021490
MOL_1726,0.72814840,0.21560170
MOL_1727,0.72320139,0.20063278
MOL_1728,0.66255677,0.19594005
MOL_1729,0.69228929,0.18632255
MOL_1730,0.60404187,0.15364668
MOL_1731,0.68639916,0.18326989
MOL_1732,0.72777170,0.19827798
MOL_1733,0.72232950,0.18380781
MOL_1734,0.61814964,0.20976532
MOL_1735,0.70079476,0.20240252
MOL_1736,0.67454672,0.20462185
MOL_1737,0.72292304,0.21460386
MOL_1738,0.68340468,0.19330069
MOL_1739,0.71995437,0.20267023
MOL_1740,0.65159333,0.15716878
MOL_1741,0.59567732,0.24672036
MOL_1742,0.55657870,0.13064264
MOL_1743,0.67222565,0.19129653
MOL_1744,0.55719537,0.21865787
MOL_1745,0.72069263,0.18659012
MOL_1746,0.73627096,0.22505315
MOL_1747,0.63260168,0.16240829
MOL_1748,0.68330151,0.19357359
MOL_1749,0.65392607,0.18889129
MOL_1750,0.62020534,0.17220707
MOL_1751,0.61550105,0.18703793
MOL_1752,0.67990035,0.18615323
MOL_1753,0.69255978,0.18331914
MOL_1754,0.58164799,0.16514033
MOL_1755,0.73071736,0.22227241
MOL_1756,0.75458777,0.21624631
MOL_1757,0.69754416,0.20775406
MOL_1758,0.66895688,0.17840807
MOL_1759,0.64939559,0.15244165
MOL_1760,0.66387612,0.20397575
MOL_1761,0.69311428,0.19169280
MOL_1762,0.73951548,0.18812628
MOL_1763,0.69251513,0.29520443
MOL_1764,0.65892881,0.18576266
MOL_1765,0.69145805,0.20824012
MOL_1766,0.58597052,0.16560209
MOL_1767,0.61546028,0.13474196
MOL_1768,0.74206263,0.19457085
MOL_1769,0.56975281,0.16010107
MOL_1770,0.59966242,0.17325594
MOL_1771,0.65792018,0.18839227
MOL_1772,0.81484914,0.25389996
MOL_1773,0.67852515,0.18368077
MOL_1774,0.64587528,0.18709780
MOL_1775,0.65348780,0.19331582
MOL_1776,0.67105860,0.16690148
MOL_1777,0.74636573,0.23923640
MOL_1778,0.60675097,0.19577280
MOL_1779,0.68988055,0.18797843
MOL_1780,0.72419810,0.20195264
MOL_1781,0.59488016,0.14904845
MOL_1782,0.58758187,0.16839603
MOL_1783,0.62676132,0.16147408
MOL_1784,0.66344893,0.17818362
MOL_1785,0.66903901,0.18501273
MOL_1786,0.63249946,0.17477068
MOL_1787,0.66146964,0.18166536
MOL_1788,0.60212821,0.15652396
MOL_1789,0.65814072,0.18905556
MOL_1790,0.69369590,0.20366317
MOL_1791,0.36587200,0.11848237
MOL_1792,0.71207595,0.18430334
MOL_1793,0.65474612,0.25322396
MOL_1794,0.71168458,0.21140395
MOL_1795,0.72187388,0.21123752
MOL_1796,0.69198203,0.20185447
MOL_1797,0.66059357,0.18499726
MOL_1798,0.58021933,0.17316452
MOL_1799,0.69952375,0.21462487
MOL_1800,0.68595672,0.19878328
MOL_1801,0.66268408,0.18365133
MOL_1802,0.77417976,0.19330932
MOL_1803,0.63679641,0.17297977
MOL_1804,0.61305040,0.16710036
MOL_1805,0.56937611,0.13344292
MOL_1806,0.75906485,0.20612721
MOL_1807,0.61661524,0.17668295
MOL_1808,0.72959197,0.21298866
MOL_1809,0.72405857,0.20754519
MOL_1810,0.74603540,0.21274705
MOL_1811,0.60773796,0.16638280
MOL_1812,0.70111471,0.20553547
MOL_1813,0.58693373,0.15146178
MOL_1814,0.72611058,0.20620100
MOL_1815,0.67508352,0.18753293
MOL_1816,0.72978318,0.21823497
MOL_1817,0.77355421,0.20396157
MOL_1818,0.64815652,0.20078205
MOL_1819,0.74088526,0.21293540
MOL_1820,0.52064204,0.19431540
MOL_1821,0.60242361,0.16836204
MOL_1822,0.62746048,0.18476516
MOL_1823,0.63126081,0.15128121
MOL_1824,0.64684492,0.17099701
MOL_1825,0.67998803,0.19301088
MOL_1826,0.62896335,0.18092953
MOL_1827,0.66813970,0.17145179
MOL_1828,0.63001919,0.18494546
MOL_1829,0.70148504,0.21582089
MOL_1830,0.68501842,0.20360196
MOL_1831,0.64595574,0.17299533
MOL_1832,0.69781780,0.17070188
MOL_1833,0.62048721,0.23710375
MOL_1834,0.66095662,0.20683594
MOL_1835,0.64123708,0.19023673
MOL_1836,0.51036710,0.13054785
MOL_1837,0.66581750,0.31124502
MOL_1838,0.70515376,0.19486547
MOL_1839,0.67294556,0.20783219
MOL_1840,0.64357412,0.15907010
MOL_1841,0.71720266,0.19170560
MOL_1842,0.65779960,0.18811736
MOL_1843,0.69039285,0.18281052
MOL_1844,0.67820823,0.18326265
MOL_1845,0.69207144,0.17944114
MOL_1846,0.72697896,0.20489755
MOL_1847,0.67631137,0.16654657
MOL_1848,0.55732208,0.13604605
MOL_1849,0.71028554,0.17694454
MOL_1850,0.68493265,0.17158885
MOL_1851,0.64623618,0.16403045
MOL_1852,0.64175624,0.17318626
MOL_1853,0.69040066,0.21502802
MOL_1854,0.69651288,0.25982779
MOL_1855,0.62361270,0.22088178
MOL_1856,0.70526272,0.23018461
MOL_1857,0.75912333,0.21459886
MOL_1858,0.56098104,0.15411244
MOL_1859,0.69829613,0.18713495
MOL_1860,0.59840918,0.15049787
MOL_1861,0.70143151,0.21324357
MOL_1862,0.70725417,0.17878059
MOL_1863,0.63129139,0.19010966
MOL_1864,0.71126336,0.18394187
MOL_1865,0.55548936,0.11817741
MOL_1866,0.55982697,0.13352723
MOL_1867,0.64100718,0.16201334
MOL_1868,0.68304104,0.16610023
MOL_1869,0.70592582,0.17529744
MOL_1870,0.59816211,0.16743964
MOL_1871,0.70629728,0.20975304
MOL_1872,0.69524503,0.16102481
MOL_1873,0.71273792,0.20866631
MOL_1874,0.62893283,0.20261951
MOL_1875,0.70500934,0.20122212
MOL_1876,0.61261302,0.16426322
MOL_1877,0.67500812,0.17651825
MOL_1878,0.76587212,0.20779578
MOL_1879,0.71475923,0.29674396
MOL_1880,0.69714904,0.18507171
MOL_1881,0.66929591,0.18817808
MOL_1882,0.66972148,0.20999435
MOL_1883,0.75779080,0.19274256
MOL_1884,0.75261194,0.20905514
MOL_1885,0.70591235,0.20776024
MOL_1886,0.74316311,0.19780684
MOL_1887,0.56595629,0.20081802
MOL_1888,0.78660363,0.11438657
MOL_1889,0.68118376,0.18661724
MOL_1890,0.68377078,0.19470026
MOL_1891,0.63953769,0.18328924
MOL_1892,0.51953340,0.13513894
MOL_1893,0.72156727,0.20355067
MOL_1894,0.70739448,0.20771949
MOL_1895,0.62021869,0.16550951
MOL_1896,0.58286071,0.18479514
MOL_1897,0.69074589,0.17989729
MOL_1898,0.72737956,0.20808186
MOL_1899,0.75931501,0.21394542
MOL_1900,0.70749986,0.19470993
MOL_1901,0.72553366,0.20941480
MOL_1902,0.66910571,0.21503904
MOL_1903,0.62022376,0.16512682
MOL_1904,0.64925539,0.18024197
MOL_1905,0.68538654,0.21356164
MOL_1906,0.76510268,0.19589461
MOL_1907,0.59125870,0.17420356
MOL_1908,0.75112903,0.32218942
MOL_1909,0.69682485,0.21704775
MOL_1910,0.60090232,0.14044017
MOL_1911,0.66201961,0.16874857
MOL_1912,0.65289158,0.16700000
MOL_1913,0.62124926,0.20169671
MOL_1914,0.66793072,0.19962490
MOL_1915,0.66344345,0.17969503
MOL_1916,0.72467500,0.19246437
MOL_1917,0.69251662,0.18427703
MOL_1918,0.64318895,0.13136244
MOL_1919,0.60736942,0.16540605
MOL_1920,0.66736692,0.21545814
MOL_1921,0.71789300,0.20880389
MOL_1922,0.62307650,0.14046852
MOL_1923,0.69392675,0.19632836
MOL_1924,0.69967586,0.19466063
MOL_1925,0.69340849,0.22832957
MOL_1926,0.69841844,0.19646360
MOL_1927,0.66272032,0.17330450
MOL_1928,0.73049891,0.17728466
MOL_1929,0.62903279,0.17753343
MOL_1930,0.72554266,0.19869278
MOL_1931,0.59451789,0.16002609
MOL_1932,0.75939775,0.26784518
MOL_1933,0.57397729,0.13379557
MOL_1934,0.70827687,0.19411848
MOL_1935,0.72994572,0.22580144
MOL_1936,0.64022619,0.16692942
MOL_1937,0.70084119,0.21172684
MOL_1938,0.66797489,0.19733077
MOL_1939,0.60216451,0.15406983
MOL_1940,0.39685911,0.11469816
MOL_1941,0.66667825,0.19508815
MOL_1942,0.67393899,0.17123938
MOL_1943,0.68816972,0.14964695
MOL_1944,0.73157287,0.18977426
MOL_1945,0.72835064,0.19689721
MOL_1946,0.65559512,0.16699409
MOL_1947,0.72033799,0.20682527
MOL_1948,0.64522588,0.17813252
MOL_1949,0.66431135,0.17835468
MOL_1950,0.45212007,0.16307642
MOL_1951,0.73036289,0.22315088
MOL_1952,0.74380320,0.22531727
MOL_1953,0.64343733,0.14165577
MOL_1954,0.68531454,0.19771574
MOL_1955,0.61685675,0.15974526
MOL_1956,0.73714924,0.21769489
MOL_1957,0.70343059,0.20660415
MOL_1958,0.63953161,0.17999953
MOL_1959,0.59694976,0.14372759
MOL_1960,0.56792092,0.13716543
MOL_1961,0.54572964,0.20877101
MOL_1962,0.65534478,0.17864990
MOL_1963,0.60471475,0.15177548
MOL_1964,0.70172769,0.21060866
MOL_1965,0.78207552,0.23495214
MOL_1966,0.57323194,0.12005621
MOL_1967,0.70617211,0.21395020
MOL_1968,0.65596104,0.17954265
MOL_1969,0.72515029,0.19068347
MOL_1970,0.68602729,0.18060617
MOL_1971,0.67129731,0.20112862
MOL_1972,0.72756982,0.19605899
MOL_1973,0.70914406,0.19195926
MOL_1974,0.62535292,0.15727919
MOL_1975,0.71571821,0.20113899
MOL_1976,0.63169968,0.15601417
MOL_1977,0.65116185,0.18468900
MOL_1978,0.65710157,0.21789528
MOL_1979,0.62253755,0.16763456
MOL_1980,0.71958768,0.23640126
MOL_1981,0.53244424,0.20996003
MOL_1982,0.70111251,0.17198856
MOL_1983,0.75285667,0.20253207
MOL_1984,0.63440919,0.17365874
MOL_1985,0.62865663,0.17338167
MOL_1986,0.64932173,0.18002905
MOL_1987,0.72308701,0.21141194
MOL_1988,0.73294759,0.18392040
MOL_1989,0.76602846,0.22481875
MOL_1990,0.62131530,0.15489246
MOL_1991,0.61590880,0.19737022
MOL_1992,0.63518667,0.17107412
MOL_1993,0.41536114,0.13007879
MOL_1994,0.71302295,0.21036668
MOL_1995,0.63448060,0.18139718
MOL_1996,0.65119314,0.19802487
MOL_1997,0.74422705,0.21523362
MOL_1998,0.63743341,0.16846235
MOL_1999,0.63671595,0.17231809
MOL_2000,0.73551112,0.21514414
MOL_2001,0.68547934,0.20146021
MOL_2002,0.60994869,0.17618278
MOL_2003,0.52535260,0.15430331
MOL_2004,0.54872274,0.21817060
MOL_2005,0.65514058,0.17821229
MOL_2006,0.66825032,0.25087708
MOL_2007,0.66957784,0.18031162
MOL_2008,0.62821162,0.17763019
MOL_2009,0.60563976,0.14734603
MOL_2010,0.72351772,0.18946689
MOL_2011,0.74511993,0.21435469
MOL_2012,0.64829421,0.18560791
MOL_2013,0.73025972,0.22027330
MOL_2014,0.68224251,0.19513962
MOL_2015,0.62194753,0.19562440
MOL_2016,0.73278403,0.18709733
MOL_2017,0.66750950,0.17955191
MOL_2018,0.74736100,0.20162523
MOL_2019,0.72640055,0.20337228
MOL_2020,0.67850512,0.20844120
MOL_2021,0.56598902,0.15691085
MOL_2022,0.68417311,0.19945604
MOL_2023,0.46675351,0.15388642
MOL_2024,0.62489790,0.16210985
MOL_2025,0.77587050,0.23060191
MOL_2026,0.64602935,0.17718773
MOL_2027,0.65159780,0.15631621
MOL_2028,0.67125362,0.25388077
MOL_2029,0.77618092,0.22156565
MOL_2030,0.64096177,0.16399945
MOL_2031,0.68984038,0.18325216
MOL_2032,0.68551481,0.17617071
MOL_2033,0.68280345,0.19098604
MOL_2034,0.60061330,0.17324392
MOL_2035,0.65271091,0.15870713
MOL_2036,0.70755923,0.21008848
MOL_2037,0.59854776,0.16580796
MOL_2038,0.64262611,0.14564703
MOL_2039,0.66176301,0.18035556
MOL_2040,0.44086140,0.09326340
MOL_2041,0.70340043,0.19629027
MOL_2042,0.64750373,0.19526751
MOL_2043,0.62613326,0.13878983
MOL_2044,0.68124062,0.19876920
MOL_2045,0.67966604,0.18204436
MOL_2046,0.73668134,0.22487171
MOL_2047,0.67989206,0.19105355
MOL_2048,0.63763785,0.18828011
MOL_2049,0.70344287,0.20655897
MOL_2050,0.56646973,0.13488925
MOL_2051,0.67970479,0.18920104
MOL_2052,0.67012811,0.16497858
MOL_2053,0.64800340,0.15419376
MOL_2054,0.66143990,0.19611213
MOL_2055,0.62196690,0.22440635
MOL_2056,0.55493206,0.16458976
MOL_2057,0.69442356,0.20253377
MOL_2058,0.59062260,0.14434482
MOL_2059,0.52980369,0.11144599
MOL_2060,0.65499306,0.17731093
MOL_2061,0.64298785,0.18613677
MOL_2062,0.76189011,0.22240447
MOL_2063,0.72805274,0.22672153
MOL_2064,0.71385872,0.19279648
MOL_2065,0.67197287,0.20152931
MOL_2066,0.72195619,0.20360845
MOL_2067,0.57012618,0.17492959
MOL_2068,0.66546339,0.18729237
MOL_2069,0.58078802,0.21386077
MOL_2070,0.72297645,0.19944143
MOL_2071,0.72612017,0.18370140
MOL_2072,0.69420260,0.18972117
MOL_2073,0.65870756,0.17223452
MOL_2074,0.75821102,0.21822397
MOL_2075,0.68738544,0.20337783
MOL_2076,0.67898631,0.19350566
MOL_2077,0.65241396,0.20770536
MOL_2078,0.67414355,0.19073582
MOL_2079,0.62379694,0.21359880
MOL_2080,0.59024811,0.18835156
MOL_2081,0.59645480,0.20277268
MOL_2082,0.71793687,0.19542247
MOL_2083,0.66270077,0.14063917
MOL_2084,0.65237331,0.20018280
MOL_2085,0.67091656,0.19565468
MOL_2086,0.62875330,0.18166092
MOL_2087,0.73626775,0.22067888
MOL_2088,0.66514868,0.19249578
MOL_2089,0.64626360,0.18772514
MOL_2090,0.59657812,0.14909680
MOL_2091,0.73894989,0.20137438
MOL_2092,0.66795671,0.15685765
MOL_2093,0.62635380,0.17216974
MOL_2094,0.71996927,0.19371128
MOL_2095,0.70710534,0.22824296
MOL_2096,0.69509333,0.15775862
MOL_2097,0.69901139,0.18089822
MOL_2098,0.69613975,0.19232599
MOL_2099,0.65517610,0.18416522
MOL_2100,0.66231984,0.17514803
MOL_2101,0.66077256,0.19682842
MOL_2102,0.72605455,0.20344456
MOL_2103,0.71964526,0.18647918
MOL_2104,0.64561355,0.18344794
MOL_2105,0.75115353,0.20425792
MOL_2106,0.62712759,0.14496237
MOL_2107,0.64931595,0.21234259
MOL_2108,0.60395694,0.16872834
MOL_2109,0.76577991,0.25502980
MOL_2110,0.64417273,0.16354111
MOL_2111,0.68330079,0.17383803
MOL_2112,0.53106362,0.13307784
MOL_2113,0.67640543,0.19279939
MOL_2114,0.70309108,0.20332722
MOL_2115,0.71971565,0.19630827
MOL_2116,0.49448225,0.15181318
MOL_2117,0.64659315,0.18063146
MOL_2118,0.67181665,0.19111463
MOL_2119,0.63860065,0.15145381
MOL_2120,0.65461433,0.17117342
MOL_2121,0.58837718,0.14516860
MOL_2122,0.75335860,0.20256525
MOL_2123,0.62600470,0.16371374
MOL_2124,0.75991011,0.19505031
MOL_2125,0.69199306,0.17762387
MOL_2126,0.61413813,0.18514745
MOL_2127,0.63615930,0.16908717
MOL_2128,0.69893062,0.16205560
MOL_2129,0.67872727,0.17654610
MOL_2130,0.72874451,0.22078088
MOL_2131,0.68951374,0.17806275
MOL_2132,0.67160106,0.16480806
MOL_2133,0.57903528,0.16245876
MOL_2134,0.62965447,0.18930958
MOL_2135,0.67878258,0.23044702
MOL_2136,0.62962556,0.16132216
MOL_2137,0.70335603,0.19935524
MOL_2138,0.67035979,0.16950408
MOL_2139,0.60221332,0.17800614
MOL_2140,0.72327721,0.21778437
MOL_2141,0.74545938,0.23007658
MOL_2142,0.74580550,0.19240639
MOL_2143,0.68620062,0.18071057
MOL_2144,0.64609510,0.15533137
MOL_2145,0.47967538,0.07707040
MOL_2146,0.69080579,0.22342762
MOL_2147,0.65869004,0.18384400
MOL_2148,0.59135199,0.22093953
MOL_2149,0.72036833,0.19797435
MOL_2150,0.60074908,0.15181191
MOL_2151,0.64264703,0.17171548
MOL_2152,0.68361747,0.18622130
MOL_2153,0.63796520,0.15847510
MOL_2154,0.62475967,0.19139172
MOL_2155,0.74303377,0.22420545
MOL_2156,0.71129364,0.19765800
MOL_2157,0.63571894,0.16053666
MOL_2158,0.60658908,0.16500272
MOL_2159,0.77011967,0.21070966
MOL_2160,0.66846323,0.17100057
MOL_2161,0.77539253,0.18921068
MOL_2162,0.64216381,0.19188936
MOL_2163,0.65352243,0.17781608
MOL_2164,0.72141403,0.20084192
MOL_2165,0.69720495,0.20307866
MOL_2166,0.76715308,0.21379285
MOL_2167,0.62943447,0.18339007
MOL_2168,0.61680686,0.17326023
MOL_2169,0.69199932,0.18107851
MOL_2170,0.69476610,0.19159894
MOL_2171,0.58852530,0.18159011
MOL_2172,0.67627662,0.17985514
MOL_2173,0.72360325,0.24147686
MOL_2174,0.50587684,0.07043262
MOL_2175,0.66910350,0.14813258
MOL_2176,0.66413856,0.19122203
MOL_2177,0.65521395,0.16343342
MOL_2178,0.60617536,0.17368902
MOL_2179,0.64691788,0.20226951
MOL_2180,0.74766964,0.21722506
MOL_2181,0.57882762,0.14630757
MOL_2182,0.66640639,0.15278706
MOL_2183,0.65369809,0.16249728
MOL_2184,0.75365645,0.19941501
MOL_2185,0.69266361,0.21060622
MOL_2186,0.74558914,0.21776143
MOL_2187,0.73513287,0.21934919
MOL_2188,0.68329662,0.18672380
MOL_2189,0.68454242,0.19116712
MOL_2190,0.69372177,0.19480014
MOL_2191,0.68204451,0.15964529
MOL_2192,0.68306154,0.22879498
MOL_2193,0.67487377,0.17862552
MOL_2194,0.74357975,0.21180548
MOL_2195,0.69883382,0.16690712
MOL_2196,0.66589516,0.19910353
MOL_2197,0.67345077,0.17126927
MOL_2198,0.66521502,0.22028747
MOL_2199,0.54541206,0.12189883
MOL_2200,0.60955459,0.13164870
MOL_2201,0.70703411,0.20321152
MOL_2202,0.74387240,0.22138250
MOL_2203,0.63955688,0.17594963
MOL_2204,0.75187415,0.19633721
MOL_2205,0.64680278,0.17038547
MOL_2206,0.56473589,0.14794143
MOL_2207,0.66615582,0.26861683
MOL_2208,0.66338313,0.15010719
MOL_2209,0.62644154,0.18924271
MOL_2210,0.71641463,0.21821868
MOL_2211,0.55071062,0.17650095
MOL_2212,0.64128363,0.16228068
MOL_2213,0.73428553,0.21955028
MOL_2214,0.62677813,0.20362306
MOL_2215,0.71780074,0.19960216
MOL_2216,0.60313159,0.13496421
MOL_2217,0.62076277,0.16817486
MOL_2218,0.66818309,0.18396869
MOL_2219,0.37071031,0.12153661
MOL_2220,0.65643823,0.18609841
MOL_2221,0.75665367,0.21224602
MOL_2222,0.70558202,0.19472592
MOL_2223,0.67952424,0.19236261
MOL_2224,0.69610673,0.18662937
MOL_2225,0.63987571,0.17914675
MOL_2226,0.69769454,0.16966301
MOL_2227,0.67855197,0.22710651
MOL_2228,0.70520359,0.17963547
MOL_2229,0.67299092,0.18092215
MOL_2230,0.67069095,0.20061924
MOL_2231,0.61658788,0.16266516
MOL_2232,0.73904103,0.21724853
MOL_2233,0.69289011,0.18599218
MOL_2234,0.65437579,0.17336416
MOL_2235,0.71779174,0.21471442
MOL_2236,0.61594343,0.16386135
MOL_2237,0.73201013,0.19854584
MOL_2238,0.63049692,0.18579896
MOL_2239,0.66705322,0.19547810
MOL_2240,0.69786578,0.19391905
MOL_2241,0.70377463,0.20353383
MOL_2242,0.66234618,0.18833314
MOL_2243,0.69041419,0.18657267
MOL_2244,0.71783644,0.18584906
MOL_2245,0.65984839,0.17053568
MOL_2246,0.77908272,0.21330909
MOL_2247,0.68270087,0.26157480
MOL_2248,0.67263538,0.19181304
MOL_2249,0.67888612,0.18796520
MOL_2250,0.72570181,0.21019551
MOL_2251,0.58762193,0.15307094
MOL_2252,0.73833585,0.22619936
MOL_2253,0.63075918,0.16188140
MOL_2254,0.65123665,0.20023698
MOL_2255,0.61903226,0.23059520
MOL_2256,0.73775351,0.18634233
MOL_2257,0.76852918,0.19652900
MOL_2258,0.65970516,0.18004082
MOL_2259,0.64733756,0.20143431
MOL_2260,0.67390311,0.17876765
MOL_2261,0.60869122,0.17171435
MOL_2262,0.72464198,0.20059016
MOL_2263,0.74261278,0.20300497
MOL_2264,0.73026156,0.25610122
MOL_2265,0.52102858,0.11933423
MOL_2266,0.71059811,0.20660588
MOL_2267,0.66790795,0.16932566
MOL_2268,0.66575152,0.23131582
MOL_2269,0.73918164,0.18494073
MOL_2270,0.58257312,0.14733334
MOL_2271,0.56487542,0.16569643
MOL_2272,0.74410319,0.22160713
MOL_2273,0.69640005,0.19558428
MOL_2274,0.65008432,0.16871305
MOL_2275,0.68245322,0.19072069
MOL_2276,0.63646883,0.18611129
MOL_2277,0.76212561,0.23360127
MOL_2278,0.74950922,0.19845192
MOL_2279,0.71886051,0.20857193
MOL_2280,0.75593776,0.21635109
MOL_2281,0.73820025,0.19535787
MOL_2282,0.60066974,0.11943260
MOL_2283,0.65083772,0.17484477
MOL_2284,0.63059461,0.16310693
MOL_2285,0.71407050,0.18719856
MOL_2286,0.69667190,0.19725990
MOL_2287,0.69643933,0.22901626
MOL_2288,0.67875338,0.18535344
MOL_2289,0.68401086,0.18411070
MOL_2290,0.64976543,0.18815924
MOL_2291,0.57890064,0.20254442
MOL_2292,0.59800810,0.20112729
MOL_2293,0.51377118,0.12524155
MOL_2294,0.67345566,0.15802829
MOL_2295,0.66012788,0.19637287
MOL_2296,0.62205166,0.17231984
MOL_2297,0.66450500,0.17528993
MOL_2298,0.72394210,0.16646978
MOL_2299,0.70679748,0.19580179
MOL_2300,0.67934829,0.16090904
MOL_2301,0.49437070,0.06725284
MOL_2302,0.66647810,0.17330244
MOL_2303,0.63364142,0.17054638
MOL_2304,0.64726841,0.16196322
MOL_2305,0.66307366,0.19417098
MOL_2306,0.66143459,0.18721034
MOL_2307,0.61370933,0.20188181
MOL_2308,0.68726116,0.18814486
MOL_2309,0.71027905,0.22186017
MOL_2310,0.61571628,0.17148513
MOL_2311,0.74752027,0.20524073
MOL_2312,0.57571113,0.09126677
MOL_2313,0.70475471,0.20510979
MOL_2314,0.62884074,0.18126111
MOL_2315,0.53872848,0.16911426
MOL_2316,0.72425473,0.19254625
MOL_2317,0.64025474,0.17212892
MOL_2318,0.66616434,0.17702420
MOL_2319,0.73146415,0.20821506
MOL_2320,0.63370126,0.18033533
MOL_2321,0.67561615,0.30147818
MOL_2322,0.64815193,0.18768868
MOL_2323,0.73392749,0.20824559
MOL_2324,0.69847924,0.18814029
MOL_2325,0.66054535,0.16010651
MOL_2326,0.64522338,0.21433511
MOL_2327,0.65467852,0.28837767
MOL_2328,0.68022281,0.18975195
MOL_2329,0.67952377,0.16892736
MOL_2330,0.64174384,0.18319257
MOL_2331,0.62157017,0.18895544
MOL_2332,0.61019695,0.13613816
MOL_2333,0.71730655,0.19472048
MOL_2334,0.62800574,0.17927346
MOL_2335,0.72645634,0.20248301
MOL_2336,0.62559146,0.17497681
MOL_2337,0.71701652,0.19522530
MOL_2338,0.68015456,0.17242458
MOL_2339,0.68895471,0.23091805
MOL_2340,0.65407330,0.16016246
MOL_2341,0.66993409,0.19073646
MOL_2342,0.69051778,0.18739298
MOL_2343,0.52445990,0.18125089
MOL_2344,0.53800291,0.12206237
MOL_2345,0.70778114,0.21290287
MOL_2346,0.51450539,0.16490461
MOL_2347,0.67784953,0.18467838
MOL_2348,0.65024465,0.18062755
MOL_2349,0.66699499,0.25063360
MOL_2350,0.65854025,0.17227893
MOL_2351,0.76188445,0.19975650
MOL_2352,0.67866766,0.16975167
MOL_2353,0.58775717,0.16614723
MOL_2354,0.67416811,0.20035011
MOL_2355,0.75996810,0.20340435
MOL_2356,0.68290734,0.19245063
MOL_2357,0.72669208,0.20918316
MOL_2358,0.65702677,0.16459146
MOL_2359,0.70098478,0.19705291
MOL_2360,0.66815627,0.18631661
MOL_2361,0.67299134,0.17733935
MOL_2362,0.65346825,0.16328400
MOL_2363,0.73149794,0.20912734
MOL_2364,0.71551150,0.18163133
MOL_2365,0.71462178,0.22660990
MOL_2366,0.68381184,0.18343143
MOL_2367,0.66609657,0.17130826
MOL_2368,0.65521759,0.21726470
MOL_2369,0.64713734,0.16996835
MOL_2370,0.72317374,0.21384273
MOL_2371,0.67221540,0.17109793
MOL_2372,0.71573913,0.20583370
MOL_2373,0.74571699,0.20722513
MOL_2374,0.65541434,0.19480734
MOL_2375,0.64220363,0.19021523
MOL_2376,0.68000555,0.21279965
MOL_2377,0.71002007,0.20312811
MOL_2378,0.50385308,0.13413154
MOL_2379,0.67511761,0.18817697
MOL_2380,0.68918115,0.21188866
MOL_2381,0.68837398,0.19471009
MOL_2382,0.71120995,0.18394595
MOL_2383,0.70808172,0.20963031
MOL_2384,0.60140514,0.13576496
MOL_2385,0.67766440,0.17779720
MOL_2386,0.71303725,0.20313856
MOL_2387,0.69506788,0.21341144
MOL_2388,0.75796831,0.20883416
MOL_2389,0.58754176,0.15488634
MOL_2390,0.64747632,0.17664491
MOL_2391,0.62282717,0.15785670
MOL_2392,0.62238789,0.17100196
MOL_2393,0.61623406,0.16908407
MOL_2394,0.67257398,0.16043760
MOL_2395,0.70908856,0.21506849
MOL_2396,0.61271524,0.15298022
MOL_2397,0.76723111,0.20939703
MOL_2398,0.74841392,0.20305656
MOL_2399,0.70578235,0.20693384
MOL_2400,0.72104204,0.20533098
MOL_2401,0.70654011,0.21218427
MOL_2402,0.71684062,0.20339014
MOL_2403,0.67852479,0.19263075
MOL_2404,0.66767967,0.19288357
MOL_2405,0.67915207,0.20672743
MOL_2406,0.61040968,0.15970053
MOL_2407,0.76014924,0.21369587
MOL_2408,0.67655432,0.26977411
MOL_2409,0.66321576,0.17830959
MOL_2410,0.63832086,0.17728513
MOL_2411,0.65726513,0.18270285
MOL_2412,0.65549415,0.20215310
MOL_2413,0.61969537,0.22208390
MOL_2414,0.60327375,0.18440777
MOL_2415,0.62261575,0.15100123
MOL_2416,0.63143361,0.16331361
MOL_2417,0.69405514,0.20098752
MOL_2418,0.68839091,0.20020182
MOL_2419,0.76424479,0.21827804
MOL_2420,0.68767619,0.19295448
MOL_2421,0.67970651,0.20194317
MOL_2422,0.63322145,0.17095979
MOL_2423,0.54147160,0.10831451
MOL_2424,0.64750952,0.19634843
MOL_2425,0.68657398,0.17773138
MOL_2426,0.69131422,0.19680192
MOL_2427,0.65857160,0.22137925
MOL_2428,0.71541566,0.18727437
MOL_2429,0.67848980,0.17762779
MOL_2430,0.70243508,0.20024337
MOL_2431,0.63169777,0.17550647
MOL_2432,0.71954101,0.20935911
MOL_2433,0.67940623,0.19155100
MOL_2434,0.67272097,0.19358099
MOL_2435,0.57161123,0.24238712
MOL_2436,0.70099586,0.21937715
MOL_2437,0.68307251,0.20740665
MOL_2438,0.68906033,0.20914643
MOL_2439,0.65676719,0.18070140
MOL_2440,0.62769675,0.18052854
MOL_2441,0.73864627,0.19474246
MOL_2442,0.72862792,0.18377802
MOL_2443,0.59800041,0.16961467
MOL_2444,0.62557340,0.14913099
MOL_2445,0.70798814,0.22142045
MOL_2446,0.67139316,0.18826993
MOL_2447,0.67368042,0.19732149
MOL_2448,0.66232657,0.17504893
MOL_2449,0.69572198,0.20521592
MOL_2450,0.66235334,0.19004707
MOL_2451,0.76488829,0.22869840
MOL_2452,0.65071851,0.17534381
MOL_2453,0.72505486,0.19734588
MOL_2454,0.57106692,0.12534854
MOL_2455,0.68295020,0.18025120
MOL_2456,0.75745350,0.20550448
MOL_2457,0.75477523,0.20365138
MOL_2458,0.44319734,0.10167265
MOL_2459,0.64036036,0.18162204
MOL_2460,0.67925161,0.21589570
MOL_2461,0.63095576,0.17630708
MOL_2462,0.74892491,0.21806563
MOL_2463,0.70118016,0.19585013
MOL_2464,0.73094916,0.21293336
MOL_2465,0.50804156,0.12923375
MOL_2466,0.68030703,0.19270577
MOL_2467,0.72173864,0.19265294
MOL_2468,0.59291023,0.14759116
MOL_2469,0.64236319,0.26750624
MOL_2470,0.67618471,0.18852171
MOL_2471,0.70355713,0.20777795
MOL_2472,0.69055814,0.21705963
MOL_2473,0.65562385,0.18520203
MOL_2474,0.66592920,0.18978508
MOL_2475,0.64937174,0.17087866
MOL_2476,0.65401947,0.22050118
MOL_2477,0.62767261,0.18108964
MOL_2478,0.66457063,0.18013635
MOL_2479,0.72125554,0.18891916
MOL_2480,0.64579314,0.18900397
MOL_2481,0.70151746,0.20517421
MOL_2482,0.66119117,0.18362127
MOL_2483,0.59535128,0.13368754
MOL_2484,0.66171473,0.18695225
MOL_2485,0.63100088,0.14987445
MOL_2486,0.63277155,0.16616237
MOL_2487,0.72753137,0.20292448
MOL_2488,0.53920275,0.17189167
MOL_2489,0.69440639,0.19875620
MOL_2490,0.72258282,0.20615217
MOL_2491,0.58406782,0.15028360
MOL_2492,0.62893009,0.16902678
MOL_2493,0.61721659,0.17503805
MOL_2494,0.81578654,0.27777994
MOL_2495,0.72837049,0.19857442
MOL_2496,0.63147670,0.17754884
MOL_2497,0.65601063,0.19462581
MOL_2498,0.62731087,0.17081210
MOL_2499,0.67904145,0.17970112
MOL_2500,0.66443622,0.20448165
MOL_2501,0.57394081,0.15072128
MOL_2502,0.71071839,0.21845846
MOL_2503,0.52125895,0.14505318
MOL_2504,0.61746025,0.15645212
MOL_2505,0.71409106,0.20349088
MOL_2506,0.67508459,0.16856104
MOL_2507,0.69606209,0.22561708
MOL_2508,0.67635447,0.16690737
MOL_2509,0.63851815,0.17336808
MOL_2510,0.68009514,0.20199710
MOL_2511,0.68133020,0.17882542
MOL_2512,0.70017266,0.19270667
MOL_2513,0.65795070,0.16654183
MOL_2514,0.69272763,0.16938299
MOL_2515,0.61344028,0.17392151
MOL_2516,0.71363783,0.19876568
MOL_2517,0.69604069,0.18957536
MOL_2518,0.69863373,0.23260097
MOL_2519,0.60025501,0.15921272
MOL_2520,0.69249195,0.18575925
MOL_2521,0.62175345,0.17681743
MOL_2522,0.76243794,0.20713584
MOL_2523,0.65661043,0.19587576
MOL_2524,0.74193937,0.21449296
MOL_2525,0.66931969,0.18202829
MOL_2526,0.70294482,0.19564563
MOL_2527,0.71814823,0.19841194
MOL_2528,0.66689003,0.18372405
MOL_2529,0.66231269,0.19395983
MOL_2530,0.54981321,0.14465006
MOL_2531,0.63364071,0.16608025
MOL_2532,0.61025006,0.23832233
MOL_2533,0.69051307,0.25305131
MOL_2534,0.68811536,0.19271418
MOL_2535,0.74773890,0.21953808
MOL_2536,0.70665169,0.20086204
MOL_2537,0.72991306,0.17108239
MOL_2538,0.68765748,0.19196251
MOL_2539,0.62417054,0.14866416
MOL_2540,0.73768979,0.20142902
MOL_2541,0.66297269,0.16445927
MOL_2542,0.63753557,0.21480507
MOL_2543,0.73221326,0.21420351
MOL_2544,0.75031060,0.19664486
MOL_2545,0.65042877,0.12190358
MOL_2546,0.53844196,0.14726752
MOL_2547,0.68227899,0.15870240
MOL_2548,0.65808779,0.20004061
MOL_2549,0.60977346,0.15418021
MOL_2550,0.65848786,0.17075448
MOL_2551,0.57316464,0.17760919
MOL_2552,0.65015078,0.16610529
MOL_2553,0.66979164,0.18398355
MOL_2554,0.57012808,0.20351952
MOL_2555,0.61217332,0.13977018
MOL_2556,0.62154841,0.17263032
MOL_2557,0.72405517,0.20361874
MOL_2558,0.64765543,0.15752187
MOL_2559,0.60245186,0.13451886
MOL_2560,0.66647100,0.18643627
MOL_2561,0.62733120,0.17867817
MOL_2562,0.57695961,0.13803375
MOL_2563,0.59449673,0.19440593
MOL_2564,0.70837986,0.21264128
MOL_2565,0.62038285,0.20171899
MOL_2566,0.75631130,0.21052909
MOL_2567,0.68396270,0.16143741
MOL_2568,0.65126753,0.22713934
MOL_2569,0.58563572,0.12005559
MOL_2570,0.66631162,0.18761687
MOL_2571,0.66351908,0.18616679
MOL_2572,0.62319344,0.15995660
MOL_2573,0.69879752,0.16199782
MOL_2574,0.62268847,0.18253109
MOL_2575,0.60625535,0.15322682
MOL_2576,0.68430018,0.18553418
MOL_2577,0.67251462,0.16805400
MOL_2578,0.82780534,0.25162408
MOL_2579,0.61189598,0.16013506
MOL_2580,0.60747057,0.16053525
MOL_2581,0.62662351,0.25754029
MOL_2582,0.61593992,0.26213947
MOL_2583,0.72738349,0.19328965
MOL_2584,0.57874417,0.14032091
MOL_2585,0.75484049,0.23167461
MOL_2586,0.59681642,0.18412560
MOL_2587,0.62748337,0.17361483
MOL_2588,0.70412010,0.17881769
MOL_2589,0.67285454,0.19754219
MOL_2590,0.76917684,0.20113055
MOL_2591,0.68728346,0.17161077
MOL_2592,0.61642879,0.17272754
MOL_2593,0.65078545,0.19077341
MOL_2594,0.59841412,0.17246674
MOL_2595,0.67047960,0.20330799
MOL_2596,0.68374801,0.16276370
MOL_2597,0.69567013,0.19594906
MOL_2598,0.61783612,0.24728593
MOL_2599,0.60833180,0.14059274
MOL_2600,0.64675164,0.17277339
MOL_2601,0.67437762,0.21714287
MOL_2602,0.75474197,0.20733470
MOL_2603,0.67683578,0.20610037
MOL_2604,0.71398950,0.23011555
MOL_2605,0.64393908,0.21160752
MOL_2606,0.56074291,0.22800089
MOL_2607,0.74974751,0.21518838
MOL_2608,0.64289713,0.17653428
MOL_2609,0.69061512,0.19341277
MOL_2610,0.61051190,0.14930414
MOL_2611,0.63647115,0.18497190
MOL_2612,0.74222946,0.20674480
MOL_2613,0.67495322,0.21431354
MOL_2614,0.64641380,0.17349702
MOL_2615,0.61685163,0.15725166
MOL_2616,0.74107826,0.21402434
MOL_2617,0.65443343,0.16167668
MOL_2618,0.72585803,0.27386039
MOL_2619,0.31166553,0.02493615
MOL_2620,0.72108060,0.19614574
MOL_2621,0.65262663,0.18976429
MOL_2622,0.63806707,0.15778549
MOL_2623,0.69926202,0.18023257
MOL_2624,0.47152075,0.17625459
MOL_2625,0.69575465,0.18113498
MOL_2626,0.72842532,0.22047907
MOL_2627,0.76785141,0.21910462
MOL_2628,0.70288330,0.18307312
MOL_2629,0.67201185,0.20260990
MOL_2630,0.72222847,0.19388439
MOL_2631,0.63389826,0.15695958
MOL_2632,0.66139609,0.18980262
MOL_2633,0.72454792,0.19436118
MOL_2634,0.75843823,0.20788078
MOL_2635,0.63677543,0.17460495
MOL_2636,0.64088541,0.16715369
MOL_2637,0.76926416,0.21877012
MOL_2638,0.73681056,0.19308302
MOL_2639,0.67752409,0.18965881
MOL_2640,0.64184397,0.19604383
MOL_2641,0.66847628,0.18733846
MOL_2642,0.77656800,0.23306312
MOL_2643,0.63199878,0.15855420
MOL_2644,0.67046720,0.19494450
MOL_2645,0.64898741,0.16402315
MOL_2646,0.58466667,0.12969422
MOL_2647,0.75503415,0.20949976
MOL_2648,0.67682689,0.15685518
MOL_2649,0.71582633,0.20787057
MOL_2650,0.51191187,0.11495399
MOL_2651,0.60595459,0.13992377
MOL_2652,0.62499923,0.18119201
MOL_2653,0.68671137,0.19412211
MOL_2654,0.74785042,0.27674142
MOL_2655,0.69393122,0.17747666
MOL_2656,0.63316554,0.18809819
MOL_2657,0.66623753,0.24670298
MOL_2658,0.69168431,0.20606621
MOL_2659,0.70318443,0.18813226
MOL_2660,0.69913071,0.17044067
MOL_2661,0.67329431,0.16624656
MOL_2662,0.65513033,0.15629368
MOL_2663,0.60349488,0.15769410
MOL_2664,0.68660754,0.19796449
MOL_2665,0.77061468,0.23012424
MOL_2666,0.76389313,0.19891188
MOL_2667,0.67201459,0.19398941
MOL_2668,0.65258741,0.20352036
MOL_2669,0.59389764,0.15668353
MOL_2670,0.74053299,0.20034105
MOL_2671,0.62137991,0.18010753
MOL_2672,0.60512763,0.17653492
MOL_2673,0.66567808,0.17527251
MOL_2674,0.67499197,0.18499388
MOL_2675,0.63778049,0.17727341
MOL_2676,0.72948486,0.20413738
MOL_2677,0.70008618,0.19256230
MOL_2678,0.70562959,0.19123492
MOL_2679,0.65766853,0.17471924
MOL_2680,0.71083844,0.21074191
MOL_2681,0.67241406,0.16602211
MOL_2682,0.59760135,0.15320519
MOL_2683,0.69259679,0.18627240
MOL_2684,0.58566380,0.13019285
MOL_2685,0.69776344,0.21455495
MOL_2686,0.68038094,0.16842590
MOL_2687,0.70758778,0.20664035
MOL_2688,0.67885959,0.21817102
MOL_2689,0.46933120,0.19874266
MOL_2690,0.57811958,0.13733135
MOL_2691,0.65912569,0.18732883
MOL_2692,0.62327462,0.21906103
MOL_2693,0.66012591,0.18792787
MOL_2694,0.67094237,0.17358279
MOL_2695,0.70292401,0.20866726
MOL_2696,0.71059072,0.27621096
MOL_2697,0.62804985,0.17891853
MOL_2698,0.58444828,0.14496273
MOL_2699,0.47194058,0.18071625
MOL_2700,0.65779448,0.17734139
MOL_2701,0.64081788,0.16610375
MOL_2702,0.57755798,0.15380223
MOL_2703,0.67088509,0.18602501
MOL_2704,0.69573462,0.19752061
MOL_2705,0.59671140,0.18362117
MOL_2706,0.73149729,0.19945149
MOL_2707,0.61047107,0.16394907
MOL_2708,0.49092206,0.09471386
MOL_2709,0.44720727,0.18973388
MOL_2710,0.71284896,0.22747450
MOL_2711,0.52397281,0.14103387
MOL_2712,0.72359037,0.19876651
MOL_2713,0.65911001,0.21102327
MOL_2714,0.63191885,0.18522054
MOL_2715,0.68846023,0.27958849
MOL_2716,0.64036852,0.16770074
MOL_2717,0.69043976,0.21429464
MOL_2718,0.64708126,0.15666853
MOL_2719,0.73018640,0.19838455
MOL_2720,0.74494988,0.20301728
MOL_2721,0.60622823,0.17401946
MOL_2722,0.65148211,0.19494677
MOL_2723,0.69572914,0.20551194
MOL_2724,0.75856429,0.22315480
MOL_2725,0.70524859,0.19138183
MOL_2726,0.66690642,0.17836642
MOL_2727,0.63935751,0.16206832
MOL_2728,0.69450128,0.20150490
MOL_2729,0.67810333,0.17441911
MOL_2730,0.66985840,0.18749173
MOL_2731,0.68394995,0.19966334
MOL_2732,0.74800092,0.20419827
MOL_2733,0.57841146,0.13114786
MOL_2734,0.67853910,0.18832202
MOL_2735,0.64648348,0.17708954
MOL_2736,0.60739470,0.18887034
MOL_2737,0.59676671,0.16388480
MOL_2738,0.66357875,0.18588169
MOL_2739,0.72283578,0.20612107
MOL_2740,0.68942243,0.19218375
MOL_2741,0.67034805,0.16309001
MOL_2742,0.66099596,0.17231688
MOL_2743,0.72297543,0.22495638
MOL_2744,0.62756366,0.16429794
MOL_2745,0.66006917,0.18283908
MOL_2746,0.67696476,0.20321788
MOL_2747,0.66981494,0.22156878
MOL_2748,0.69105798,0.19524673
MOL_2749,0.73631710,0.23425460
MOL_2750,0.67876047,0.16668676
MOL_2751,0.61568016,0.15540330
MOL_2752,0.67681754,0.17094593
MOL_2753,0.73949879,0.21486937
MOL_2754,0.76186544,0.21341559
MOL_2755,0.62715960,0.17036085
MOL_2756,0.66053092,0.19129059
MOL_2757,0.59823549,0.16690466
MOL_2758,0.68460280,0.17256261
MOL_2759,0.63821733,0.19502439
MOL_2760,0.53866750,0.19793043
MOL_2761,0.68847823,0.17409053
MOL_2762,0.73820764,0.19852994
MOL_2763,0.64783472,0.21057867
MOL_2764,0.61262947,0.18360060
MOL_2765,0.72727674,0.20737214
MOL_2766,0.63249975,0.22736274
MOL_2767,0.69721031,0.19064932
MOL_2768,0.69077283,0.19033456
MOL_2769,0.63312274,0.14442633
MOL_2770,0.74595034,0.23125216
MOL_2771,0.76898521,0.21144299
MOL_2772,0.71883833,0.19263284
MOL_2773,0.77768177,0.23989764
MOL_2774,0.63648289,0.18693532
MOL_2775,0.67097789,0.18748707
MOL_2776,0.71954638,0.20746885
MOL_2777,0.70191228,0.19621855
MOL_2778,0.72202384,0.20260799
MOL_2779,0.61455411,0.14807664
MOL_2780,0.66237801,0.19808382
MOL_2781,0.67547703,0.20937331
MOL_2782,0.69121015,0.17842656
MOL_2783,0.63778865,0.18591730
MOL_2784,0.65800172,0.17625658
MOL_2785,0.62660658,0.16031259
MOL_2786,0.75790906,0.20641091
MOL_2787,0.64918154,0.19336952
MOL_2788,0.54693198,0.12535766
MOL_2789,0.65616274,0.18253703
MOL_2790,0.69726872,0.21359153
MOL_2791,0.65712702,0.18058166
MOL_2792,0.64327872,0.18795627
MOL_2793,0.67464101,0.20283851
MOL_2794,0.65131646,0.18298762
MOL_2795,0.66967535,0.26210979
MOL_2796,0.59638178,0.16756211
MOL_2797,0.70283633,0.17919892
MOL_2798,0.66791129,0.19189391
MOL_2799,0.68242794,0.19163127
MOL_2800,0.68943560,0.21004374
MOL_2801,0.66908360,0.17147572
MOL_2802,0.81713146,0.26560530
MOL_2803,0.65271741,0.18874960
MOL_2804,0.61693555,0.17123008
MOL_2805,0.66612726,0.20595394
MOL_2806,0.63510203,0.15280779
MOL_2807,0.74588263,0.19851343
MOL_2808,0.64370465,0.19468303
MOL_2809,0.67136502,0.17742679
MOL_2810,0.67588061,0.17733285
MOL_2811,0.75935900,0.21861808
MOL_2812,0.60294604,0.15579148
MOL_2813,0.68620932,0.18709213
MOL_2814,0.44491535,0.13695854
MOL_2815,0.71259803,0.19562225
MOL_2816,0.64067793,0.25562987
MOL_2817,0.68556464,0.19935909
MOL_2818,0.58615696,0.13383909
MOL_2819,0.55318677,0.21180184
MOL_2820,0.69068962,0.20150821
MOL_2821,0.65182155,0.16844346
MOL_2822,0.70327634,0.19422077
MOL_2823,0.66649550,0.19437219
MOL_2824,0.59598023,0.13045959
MOL_2825,0.53208655,0.22675501
MOL_2826,0.69292939,0.20337860
MOL_2827,0.65417004,0.19163130
MOL_2828,0.64488190,0.28805482
MOL_2829,0.72004002,0.18918803
MOL_2830,0.65907043,0.17145024
MOL_2831,0.65465492,0.16890886
MOL_2832,0.64633036,0.19780973
MOL_2833,0.67193264,0.19425221
MOL_2834,0.63532937,0.17815168
MOL_2835,0.70584309,0.17258699
MOL_2836,0.55360675,0.14053872
MOL_2837,0.69213086,0.17898411
MOL_2838,0.64280289,0.20098476
MOL_2839,0.68858606,0.17743003
MOL_2840,0.70675558,0.18407987
MOL_2841,0.69289804,0.20543844
MOL_2842,0.58596480,0.12518403
MOL_2843,0.62726313,0.15659083
MOL_2844,0.59952003,0.16259080
MOL_2845,0.64945257,0.16907582
MOL_2846,0.70077306,0.18222019
MOL_2847,0.62375015,0.18957391
MOL_2848,0.66771239,0.17934819
MOL_2849,0.64787084,0.18490313
MOL_2850,0.69883114,0.19141157
MOL_2851,0.75787133,0.21122222
MOL_2852,0.62749058,0.14196673
MOL_2853,0.69793457,0.18903260
MOL_2854,0.70453000,0.18150850
MOL_2855,0.67769468,0.16930899
MOL_2856,0.70450675,0.19068605
MOL_2857,0.67712319,0.20626372
MOL_2858,0.59996223,0.17525871
MOL_2859,0.74459153,0.19646344
MOL_2860,0.67361790,0.17446186
MOL_2861,0.72346884,0.17385739
MOL_2862,0.69031614,0.27218184
MOL_2863,0.70665467,0.20929514
MOL_2864,0.66829181,0.17821530
MOL_2865,0.63232869,0.18333487
MOL_2866,0.67277205,0.20256725
MOL_2867,0.66823149,0.19874705
MOL_2868,0.65025544,0.18893902
MOL_2869,0.63137680,0.19722942
MOL_2870,0.72275102,0.20956615
MOL_2871,0.64008939,0.19233976
MOL_2872,0.65352368,0.17000423
MOL_2873,0.66939706,0.18821427
MOL_2874,0.73351353,0.20304209
MOL_2875,0.68486893,0.19540605
MOL_2876,0.50400400,0.16362643
MOL_2877,0.74238229,0.18849197
MOL_2878,0.72054297,0.24762717
MOL_2879,0.64199829,0.19753419
MOL_2880,0.69294685,0.19732341
MOL_2881,0.74787384,0.21586126
MOL_2882,0.67591000,0.17050433
MOL_2883,0.48213583,0.14680809
MOL_2884,0.67139715,0.19849713
MOL_2885,0.69130743,0.19231725
MOL_2886,0.70949650,0.20123163
MOL_2887,0.60872000,0.16163550
MOL_2888,0.61737561,0.16635364
MOL_2889,0.58951038,0.15958968
MOL_2890,0.67795777,0.18193816
MOL_2891,0.66759747,0.16859677
MOL_2892,0.62538135,0.16753577
MOL_2893,0.67214555,0.17697696
MOL_2894,0.68530864,0.20699298
MOL_2895,0.53261298,0.13756096
MOL_2896,0.68897343,0.16927664
MOL_2897,0.73594004,0.19920775
MOL_2898,0.73556572,0.20792978
MOL_2899,0.61641908,0.16328253
MOL_2900,0.65146858,0.19993497
MOL_2901,0.67499632,0.18879086
MOL_2902,0.67093319,0.18484755
MOL_2903,0.43079013,0.18797718
MOL_2904,0.63842851,0.18186365
MOL_2905,0.61801368,0.16796984
MOL_2906,0.69084942,0.15290168
MOL_2907,0.71932465,0.18429554
MOL_2908,0.76701999,0.21057375
MOL_2909,0.65780252,0.19103172
MOL_2910,0.68417662,0.19618973
MOL_2911,0.70763773,0.18669614
MOL_2912,0.68244523,0.20250356
MOL_2913,0.75662112,0.19036344
MOL_2914,0.32936776,0.08093590
MOL_2915,0.52096021,0.17164102
MOL_2916,0.68716919,0.15561400
MOL_2917,0.65894377,0.16818430
MOL_2918,0.60239917,0.20046259
MOL_2919,0.67298305,0.21039854
MOL_2920,0.69391215,0.20354813
MOL_2921,0.72714561,0.19304661
MOL_2922,0.58574581,0.13357307
MOL_2923,0.65708262,0.17143296
MOL_2924,0.67366600,0.17152783
MOL_2925,0.68817621,0.20610671
MOL_2926,0.71437454,0.19319364
MOL_2927,0.67908680,0.20039053
MOL_2928,0.69554496,0.18002325
MOL_2929,0.75294900,0.20633720
MOL_2930,0.66884625,0.19476888
MOL_2931,0.65146220,0.17984562
MOL_2932,0.64218611,0.18230054
MOL_2933,0.63118434,0.16727996
MOL_2934,0.67422068,0.17902170
MOL_2935,0.71552199,0.19442903
MOL_2936,0.71731400,0.21099006
MOL_2937,0.63401169,0.18030874
MOL_2938,0.60345680,0.20303734
MOL_2939,0.63693231,0.18661882
MOL_2940,0.71914130,0.17238310
MOL_2941,0.73510432,0.21299671
MOL_2942,0.68545151,0.18627825
MOL_2943,0.78306854,0.29779845
MOL_2944,0.59053785,0.16586514
MOL_2945,0.63197029,0.18885912
MOL_2946,0.69137436,0.18449423
MOL_2947,0.66609657,0.19103310
MOL_2948,0.67897618,0.16489884
MOL_2949,0.68925864,0.18445723
MOL_2950,0.64522374,0.17380902
MOL_2951,0.75811416,0.24084327
MOL_2952,0.75526559,0.20976704
MOL_2953,0.76601386,0.21999337
MOL_2954,0.73700303,0.18373397
MOL_2955,0.68748492,0.19774905
MOL_2956,0.61729670,0.16154203
MOL_2957,0.65761298,0.20219499
MOL_2958,0.58583337,0.14937077
MOL_2959,0.61620218,0.18234499
MOL_2960,0.65825975,0.17319736
MOL_2961,0.49742445,0.18726902
MOL_2962,0.70413071,0.17612141
MOL_2963,0.63575876,0.16288191
MOL_2964,0.70903295,0.22471292
MOL_2965,0.59283030,0.18330263
MOL_2966,0.63115746,0.17729433
MOL_2967,0.56483823,0.21213111
MOL_2968,0.73876268,0.21061103
MOL_2969,0.67419630,0.19601642
MOL_2970,0.74700898,0.21354650
MOL_2971,0.69611830,0.19943622
MOL_2972,0.66658992,0.19033183
MOL_2973,0.60951751,0.18258771
MOL_2974,0.72918886,0.19610003
MOL_2975,0.65914965,0.14871906
MOL_2976,0.70830101,0.21933362
MOL_2977,0.64840895,0.19066210
MOL_2978,0.68987274,0.19940859
MOL_2979,0.66384172,0.18367976
MOL_2980,0.68637997,0.21073909
MOL_2981,0.74209660,0.22240363
MOL_2982,0.67515826,0.21769457
MOL_2983,0.67672974,0.18057913
MOL_2984,0.68811828,0.20114473
MOL_2985,0.64420414,0.19711728
MOL_2986,0.61774480,0.14578448
MOL_2987,0.70637637,0.20426346
MOL_2988,0.71808398,0.19188243
MOL_2989,0.64829296,0.19630507
MOL_2990,0.73373866,0.21118128
MOL_2991,0.64309734,0.17274190
MOL_2992,0.62903601,0.16640233
MOL_2993,0.72262305,0.20695858
MOL_2994,0.73384118,0.20747182
MOL_2995,0.69043899,0.20722918
MOL_2996,0.68062150,0.20381097
MOL_2997,0.72618628,0.22175971
MOL_2998,0.68917888,0.18586643
MOL_2999,0.69204038,0.20665157
MOL_3000,0.66942787,0.20594971
MOL_3001,0.73153067,0.19309366
MOL_3002,0.62269354,0.16919783
MOL_3003,0.64325172,0.14706680
MOL_3004,0.73906958,0.19669922
MOL_3005,0.65753835,0.16919236
MOL_3006,0.70425487,0.21523811
MOL_3007,0.69340473,0.17323662
MOL_3008,0.70579141,0.19830881
MOL_3009,0.68919623,0.18051919
MOL_3010,0.66627800,0.20445913
MOL_3011,0.68143070,0.19821158
MOL_3012,0.64871168,0.20560598
MOL_3013,0.71186608,0.19260097
MOL_3014,0.66954392,0.19077165
MOL_3015,0.65475321,0.17236255
MOL_3016,0.47908354,0.14657201
MOL_3017,0.65538329,0.14785776
MOL_3018,0.68383473,0.22091979
MOL_3019,0.67147630,0.17394958
MOL_3020,0.72385526,0.20496354
MOL_3021,0.69820821,0.17701285
MOL_3022,0.57986325,0.17418717
MOL_3023,0.66018355,0.19977838
MOL_3024,0.67128241,0.16683081
MOL_3025,0.66003573,0.20408292
MOL_3026,0.61361152,0.17344050
MOL_3027,0.67069966,0.23747320
MOL_3028,0.63440359,0.16614918
MOL_3029,0.64208692,0.16589983
MOL_3030,0.57137537,0.14190173
MOL_3031,0.63333660,0.16561554
MOL_3032,0.72248197,0.21867360
MOL_3033,0.59636766,0.12312236
MOL_3034,0.52701807,0.11338869
MOL_3035,0.62842095,0.16827789
MOL_3036,0.59585297,0.16641931
MOL_3037,0.78068727,0.21943122
MOL_3038,0.69961369,0.19349472
MOL_3039,0.61245590,0.17142440
MOL_3040,0.63160026,0.19678949
MOL_3041,0.70644200,0.19768398
MOL_3042,0.70961541,0.21096851
MOL_3043,0.71601093,0.19623306
MOL_3044,0.68143588,0.19590789
MOL_3045,0.74318564,0.17988540
MOL_3046,0.65954614,0.20409583
MOL_3047,0.58899373,0.18706822
MOL_3048,0.65421182,0.17854393
MOL_3049,0.72840595,0.20902652
MOL_3050,0.59936935,0.16446202
MOL_3051,0.63504994,0.14655408
MOL_3052,0.55118787,0.17067650
MOL_3053,0.51353657,0.14472793
MOL_3054,0.68484092,0.19096906
MOL_3055,0.63249135,0.22926521
MOL_3056,0.73292893,0.20858765
MOL_3057,0.65644342,0.16744949
MOL_3058,0.65412068,0.17466669
MOL_3059,0.50888920,0.17796695
MOL_3060,0.66307026,0.18930902
MOL_3061,0.63200510,0.20089410
MOL_3062,0.46296576,0.17174865
MOL_3063,0.63344389,0.17983602
MOL_3064,0.65337414,0.17246367
MOL_3065,0.70406377,0.22358941
MOL_3066,0.59926462,0.14697160
MOL_3067,0.64533669,0.16927868
MOL_3068,0.69789743,0.20107721
MOL_3069,0.58491820,0.13309321
MOL_3070,0.63432389,0.17021057
MOL_3071,0.57190645,0.15122256
MOL_3072,0.56029332,0.13771546
MOL_3073,0.64977634,0.15891467
MOL_3074,0.61853564,0.17427801
MOL_3075,0.60426319,0.15396114
MOL_3076,0.66189992,0.17482243
MOL_3077,0.59386605,0.14700931
MOL_3078,0.63349164,0.13993834
MOL_3079,0.65951109,0.17716818
MOL_3080,0.62042767,0.18083574
MOL_3081,0.63833463,0.19634816
MOL_3082,0.66778880,0.18232158
MOL_3083,0.76658249,0.21629961
MOL_3084,0.70154566,0.18861385
MOL_3085,0.63319719,0.15848653
MOL_3086,0.59913677,0.19411542
MOL_3087,0.74761671,0.22713298
MOL_3088,0.75960910,0.24083357
MOL_3089,0.65003067,0.16701259
MOL_3090,0.68133754,0.21814723
MOL_3091,0.73316717,0.23873581
MOL_3092,0.64081067,0.19191782
MOL_3093,0.63615036,0.15549518
MOL_3094,0.68025255,0.20031956
MOL_3095,0.70284843,0.18503788
MOL_3096,0.51825160,0.21396311
MOL_3097,0.52447891,0.12819345
MOL_3098,0.66894305,0.17820670
MOL_3099,0.72534513,0.19530860
MOL_3100,0.61406529,0.21317892
MOL_3101,0.71371299,0.19721927
MOL_3102,0.60404193,0.16466379
MOL_3103,0.66084033,0.16014607
MOL_3104,0.64241683,0.18897112
MOL_3105,0.59273958,0.15661465
MOL_3106,0.65334177,0.17202610
MOL_3107,0.68116826,0.15915377
MOL_3108,0.67266971,0.19451337
MOL_3109,0.74981081,0.22540353
MOL_3110,0.57413501,0.15943317
MOL_3111,0.62537688,0.16002038
MOL_3112,0.72849500,0.18333504
MOL_3113,0.68333530,0.19643608
MOL_3114,0.62375945,0.17388903
MOL_3115,0.63668478,0.17060415
MOL_3116,0.53377503,0.12037041
MOL_3117,0.70255756,0.20618324
MOL_3118,0.61948723,0.16036831
MOL_3119,0.58123791,0.16166183
MOL_3120,0.53794277,0.11869223
MOL_3121,0.65358764,0.18472315
MOL_3122,0.74340469,0.21574397
MOL_3123,0.70272171,0.17619549
MOL_3124,0.63016212,0.16360241
MOL_3125,0.76985657,0.20956001
MOL_3126,0.62535846,0.15495539
MOL_3127,0.71015030,0.19693318
MOL_3128,0.69707596,0.19023505
MOL_3129,0.58845353,0.12144155
MOL_3130,0.59416986,0.15186189
MOL_3131,0.65681142,0.20371458
MOL_3132,0.63017565,0.15854754
MOL_3133,0.63186014,0.15584759
MOL_3134,0.66906708,0.17132820
MOL_3135,0.61600763,0.13295308
MOL_3136,0.56842959,0.19211942
MOL_3137,0.56047881,0.16215220
MOL_3138,0.67585462,0.18572797
MOL_3139,0.53823704,0.17223220
MOL_3140,0.53431058,0.11838429
MOL_3141,0.70232099,0.18211927
MOL_3142,0.62338746,0.15831760
MOL_3143,0.65172201,0.18310606
MOL_3144,0.68252444,0.26056212
MOL_3145,0.63543546,0.17366162
MOL_3146,0.66017127,0.18252283
MOL_3147,0.68350315,0.17932127
MOL_3148,0.51694757,0.16540016
MOL_3149,0.62704253,0.16933222
MOL_3150,0.69052190,0.18288773
MOL_3151,0.63019127,0.17967586
MOL_3152,0.67489147,0.19331364
MOL_3153,0.57484365,0.20732208
MOL_3154,0.65035242,0.18271799
MOL_3155,0.67437291,0.18108389
MOL_3156,0.73065084,0.23187838
MOL_3157,0.62542731,0.17529371
MOL_3158,0.61039007,0.16455320
MOL_3159,0.64118952,0.16379535
MOL_3160,0.61878628,0.16815671
MOL_3161,0.60941094,0.14575265
MOL_3162,0.65529567,0.21888134
MOL_3163,0.71361387,0.18600416
MOL_3164,0.63247681,0.17130831
MOL_3165,0.74018806,0.20895381
MOL_3166,0.63221139,0.18365309
MOL_3167,0.74696976,0.19948024
MOL_3168,0.66330981,0.18381405
MOL_3169,0.66069585,0.18989386
MOL_3170,0.47825244,0.11285447
MOL_3171,0.65859061,0.17924137
MOL_3172,0.63942671,0.17494534
MOL_3173,0.64420706,0.18177642
MOL_3174,0.56216234,0.15426569
MOL_3175,0.71831197,0.18972562
MOL_3176,0.55212808,0.17423674
MOL_3177,0.72991180,0.22681011
MOL_3178,0.59093928,0.23171534
MOL_3179,0.63094079,0.19660033
MOL_3180,0.72493893,0.19395874
MOL_3181,0.64097899,0.19546349
MOL_3182,0.77813476,0.20917426
MOL_3183,0.67357355,0.20399927
MOL_3184,0.47514138,0.14972040
MOL_3185,0.63264138,0.15837756
MOL_3186,0.75115770,0.20162216
MOL_3187,0.60432029,0.15302639
MOL_3188,0.60978067,0.18691249
MOL_3189,0.72149062,0.20244662
MOL_3190,0.49924329,0.11111920
MOL_3191,0.69166601,0.18620843
MOL_3192,0.57391036,0.11948761
MOL_3193,0.73900765,0.21978639
MOL_3194,0.66301185,0.18827951
MOL_3195,0.65516901,0.19008878
MOL_3196,0.60843062,0.15959868
MOL_3197,0.64979845,0.19907753
MOL_3198,0.75494599,0.20137246
MOL_3199,0.67144716,0.17767093
MOL_3200,0.71530211,0.19228767
MOL_3201,0.56357533,0.17927285
MOL_3202,0.56625378,0.15667951
MOL_3203,0.62607419,0.15297551
MOL_3204,0.55820727,0.13889520
MOL_3205,0.70066547,0.17495403
MOL_3206,0.64819324,0.19155751
MOL_3207,0.73638421,0.21353291
MOL_3208,0.64708281,0.18340619
MOL_3209,0.62037766,0.13865519
MOL_3210,0.69493556,0.21890081
MOL_3211,0.72092897,0.18135312
MOL_3212,0.69922942,0.19701700
MOL_3213,0.61441875,0.16258965
MOL_3214,0.67389798,0.20050395
MOL_3215,0.56086797,0.13421370
MOL_3216,0.70104557,0.17293943
MOL_3217,0.66416878,0.18292668
MOL_3218,0.68595511,0.17884602
MOL_3219,0.67081958,0.19150427
MOL_3220,0.62374824,0.16515352
MOL_3221,0.76678842,0.21838388
MOL_3222,0.61198640,0.13817984
MOL_3223,0.59973061,0.16669902
MOL_3224,0.56814587,0.19305350
MOL_3225,0.65860015,0.21563829
MOL_3226,0.76194096,0.19257219
MOL_3227,0.70450050,0.25825530
MOL_3228,0.65259057,0.17876054
MOL_3229,0.65639687,0.16522142
MOL_3230,0.54732209,0.11999357
MOL_3231,0.55416477,0.20922099
MOL_3232,0.72888696,0.19453679
MOL_3233,0.68887717,0.18751594
MOL_3234,0.67505521,0.23365536
MOL_3235,0.71078515,0.19687746
MOL_3236,0.67463714,0.19430526
MOL_3237,0.63651043,0.20367606
MOL_3238,0.60044837,0.15831223
MOL_3239,0.69669455,0.21936147
MOL_3240,0.63937825,0.19299905
MOL_3241,0.64311999,0.18724312
MOL_3242,0.77604383,0.22575104
MOL_3243,0.69843465,0.16596034
MOL_3244,0.56185156,0.14782012
MOL_3245,0.67084068,0.15464398
MOL_3246,0.52520490,0.15947166
MOL_3247,0.70607716,0.19389176
MOL_3248,0.64944929,0.20914748
MOL_3249,0.70708072,0.18979277
MOL_3250,0.65735716,0.18535309
MOL_3251,0.69636351,0.19833715
MOL_3252,0.64916986,0.18374167
MOL_3253,0.65405899,0.18461047
MOL_3254,0.71474898,0.22701952
MOL_3255,0.68232131,0.19146392
MOL_3256,0.66639072,0.19236265
MOL_3257,0.58981663,0.15394257
MOL_3258,0.67733264,0.20025396
MOL_3259,0.75217080,0.21718201
MOL_3260,0.58997029,0.19827886
MOL_3261,0.64407778,0.18376264
MOL_3262,0.65562344,0.21187361
MOL_3263,0.68384933,0.18428572
MOL_3264,0.53080159,0.11015122
MOL_3265,0.75468886,0.21676919
MOL_3266,0.68066692,0.16821562
MOL_3267,0.65278590,0.18765110
MOL_3268,0.63138729,0.19867833
MOL_3269,0.64358884,0.18117023
MOL_3270,0.75902706,0.21988621
MOL_3271,0.74635911,0.19535565
MOL_3272,0.66161293,0.24990408
MOL_3273,0.57971841,0.13681155
MOL_3274,0.64997447,0.16977993
MOL_3275,0.73346543,0.21726695
MOL_3276,0.69138217,0.20145726
MOL_3277,0.60242873,0.14731960
MOL_3278,0.72104627,0.18207456
MOL_3279,0.57634425,0.20945787
MOL_3280,0.49127448,0.16232195
MOL_3281,0.64773589,0.18568708
MOL_3282,0.67533910,0.21876456
MOL_3283,0.61608738,0.17119355
MOL_3284,0.63302797,0.17225778
MOL_3285,0.69006622,0.18151951
MOL_3286,0.68513858,0.18083248
MOL_3287,0.68858242,0.18685441
MOL_3288,0.65104532,0.21451858
MOL_3289,0.72410780,0.18350846
MOL_3290,0.62570977,0.16817434
MOL_3291,0.68882769,0.17719415
MOL_3292,0.64448321,0.18347648
MOL_3293,0.66424936,0.15292814
MOL_3294,0.72128904,0.20037954
MOL_3295,0.70383984,0.20813316
MOL_3296,0.68347567,0.17839898
MOL_3297,0.66692984,0.18378885
MOL_3298,0.68960029,0.20169084
MOL_3299,0.65282673,0.18662311
MOL_3300,0.68464738,0.18724318
MOL_3301,0.71666288,0.19900724
MOL_3302,0.70450515,0.17562862
MOL_3303,0.59020913,0.16135502
MOL_3304,0.70087123,0.18739609
MOL_3305,0.62129056,0.14427073
MOL_3306,0.75540018,0.20383710
MOL_3307,0.61400265,0.21874933
MOL_3308,0.74700898,0.21141268
MOL_3309,0.76328760,0.21910068
MOL_3310,0.36949307,0.08933123
MOL_3311,0.73944187,0.19757013
MOL_3312,0.65425766,0.17064117
MOL_3313,0.73575521,0.20322214
MOL_3314,0.59235513,0.16348082
MOL_3315,0.68207747,0.21065947
MOL_3316,0.49876872,0.17337032
MOL_3317,0.58447897,0.16223732
MOL_3318,0.65627939,0.18719794
MOL_3319,0.65651375,0.19187084
MOL_3320,0.67338985,0.20076880
MOL_3321,0.63632703,0.20552121
MOL_3322,0.69300938,0.18427645
MOL_3323,0.74219161,0.21700850
MOL_3324,0.66129845,0.18041483
MOL_3325,0.64127022,0.17688015
MOL_3326,0.67534363,0.16487625
MOL_3327,0.63587576,0.15577129
MOL_3328,0.70533341,0.18696977
MOL_3329,0.69144291,0.21309766
MOL_3330,0.65317887,0.19196820
MOL_3331,0.70242953,0.20936421
MOL_3332,0.56585240,0.21611343
MOL_3333,0.71251476,0.19635542
MOL_3334,0.52734649,0.11896579
MOL_3335,0.58568841,0.16230042
MOL_3336,0.66011053,0.19068883
MOL_3337,0.65193480,0.18712462
MOL_3338,0.61168498,0.15927009
MOL_3339,0.75818533,0.20614499
MOL_3340,0.57561851,0.13399854
MOL_3341,0.59715134,0.17914204
MOL_3342,0.68811959,0.16231070
MOL_3343,0.74944490,0.21863008
MOL_3344,0.72039855,0.18216121
MOL_3345,0.75657701,0.21126203
MOL_3346,0.72634429,0.18554462
MOL_3347,0.69359839,0.20625459
MOL_3348,0.63330168,0.19384538
MOL_3349,0.61915827,0.18316956
MOL_3350,0.65765750,0.19889042
MOL_3351,0.63590658,0.17927308
MOL_3352,0.62878829,0.14150044
MOL_3353,0.75374556,0.19331734
MOL_3354,0.70650405,0.20811731
MOL_3355,0.68928891,0.17973427
MOL_3356,0.68034840,0.20162436
MOL_3357,0.63273013,0.17165273
MOL_3358,0.65898627,0.16920257
MOL_3359,0.66207939,0.17985959
MOL_3360,0.70386869,0.19533737
MOL_3361,0.59144276,0.16352810
MOL_3362,0.63472795,0.16876498
MOL_3363,0.66602194,0.19643354
MOL_3364,0.53489119,0.12940775
MOL_3365,0.66648793,0.19551590
