compound_id,max_cos_to_actives,mean_cos_to_actives
MOL_1,0.65294313,0.46404967
MOL_2,0.67535728,0.46938747
MOL_3,0.68698430,0.46567205
MOL_4,0.87597334,0.53750527
MOL_5,0.69661736,0.47322956
MOL_6,0.65687186,0.43146685
MOL_7,0.68541390,0.44062319
MOL_8,0.68589425,0.46993744
MOL_9,0.69848961,0.49763486
MOL_10,0.69458407,0.48319221
MOL_11,0.61933064,0.38799450
MOL_12,0.70336670,0.42203951
MOL_13,0.69820100,0.46554267
MOL_14,0.69948310,0.46560490
MOL_15,0.67497975,0.47688463
MOL_16,0.62098545,0.39524803
MOL_17,0.70922387,0.49709600
MOL_18,0.70233232,0.46838915
MOL_19,0.70590794,0.49183467
MOL_20,0.67930794,0.46621481
MOL_21,0.68022907,0.46400082
MOL_22,0.69328254,0.46502110
MOL_23,0.65188783,0.45851347
MOL_24,0.65850180,0.46427536
MOL_25,0.72391951,0.47840250
MOL_26,0.71681154,0.50947487
MOL_27,0.68886298,0.46314552
MOL_28,0.70283318,0.46659979
MOL_29,0.71034938,0.49798617
MOL_30,0.63410711,0.41727960
MOL_31,0.71636319,0.47442535
MOL_32,0.66508508,0.44401646
MOL_33,0.81557870,0.46037531
MOL_34,0.73561263,0.49244362
MOL_35,0.69673759,0.47625315
MOL_36,0.61538047,0.41876066
MOL_37,0.69774312,0.47729775
MOL_38,0.66833121,0.44908416
MOL_39,0.70874441,0.49206671
MOL_40,0.66854441,0.46676213
MOL_41,0.66835755,0.44340980
MOL_42,0.64104265,0.45168355
MOL_43,0.68396598,0.47127855
MOL_44,0.70050389,0.46822071
MOL_45,0.64038104,0.43338820
MOL_46,0.63890463,0.43360740
MOL_47,0.70529979,0.48567492
MOL_48,0.64352697,0.43729132
MOL_49,0.72388875,0.47372311
MOL_50,0.71813035,0.48803082
MOL_51,0.72210276,0.50011575
MOL_52,0.69973266,0.49110079
MOL_53,0.68627894,0.47019213
MOL_54,0.70528042,0.47807446
MOL_55,0.88994306,0.55893117
MOL_56,0.70952630,0.50472713
MOL_57,0.69259310,0.48374215
MOL_58,0.69934970,0.46713448
MOL_59,0.65893471,0.43710065
MOL_60,0.70340687,0.48156631
MOL_61,0.68750793,0.45595703
MOL_62,0.70404768,0.48939261
MOL_63,0.69498962,0.47269022
MOL_64,0.71003538,0.50083190
MOL_65,0.66209978,0.45266327
MOL_66,0.68621540,0.48591402
MOL_67,0.71904337,0.48481664
MOL_68,0.71964151,0.46902627
MOL_69,0.69983292,0.47062221
MOL_70,0.67168140,0.44457042
MOL_71,0.67259926,0.46099126
MOL_72,0.67780167,0.48202395
MOL_73,0.65413654,0.45366740
MOL_74,0.62465554,0.43682629
MOL_75,0.65699619,0.44897494
MOL_76,0.71194136,0.49034810
MOL_77,0.74165219,0.44881195
MOL_78,0.65855151,0.45978475
MOL_79,0.70854789,0.49936000
MOL_80,0.67827737,0.43637431
MOL_81,0.67739302,0.45631012
MOL_82,0.67095906,0.43502411
MOL_83,0.81772602,0.49863121
MOL_84,0.80219722,0.55877626
MOL_85,0.65328336,0.44328979
MOL_86,0.67385083,0.45361984
MOL_87,0.69417894,0.46723339
MOL_88,0.66990006,0.44166490
MOL_89,0.69526297,0.47640258
MOL_90,0.70252681,0.48201001
MOL_91,0.86476094,0.59389645
MOL_92,0.66084963,0.43382084
MOL_93,0.67107815,0.44724759
MOL_94,0.67184412,0.45435634
MOL_95,0.68104142,0.44400233
MOL_96,0.67187083,0.44144794
MOL_97,0.69379932,0.46957141
MOL_98,0.70898008,0.45557714
MOL_99,0.65502286,0.42173770
MOL_100,0.70572090,0.47325671
MOL_101,0.75541806,0.49026340
MOL_102,0.66805333,0.44562167
MOL_103,0.66727161,0.46059278
MOL_104,0.70462197,0.48405984
MOL_105,0.71683234,0.45714775
MOL_106,0.87797737,0.54307991
MOL_107,0.64978367,0.44859010
MOL_108,0.64385098,0.45061523
MOL_109,0.64654350,0.45973301
MOL_110,0.69302654,0.46188670
MOL_111,0.88123351,0.60075986
MOL_112,0.73916233,0.49504718
MOL_113,0.67607981,0.45630029
MOL_114,0.63774127,0.40588993
MOL_115,0.67922550,0.45905563
MOL_116,0.70226562,0.48955438
MOL_117,0.64268661,0.44187278
MOL_118,0.71625447,0.45610112
MOL_119,0.65158725,0.46041754
MOL_120,0.66150361,0.46039531
MOL_121,0.71798462,0.48028699
MOL_122,0.70620722,0.49025598
MOL_123,0.70717937,0.43836746
MOL_124,0.66482580,0.45160523
MOL_125,0.67668474,0.44833323
MOL_126,0.66018432,0.43840963
MOL_127,0.66403973,0.45718423
MOL_128,0.64841807,0.44402131
MOL_129,0.78365028,0.55100924
MOL_130,0.67613965,0.47752842
MOL_131,0.62247396,0.39099756
MOL_132,0.72056025,0.44934464
MOL_133,0.69126457,0.47806099
MOL_134,0.86721224,0.53098613
MOL_135,0.66746712,0.42783225
MOL_136,0.68411523,0.46630388
MOL_137,0.68032813,0.44876498
MOL_138,0.68098032,0.45907256
MOL_139,0.64681190,0.45210823
MOL_140,0.72655177,0.49327317
MOL_141,0.67718297,0.47365651
MOL_142,0.68486816,0.48104784
MOL_143,0.65448719,0.43499622
MOL_144,0.67718512,0.47653064
MOL_145,0.64394742,0.45141751
MOL_146,0.66540498,0.44759041
MOL_147,0.67937195,0.47205114
MOL_148,0.70331973,0.46785718
MOL_149,0.70463830,0.46406242
MOL_150,0.71635687,0.49259993
MOL_151,0.66748977,0.46281737
MOL_152,0.68942451,0.47659555
MOL_153,0.68894529,0.46705794
MOL_154,0.69857883,0.49071109
MOL_155,0.65798044,0.46510714
MOL_156,0.67067325,0.46274617
MOL_157,0.72019660,0.48910779
MOL_158,0.88833183,0.54084796
MOL_159,0.67450517,0.44972166
MOL_160,0.64977419,0.44882160
MOL_161,0.64104229,0.41844872
MOL_162,0.66243207,0.44573247
MOL_163,0.70181775,0.44836169
MOL_164,0.68039703,0.45737019
MOL_165,0.67515117,0.46526372
MOL_166,0.67143232,0.47687906
MOL_167,0.66413069,0.45141393
MOL_168,0.65397066,0.46275234
MOL_169,0.67350382,0.45854431
MOL_170,0.63737106,0.43852362
MOL_171,0.66918838,0.47437277
MOL_172,0.68754536,0.46716973
MOL_173,0.68357176,0.44994879
MOL_174,0.65755689,0.43235675
MOL_175,0.70288807,0.48672125
MOL_176,0.66117418,0.44049916
MOL_177,0.64497602,0.43058598
MOL_178,0.65861088,0.44988963
MOL_179,0.65321374,0.44789889
MOL_180,0.84668511,0.55362087
MOL_181,0.64171052,0.46169221
MOL_182,0.67425972,0.48593605
MOL_183,0.70313388,0.47965837
MOL_184,0.63727194,0.45409343
MOL_185,0.69052714,0.47448632
MOL_186,0.68888617,0.48250416
MOL_187,0.71033782,0.45567763
MOL_188,0.67296261,0.47035703
MOL_189,0.64345783,0.45253545
MOL_190,0.70039809,0.46162754
MOL_191,0.75162852,0.49655318
MOL_192,0.72959059,0.43235144
MOL_193,0.69895613,0.48528823
MOL_194,0.70925069,0.49051431
MOL_195,0.67477143,0.45757100
MOL_196,0.73745978,0.49494165
MOL_197,0.65348053,0.45997027
MOL_198,0.82099575,0.51146609
MOL_199,0.66412687,0.42301542
MOL_200,0.68715966,0.47712767
MOL_201,0.65902311,0.45522755
MOL_202,0.64677465,0.44954690
MOL_203,0.68355066,0.46780071
MOL_204,0.88493580,0.51135343
MOL_205,0.69377917,0.47034848
MOL_206,0.66076332,0.44727406
MOL_207,0.71498275,0.47430202
MOL_208,0.67440873,0.45718098
MOL_209,0.67769206,0.44863829
MOL_210,0.66253543,0.43334213
MOL_211,0.78714103,0.49614406
MOL_212,0.66145647,0.47817248
MOL_213,0.89736181,0.50777137
MOL_214,0.67132598,0.45130774
MOL_215,0.66740876,0.41079375
MOL_216,0.66297346,0.44612324
MOL_217,0.69393766,0.48530424
MOL_218,0.65161389,0.45048726
MOL_219,0.68144226,0.46409932
MOL_220,0.70891118,0.49294767
MOL_221,0.72566354,0.49490133
MOL_222,0.69911093,0.43881759
MOL_223,0.68649483,0.46484125
MOL_224,0.70558023,0.47009575
MOL_225,0.69262493,0.48200771
MOL_226,0.67747688,0.46343303
MOL_227,0.68253469,0.48942310
MOL_228,0.67842638,0.42188424
MOL_229,0.69039822,0.47589087
MOL_230,0.85245007,0.56152254
MOL_231,0.69882339,0.46880725
MOL_232,0.70486993,0.47776827
MOL_233,0.67039371,0.46781752
MOL_234,0.70509619,0.46324044
MOL_235,0.69631940,0.47332540
MOL_236,0.66050285,0.44498628
MOL_237,0.68306762,0.48023924
MOL_238,0.66735899,0.45044485
MOL_239,0.67664087,0.44830534
MOL_240,0.69522226,0.48432934
MOL_241,0.68936425,0.44677755
MOL_242,0.70346576,0.48165318
MOL_243,0.77576965,0.52192682
MOL_244,0.67353576,0.45728812
MOL_245,0.69104892,0.46842146
MOL_246,0.69722885,0.46390226
MOL_247,0.69532466,0.44506416
MOL_248,0.67776322,0.46834046
MOL_249,0.67294925,0.47967255
MOL_250,0.68180013,0.47907880
MOL_251,0.61843455,0.41185296
MOL_252,0.66225713,0.47324610
MOL_253,0.83034766,0.49351490
MOL_254,0.65972072,0.44264141
MOL_255,0.66288877,0.44169182
MOL_256,0.68350857,0.44521481
MOL_257,0.83737594,0.53473967
MOL_258,0.66752303,0.45633322
MOL_259,0.71761018,0.49802142
MOL_260,0.64917475,0.44868493
MOL_261,0.65974879,0.43903902
MOL_262,0.61930078,0.42774352
MOL_263,0.69022167,0.47128612
MOL_264,0.70587575,0.47519541
MOL_265,0.66650927,0.41621411
MOL_266,0.65449852,0.43715003
MOL_267,0.68340647,0.44411957
MOL_268,0.64463997,0.45736513
MOL_269,0.68739963,0.47688937
MOL_270,0.67353904,0.46450174
MOL_271,0.66974229,0.45379868
MOL_272,0.69059300,0.47769344
MOL_273,0.69169176,0.48014787
MOL_274,0.69489986,0.44802624
MOL_275,0.66812825,0.45179760
MOL_276,0.70958453,0.48608705
MOL_277,0.69055563,0.46283662
MOL_278,0.69187164,0.47011659
MOL_279,0.68021590,0.47482365
MOL_280,0.59373337,0.42155543
MOL_281,0.60651296,0.41672170
MOL_282,0.64254707,0.41689861
MOL_283,0.70649755,0.45314017
MOL_284,0.69807172,0.43196061
MOL_285,0.67654616,0.46936342
MOL_286,0.68179369,0.45444101
MOL_287,0.70173550,0.47450554
MOL_288,0.67807162,0.42612442
MOL_289,0.66377556,0.44643828
MOL_290,0.72164929,0.43933454
MOL_291,0.77807105,0.52831119
MOL_292,0.69041735,0.49011013
MOL_293,0.70298922,0.47231290
MOL_294,0.70511317,0.46899813
MOL_295,0.64440513,0.43783152
MOL_296,0.66385508,0.44624668
MOL_297,0.70924282,0.49276650
MOL_298,0.70857733,0.48835573
MOL_299,0.68344438,0.45821965
MOL_300,0.64255953,0.45498899
MOL_301,0.68405682,0.48092273
MOL_302,0.66284257,0.44033575
MOL_303,0.72108632,0.48024344
MOL_304,0.68312991,0.48877755
MOL_305,0.70256513,0.47495198
MOL_306,0.68493450,0.48926747
MOL_307,0.69277924,0.46827906
MOL_308,0.68401855,0.45858932
MOL_309,0.68478799,0.47571129
MOL_310,0.69251144,0.47669595
MOL_311,0.67458415,0.46377647
MOL_312,0.67429072,0.47347152
MOL_313,0.64592290,0.44800141
MOL_314,0.66442257,0.46733621
MOL_315,0.63365740,0.44043896
MOL_316,0.68270278,0.44751072
MOL_317,0.72309405,0.47933519
MOL_318,0.68500698,0.50746101
MOL_319,0.64089596,0.42230049
MOL_320,0.71422869,0.49300346
MOL_321,0.69355655,0.47882089
MOL_322,0.69153202,0.43342677
MOL_323,0.62777025,0.42891690
MOL_324,0.74385822,0.51853567
MOL_325,0.71814585,0.49178627
MOL_326,0.68630201,0.43692723
MOL_327,0.70154738,0.47857833
MOL_328,0.68767583,0.48689151
MOL_329,0.70398945,0.47734445
MOL_330,0.72287530,0.47907758
MOL_331,0.69003868,0.47583416
MOL_332,0.72385848,0.47955173
MOL_333,0.68888396,0.47959197
MOL_334,0.71755403,0.48080614
MOL_335,0.67687285,0.44405180
MOL_336,0.82471144,0.51518494
MOL_337,0.68001449,0.45391965
MOL_338,0.65910733,0.44858104
MOL_339,0.68319237,0.47368661
MOL_340,0.66157264,0.47046289
MOL_341,0.80009419,0.52046186
MOL_342,0.63432515,0.41846716
MOL_343,0.79782575,0.58277988
MOL_344,0.65587902,0.44839022
MOL_345,0.65287495,0.44197795
MOL_346,0.65703505,0.44992498
MOL_347,0.80760694,0.53049409
MOL_348,0.70188081,0.49084464
MOL_349,0.65508980,0.44711265
MOL_350,0.68719006,0.47560057
MOL_351,0.74286687,0.50021493
MOL_352,0.65856987,0.42934883
MOL_353,0.68216795,0.44201273
MOL_354,0.66450131,0.44674599
MOL_355,0.68381608,0.48290697
MOL_356,0.69180298,0.47282729
MOL_357,0.66968584,0.46353275
MOL_358,0.63866717,0.46125522
MOL_359,0.61116022,0.43425554
MOL_360,0.64124644,0.40556532
MOL_361,0.66062206,0.46920836
MOL_362,0.66552222,0.43698969
MOL_363,0.67774004,0.47244939
MOL_364,0.67381275,0.45047379
MOL_365,0.72997862,0.48976788
MOL_366,0.75052172,0.53141695
MOL_367,0.67884976,0.45278040
MOL_368,0.69735271,0.45371431
MOL_369,0.65844989,0.46025106
MOL_370,0.68713915,0.46409944
MOL_371,0.70550144,0.47275054
MOL_372,0.66904128,0.45151174
MOL_373,0.71187395,0.45418814
MOL_374,0.65285212,0.46318483
MOL_375,0.68871570,0.47435725
MOL_376,0.87187403,0.49246150
MOL_377,0.68229842,0.46464163
MOL_378,0.66111356,0.44870311
MOL_379,0.63933766,0.42684707
MOL_380,0.68823040,0.46514526
MOL_381,0.66119719,0.48050314
MOL_382,0.74532211,0.48949417
MOL_383,0.62903303,0.43021092
MOL_384,0.71489763,0.49519485
MOL_385,0.69256598,0.45481220
MOL_386,0.67555451,0.46196577
MOL_387,0.86150211,0.52964747
MOL_388,0.70363885,0.47280824
MOL_389,0.67644584,0.45325556
MOL_390,0.70012677,0.48190957
MOL_391,0.73434001,0.50300258
MOL_392,0.70166200,0.46985999
MOL_393,0.66047382,0.44539648
MOL_394,0.64526469,0.43956164
MOL_395,0.69112211,0.48756966
MOL_396,0.64571404,0.45073789
MOL_397,0.66940647,0.45080146
MOL_398,0.85971349,0.52586359
MOL_399,0.71842027,0.49835238
MOL_400,0.69493628,0.46576682
MOL_401,0.64408702,0.41472635
MOL_402,0.71114582,0.47903296
MOL_403,0.67551857,0.45446926
MOL_404,0.71124357,0.48326164
MOL_405,0.77179527,0.53251243
MOL_406,0.71341336,0.49516538
MOL_407,0.67978996,0.46340671
MOL_408,0.69299448,0.46342114
MOL_409,0.66536927,0.46227345
MOL_410,0.72360051,0.52948874
MOL_411,0.69855589,0.47024736
MOL_412,0.84579057,0.57583004
MOL_413,0.70835590,0.44922158
MOL_414,0.70399290,0.47914681
MOL_415,0.67482924,0.45846537
MOL_416,0.68110830,0.46597666
MOL_417,0.66583204,0.44871458
MOL_418,0.67702127,0.46391499
MOL_419,0.67335737,0.46383429
MOL_420,0.69755954,0.48643175
MOL_421,0.71336877,0.49402812
MOL_422,0.68516177,0.47106725
MOL_423,0.65209466,0.43694794
MOL_424,0.70722890,0.48080927
MOL_425,0.70810282,0.48075312
MOL_426,0.66100967,0.45169723
MOL_427,0.69756824,0.44402286
MOL_428,0.66508383,0.44752198
MOL_429,0.70892072,0.49875700
MOL_430,0.87804550,0.47749358
MOL_431,0.62479776,0.37945870
MOL_432,0.65452170,0.43012524
MOL_433,0.70326036,0.47505260
MOL_434,0.68395066,0.46348506
MOL_435,0.65651983,0.44087523
MOL_436,0.69725263,0.45888168
MOL_437,0.69551468,0.44737771
MOL_438,0.70671195,0.48937970
MOL_439,0.65462011,0.41683856
MOL_440,0.73000157,0.48820513
MOL_441,0.72269976,0.48305726
MOL_442,0.70475680,0.47418538
MOL_443,0.65969324,0.46598342
MOL_444,0.68112236,0.46027482
MOL_445,0.68931943,0.48479176
MOL_446,0.70622647,0.44458535
MOL_447,0.73637640,0.49474186
MOL_448,0.70319074,0.48501188
MOL_449,0.67926764,0.46466064
MOL_450,0.69852018,0.49426669
MOL_451,0.69707650,0.46548527
MOL_452,0.73361903,0.48124298
MOL_453,0.68888766,0.46859258
MOL_454,0.65433306,0.42608464
MOL_455,0.68667942,0.45988515
MOL_456,0.65194654,0.42443573
MOL_457,0.64675742,0.44467840
MOL_458,0.71041381,0.47635543
MOL_459,0.69291824,0.47222069
MOL_460,0.70890015,0.47331458
MOL_461,0.70263898,0.45219040
MOL_462,0.70461315,0.49414045
MOL_463,0.89365202,0.48026967
MOL_464,0.70009315,0.47320315
MOL_465,0.64888638,0.43695992
MOL_466,0.65992707,0.46688029
MOL_467,0.65880853,0.45278344
MOL_468,0.75552505,0.51913106
MOL_469,0.68731862,0.46181461
MOL_470,0.67378587,0.44326168
MOL_471,0.69904566,0.48818931
MOL_472,0.73534024,0.49551383
MOL_473,0.69403678,0.47028503
MOL_474,0.71026200,0.46890345
MOL_475,0.71081680,0.48418733
MOL_476,0.69870585,0.47978255
MOL_477,0.90933740,0.59635830
MOL_478,0.72147417,0.49908006
MOL_479,0.66378796,0.45628849
MOL_480,0.69630235,0.47134417
MOL_481,0.67118931,0.45421562
MOL_482,0.70062518,0.48009494
MOL_483,0.65192938,0.44605133
MOL_484,0.70721608,0.48253444
MOL_485,0.70410568,0.48817468
MOL_486,0.82043463,0.46243843
MOL_487,0.70008892,0.48353797
MOL_488,0.68058705,0.46108544
MOL_489,0.65707642,0.45750919
MOL_490,0.65834635,0.44434434
MOL_491,0.65783215,0.44250003
MOL_492,0.67205626,0.46198282
MOL_493,0.71278608,0.49546108
MOL_494,0.72231692,0.49729657
MOL_495,0.64529777,0.43667045
MOL_496,0.64225519,0.44830394
MOL_497,0.67550182,0.42255804
MOL_498,0.69505703,0.42114833
MOL_499,0.66736984,0.46220058
MOL_500,0.83278173,0.51794195
MOL_501,0.70526618,0.50985944
MOL_502,0.68928796,0.46909067
MOL_503,0.58658749,0.40364993
MOL_504,0.61294031,0.38590854
MOL_505,0.71949393,0.49023363
MOL_506,0.66160440,0.45565772
MOL_507,0.69415307,0.48660868
MOL_508,0.70119661,0.47607946
MOL_509,0.69571286,0.48420873
MOL_510,0.69704640,0.47266901
MOL_511,0.69108778,0.46111494
MOL_512,0.69596845,0.46927446
MOL_513,0.70462459,0.47283760
MOL_514,0.71408856,0.48079571
MOL_515,0.71193397,0.47661045
MOL_516,0.70189810,0.48631948
MOL_517,0.65028924,0.43378320
MOL_518,0.72271687,0.47786739
MOL_519,0.66026509,0.43985131
MOL_520,0.73047268,0.48396614
MOL_521,0.70013285,0.43394545
MOL_522,0.71247655,0.48499197
MOL_523,0.69644213,0.48906174
MOL_524,0.70738757,0.46317568
MOL_525,0.64469934,0.42728364
MOL_526,0.68650454,0.47353801
MOL_527,0.64475125,0.42059010
MOL_528,0.71990240,0.50497979
MOL_529,0.70577466,0.44896492
MOL_530,0.69231725,0.44448960
MOL_531,0.67201585,0.44501814
MOL_532,0.66356671,0.45435303
MOL_533,0.69054997,0.47505167
MOL_534,0.70894462,0.48602444
MOL_535,0.69048244,0.47992352
MOL_536,0.67158115,0.44796532
MOL_537,0.66654468,0.45614204
MOL_538,0.61147332,0.43599924
MOL_539,0.72267348,0.49941161
MOL_540,0.67341787,0.47085330
MOL_541,0.91792673,0.52894509
MOL_542,0.71766269,0.48609212
MOL_543,0.72337437,0.50533503
MOL_544,0.70916110,0.47629339
MOL_545,0.70056289,0.49334577
MOL_546,0.68926591,0.45658824
MOL_547,0.71113527,0.45313272
MOL_548,0.87842715,0.53714216
MOL_549,0.72257316,0.49806115
MOL_550,0.65266705,0.45526367
MOL_551,0.69965887,0.48132336
MOL_552,0.65588158,0.44720641
MOL_553,0.69598424,0.47298923
MOL_554,0.68329847,0.45413136
MOL_555,0.70338339,0.46852195
MOL_556,0.68696189,0.47410879
MOL_557,0.67927837,0.41871211
MOL_558,0.85153723,0.58454269
MOL_559,0.69463664,0.47907650
MOL_560,0.68358213,0.48094770
MOL_561,0.86725616,0.47729787
MOL_562,0.68644768,0.48476681
MOL_563,0.71110159,0.46542463
MOL_564,0.90891814,0.51370913
MOL_565,0.69831514,0.47168234
MOL_566,0.70511603,0.49254867
MOL_567,0.66854030,0.46372968
MOL_568,0.64744902,0.45804539
MOL_569,0.62354517,0.41164628
MOL_570,0.67388368,0.46577182
MOL_571,0.69618297,0.46821150
MOL_572,0.58568209,0.37072298
MOL_573,0.65478992,0.41828740
MOL_574,0.88400656,0.51302809
MOL_575,0.67561972,0.47181270
MOL_576,0.68771756,0.48743308
MOL_577,0.69417101,0.47077638
MOL_578,0.67752421,0.48312423
MOL_579,0.67643648,0.46044639
MOL_580,0.67060733,0.48879731
MOL_581,0.72286862,0.52079362
MOL_582,0.81678993,0.51105207
MOL_583,0.70250434,0.50725085
MOL_584,0.66618085,0.48811066
MOL_585,0.63900846,0.40486878
MOL_586,0.80837506,0.55895877
MOL_587,0.88313144,0.52502793
MOL_588,0.68238533,0.45317468
MOL_589,0.63215441,0.40727279
MOL_590,0.70842582,0.47142124
MOL_591,0.65730095,0.43008441
MOL_592,0.71487677,0.47743192
MOL_593,0.65587527,0.46732590
MOL_594,0.69133085,0.47317049
MOL_595,0.66126794,0.45390603
MOL_596,0.69725925,0.45456007
MOL_597,0.64099115,0.44241816
MOL_598,0.65095311,0.45541674
MOL_599,0.88596338,0.47239557
MOL_600,0.65364319,0.45606384
MOL_601,0.69123048,0.46351337
MOL_602,0.65648204,0.45700055
MOL_603,0.64915055,0.45512050
MOL_604,0.86517012,0.53078020
MOL_605,0.61482251,0.44008860
MOL_606,0.68544883,0.44468015
MOL_607,0.78494716,0.52467370
MOL_608,0.77462369,0.53238899
MOL_609,0.67528898,0.43178588
MOL_610,0.82389128,0.54997653
MOL_611,0.67987573,0.44164279
MOL_612,0.64070815,0.40687487
MOL_613,0.68446946,0.45605302
MOL_614,0.70489812,0.46981072
MOL_615,0.63190019,0.44345906
MOL_616,0.66499496,0.43972945
MOL_617,0.63069922,0.43187869
MOL_618,0.67269444,0.46804240
MOL_619,0.72656649,0.45306522
MOL_620,0.67953008,0.46139765
MOL_621,0.64454728,0.44594234
MOL_622,0.65719414,0.45338300
MOL_623,0.62685937,0.43476972
MOL_624,0.71270502,0.49191460
MOL_625,0.68081975,0.44068700
MOL_626,0.68346053,0.44698942
MOL_627,0.86409998,0.53788310
MOL_628,0.71212399,0.47216249
MOL_629,0.64410675,0.42414764
MOL_630,0.64886463,0.44371819
MOL_631,0.69460189,0.44615859
MOL_632,0.70337772,0.48115474
MOL_633,0.74068803,0.43724841
MOL_634,0.69166833,0.47302076
MOL_635,0.64566171,0.40666094
MOL_636,0.66008675,0.45004737
MOL_637,0.70369262,0.46642354
MOL_638,0.68923861,0.46966645
MOL_639,0.70868695,0.45061949
MOL_640,0.87349623,0.50322628
MOL_641,0.65606600,0.41479620
MOL_642,0.70752883,0.42933369
MOL_643,0.66833717,0.47345585
MOL_644,0.64748341,0.41163805
MOL_645,0.66894794,0.45464432
MOL_646,0.70429724,0.47644451
MOL_647,0.84906012,0.51334065
MOL_648,0.67525029,0.44289106
MOL_649,0.66835558,0.46236089
MOL_650,0.66859126,0.47007307
MOL_651,0.64745837,0.45127490
MOL_652,0.69912916,0.48125523
MOL_653,0.71312529,0.47628012
MOL_654,0.79895753,0.44759312
MOL_655,0.64446580,0.41680512
MOL_656,0.70084196,0.48003444
MOL_657,0.68228900,0.47437578
MOL_658,0.68094611,0.47535348
MOL_659,0.72514772,0.45382330
MOL_660,0.64336061,0.44643116
MOL_661,0.68135017,0.45205036
MOL_662,0.84780592,0.50919986
MOL_663,0.80041838,0.46066365
MOL_664,0.70740086,0.49789205
MOL_665,0.68181437,0.46235511
MOL_666,0.76383072,0.51912230
MOL_667,0.67871773,0.46761361
MOL_668,0.70317364,0.46462896
MOL_669,0.63590819,0.43957743
MOL_670,0.67876995,0.45477003
MOL_671,0.87755924,0.49817434
MOL_672,0.69330549,0.44666654
MOL_673,0.63081300,0.43793976
MOL_674,0.69212842,0.45192948
MOL_675,0.70301378,0.46200374
MOL_676,0.72177386,0.45115620
MOL_677,0.70742226,0.46347836
MOL_678,0.68878633,0.47486150
MOL_679,0.61946774,0.42650074
MOL_680,0.72162080,0.50618583
MOL_681,0.82234943,0.53631216
MOL_682,0.69778365,0.47644293
MOL_683,0.70608121,0.47827041
MOL_684,0.65590769,0.44988570
MOL_685,0.67496496,0.45181903
MOL_686,0.66366625,0.44663215
MOL_687,0.70383114,0.47600359
MOL_688,0.67601949,0.46047154
MOL_689,0.68354970,0.46610063
MOL_690,0.64102441,0.47102043
MOL_691,0.65136552,0.44969431
MOL_692,0.71214122,0.48747915
MOL_693,0.68135262,0.47197521
MOL_694,0.66825402,0.45790845
MOL_695,0.79547781,0.53069967
MOL_696,0.87642097,0.52416104
MOL_697,0.67862308,0.44801417
MOL_698,0.63882631,0.42723876
MOL_699,0.67020649,0.47315225
MOL_700,0.85061210,0.52184188
MOL_701,0.68595922,0.42608967
MOL_702,0.65786421,0.45917583
MOL_703,0.86920404,0.50777489
MOL_704,0.72093666,0.51591510
MOL_705,0.67328542,0.46907473
MOL_706,0.68924940,0.46758929
MOL_707,0.71617150,0.45626229
MOL_708,0.84307462,0.50342697
MOL_709,0.68732923,0.45461237
MOL_710,0.69176924,0.47358507
MOL_711,0.69897574,0.46375445
MOL_712,0.68927044,0.47586438
MOL_713,0.70540184,0.48426321
MOL_714,0.83586144,0.55042636
MOL_715,0.72621912,0.45945612
MOL_716,0.70047206,0.49907374
MOL_717,0.69936043,0.48088819
MOL_718,0.69763154,0.46120608
MOL_719,0.63149381,0.42038563
MOL_720,0.71131653,0.46335262
MOL_721,0.66634136,0.47632194
MOL_722,0.66655278,0.44125587
MOL_723,0.70972180,0.47010854
MOL_724,0.67874479,0.48825926
MOL_725,0.66829175,0.44953483
MOL_726,0.68487519,0.47893509
MOL_727,0.68462807,0.45688963
MOL_728,0.67496443,0.46773976
MOL_729,0.68227047,0.47385520
MOL_730,0.69433570,0.47282305
MOL_731,0.66800135,0.45513323
MOL_732,0.66427231,0.45117149
MOL_733,0.68847817,0.47153866
MOL_734,0.68416530,0.45617971
MOL_735,0.68947256,0.47365934
MOL_736,0.65400219,0.45335385
MOL_737,0.67297482,0.45850524
MOL_738,0.66552347,0.46699396
MOL_739,0.65003878,0.46940309
MOL_740,0.66619718,0.46823162
MOL_741,0.67590284,0.47220272
MOL_742,0.70853519,0.48659131
MOL_743,0.71178889,0.46641269
MOL_744,0.72135270,0.51569670
MOL_745,0.71741301,0.47953284
MOL_746,0.70644850,0.50281608
MOL_747,0.66474146,0.45268726
MOL_748,0.68455374,0.47548151
MOL_749,0.72273129,0.47457686
MOL_750,0.69953841,0.47607172
MOL_751,0.66706508,0.45192841
MOL_752,0.69268352,0.46163580
MOL_753,0.67011029,0.44043976
MOL_754,0.68664938,0.46470681
MOL_755,0.70401591,0.48750782
MOL_756,0.70584434,0.49651265
MOL_757,0.66571373,0.46182659
MOL_758,0.67220455,0.46839529
MOL_759,0.67533916,0.46783823
MOL_760,0.68653172,0.46822393
MOL_761,0.67642772,0.43695500
MOL_762,0.66334289,0.45844072
MOL_763,0.68517643,0.47593060
MOL_764,0.70498860,0.48754948
MOL_765,0.68210781,0.46904331
MOL_766,0.70718420,0.50496179
MOL_767,0.66827136,0.44613805
MOL_768,0.64082259,0.41367590
MOL_769,0.68092018,0.48200253
MOL_770,0.70975691,0.44380948
MOL_771,0.67812133,0.45258403
MOL_772,0.67775422,0.45459974
MOL_773,0.66022909,0.42828867
MOL_774,0.70048755,0.47888184
MOL_775,0.64698499,0.44969612
MOL_776,0.68323106,0.47055063
MOL_777,0.67895335,0.47848994
MOL_778,0.60226601,0.41268817
MOL_779,0.69389123,0.47058198
MOL_780,0.84864289,0.51169503
MOL_781,0.66414922,0.46761587
MOL_782,0.69131374,0.44431275
MOL_783,0.68961340,0.45852071
MOL_784,0.70440018,0.47711477
MOL_785,0.68731940,0.47347644
MOL_786,0.66926074,0.45287669
MOL_787,0.84460503,0.49871981
MOL_788,0.63699359,0.45111066
MOL_789,0.70596623,0.45508215
MOL_790,0.67852032,0.43590495
MOL_791,0.67805785,0.47106606
MOL_792,0.66540629,0.45515740
MOL_793,0.81642956,0.58599311
MOL_794,0.64720446,0.41851050
MOL_795,0.65613031,0.46579802
MOL_796,0.71163505,0.45556259
MOL_797,0.62867552,0.40542614
MOL_798,0.65680164,0.43342286
MOL_799,0.63679135,0.44599581
MOL_800,0.65077859,0.43002933
MOL_801,0.66406304,0.45288411
MOL_802,0.70995194,0.47797221
MOL_803,0.66145945,0.42526731
MOL_804,0.65589947,0.43855047
MOL_805,0.77049387,0.51525688
MOL_806,0.66738844,0.44739541
MOL_807,0.71318197,0.50329792
MOL_808,0.67110533,0.45690700
MOL_809,0.90376091,0.52195126
MOL_810,0.64169419,0.44619086
MOL_811,0.65773183,0.44009873
MOL_812,0.70737207,0.48085645
MOL_813,0.72079766,0.49542850
MOL_814,0.70462513,0.48943767
MOL_815,0.67278355,0.47680464
MOL_816,0.68663603,0.47652945
MOL_817,0.64248550,0.44441351
MOL_818,0.68083072,0.47601792
MOL_819,0.65876848,0.45643944
MOL_820,0.66611093,0.46032724
MOL_821,0.66608691,0.44603428
MOL_822,0.65261114,0.43822211
MOL_823,0.68061101,0.48097935
MOL_824,0.65303159,0.43073803
MOL_825,0.67840016,0.47716916
MOL_826,0.62292123,0.37021822
MOL_827,0.66601771,0.45086819
MOL_828,0.65756196,0.43800858
MOL_829,0.67448133,0.44451329
MOL_830,0.71075833,0.47898567
MOL_831,0.71249270,0.42269760
MOL_832,0.68050760,0.47814071
MOL_833,0.80713946,0.55597961
MOL_834,0.72016507,0.50350201
MOL_835,0.65103197,0.45135233
MOL_836,0.69505656,0.45046622
MOL_837,0.71196759,0.49999145
MOL_838,0.66486102,0.45330554
MOL_839,0.68734682,0.46577412
MOL_840,0.66227025,0.47198644
MOL_841,0.64523679,0.45144063
MOL_842,0.67513186,0.44502413
MOL_843,0.67681116,0.45722321
MOL_844,0.66015267,0.43995899
MOL_845,0.68826473,0.46982494
MOL_846,0.69299024,0.47779492
MOL_847,0.67022634,0.45548582
MOL_848,0.70961922,0.45291978
MOL_849,0.71184462,0.49507973
MOL_850,0.70743626,0.48962194
MOL_851,0.70430338,0.44112676
MOL_852,0.67491424,0.42607409
MOL_853,0.66191912,0.45290241
MOL_854,0.65083015,0.44535354
MOL_855,0.73046786,0.41991454
MOL_856,0.67488021,0.45155019
MOL_857,0.70952696,0.47481376
MOL_858,0.88955957,0.52405483
MOL_859,0.71032035,0.46279055
MOL_860,0.68247777,0.46241993
MOL_861,0.69362462,0.45766115
MOL_862,0.70042199,0.46314341
MOL_863,0.68628079,0.46533537
MOL_864,0.68593144,0.48320642
MOL_865,0.66737062,0.45470053
MOL_866,0.71466362,0.49098995
MOL_867,0.71747279,0.50835532
MOL_868,0.88519263,0.49419427
MOL_869,0.64014125,0.41367474
MOL_870,0.76701987,0.55089742
MOL_871,0.66214108,0.45734134
MOL_872,0.71546257,0.45787120
MOL_873,0.84200799,0.48137692
MOL_874,0.71295476,0.49186319
MOL_875,0.64808941,0.45034716
MOL_876,0.72960949,0.45335180
MOL_877,0.67037040,0.43630406
MOL_878,0.68036371,0.44697267
MOL_879,0.68313485,0.47349253
MOL_880,0.65582812,0.44447407
MOL_881,0.69609427,0.42507002
MOL_882,0.71914917,0.50539553
MOL_883,0.66069967,0.44704971
MOL_884,0.70151377,0.47874093
MOL_885,0.68762344,0.44207698
MOL_886,0.67675817,0.45287117
MOL_887,0.71349376,0.49309388
MOL_888,0.62982821,0.44677141
MOL_889,0.69081891,0.46778825
MOL_890,0.62849176,0.42516774
MOL_891,0.64960939,0.44817618
MOL_892,0.70978856,0.44584066
MOL_893,0.71685487,0.48037469
MOL_894,0.67608213,0.45528284
MOL_895,0.70679647,0.48151726
MOL_896,0.72222286,0.49916917
MOL_897,0.74844116,0.50854307
MOL_898,0.69196564,0.47144428
MOL_899,0.68480569,0.47095335
MOL_900,0.61567110,0.38755053
MOL_901,0.63912398,0.44451812
MOL_902,0.67713517,0.45681196
MOL_903,0.70135158,0.46778658
MOL_904,0.68823695,0.48158976
MOL_905,0.68046838,0.47150025
MOL_906,0.70899111,0.45349875
MOL_907,0.69171923,0.48198512
MOL_908,0.66591716,0.45575151
MOL_909,0.71077138,0.48097149
MOL_910,0.89767212,0.50848138
MOL_911,0.69762713,0.46776059
MOL_912,0.68403357,0.48618007
MOL_913,0.63552922,0.45287716
MOL_914,0.71168715,0.48604733
MOL_915,0.70958948,0.48556477
MOL_916,0.65575260,0.45319569
MOL_917,0.63589191,0.44385830
MOL_918,0.70845884,0.47569463
MOL_919,0.67996842,0.47485173
MOL_920,0.66866040,0.43699691
MOL_921,0.68550372,0.46977770
MOL_922,0.66932750,0.44607216
MOL_923,0.69736940,0.44837308
MOL_924,0.72859788,0.45193890
MOL_925,0.65947986,0.43916160
MOL_926,0.78651768,0.53119606
MOL_927,0.66272175,0.46428907
MOL_928,0.63222349,0.43574786
MOL_929,0.66272581,0.45239344
MOL_930,0.67224509,0.46144304
MOL_931,0.66793525,0.43546298
MOL_932,0.69112772,0.45293799
MOL_933,0.70380467,0.44706744
MOL_934,0.70006150,0.45765686
MOL_935,0.64271855,0.44110999
MOL_936,0.70589554,0.46313438
MOL_937,0.89940768,0.53667390
MOL_938,0.68288708,0.46556604
MOL_939,0.84309417,0.53583157
MOL_940,0.63206488,0.41103822
MOL_941,0.66197819,0.44276637
MOL_942,0.68418086,0.47534287
MOL_943,0.70350820,0.48650092
MOL_944,0.70174301,0.44075873
MOL_945,0.71358401,0.49259529
MOL_946,0.73142171,0.51356333
MOL_947,0.67549103,0.45850724
MOL_948,0.65384883,0.45606434
MOL_949,0.69554585,0.45704988
MOL_950,0.70007294,0.48016623
MOL_951,0.69715607,0.46561375
MOL_952,0.73138011,0.48518875
MOL_953,0.62998867,0.47631696
MOL_954,0.70535123,0.48192856
MOL_955,0.67290741,0.48208800
MOL_956,0.69251639,0.48125228
MOL_957,0.69545072,0.48100260
MOL_958,0.63816130,0.41760889
MOL_959,0.69810528,0.49045056
MOL_960,0.69593644,0.47794428
MOL_961,0.65971094,0.46807405
MOL_962,0.66049176,0.44724175
MOL_963,0.71059501,0.48176271
MOL_964,0.65116429,0.43409836
MOL_965,0.68631822,0.46514252
MOL_966,0.64214855,0.43643522
MOL_967,0.71368903,0.49601349
MOL_968,0.71336317,0.46847942
MOL_969,0.88923812,0.48823082
MOL_970,0.62408757,0.40114418
MOL_971,0.89884561,0.49335182
MOL_972,0.60841513,0.39395943
MOL_973,0.66534543,0.46077901
MOL_974,0.69778109,0.47460043
MOL_975,0.71164322,0.47063559
MOL_976,0.68213093,0.45103484
MOL_977,0.86021006,0.52347952
MOL_978,0.68576920,0.44745722
MOL_979,0.67578375,0.47668183
MOL_980,0.69131154,0.42218715
MOL_981,0.64515269,0.44049153
MOL_982,0.71385145,0.47593784
MOL_983,0.72369790,0.50455385
MOL_984,0.78824270,0.50963986
MOL_985,0.69952452,0.47179869
MOL_986,0.69896656,0.49782506
MOL_987,0.65787405,0.45299354
MOL_988,0.70013565,0.47912759
MOL_989,0.69705492,0.44900978
MOL_990,0.66367275,0.46273938
MOL_991,0.69939828,0.45606396
MOL_992,0.67005467,0.45222801
MOL_993,0.64172578,0.44598097
MOL_994,0.67581165,0.44631019
MOL_995,0.64917922,0.44615829
MOL_996,0.66753513,0.44436023
MOL_997,0.72002071,0.49717641
MOL_998,0.68711269,0.47887972
MOL_999,0.66057777,0.46122381
MOL_1000,0.66763371,0.45713449
MOL_1001,0.67763859,0.45166707
MOL_1002,0.68688232,0.47572920
MOL_1003,0.65515196,0.46183079
MOL_1004,0.69673198,0.47467458
MOL_1005,0.69766200,0.48266694
MOL_1006,0.63592589,0.43700007
MOL_1007,0.72376615,0.50497019
MOL_1008,0.66625351,0.44546646
MOL_1009,0.71399254,0.47157127
MOL_1010,0.72676450,0.48450473
MOL_1011,0.72035778,0.51821733
MOL_1012,0.67141914,0.45224032
MOL_1013,0.65970272,0.43474701
MOL_1014,0.65731055,0.41335914
MOL_1015,0.70241255,0.44248492
MOL_1016,0.69407284,0.46973437
MOL_1017,0.75234222,0.48884478
MOL_1018,0.71667224,0.50244617
MOL_1019,0.66726166,0.44298661
MOL_1020,0.68453807,0.44251278
MOL_1021,0.68845260,0.45297965
MOL_1022,0.78659803,0.49739087
MOL_1023,0.71523243,0.49206960
MOL_1024,0.65563649,0.43983456
MOL_1025,0.62024051,0.45383555
MOL_1026,0.81722122,0.54791874
MOL_1027,0.64432061,0.44131953
MOL_1028,0.64025944,0.44254306
MOL_1029,0.68832380,0.47389665
MOL_1030,0.72451234,0.50607812
MOL_1031,0.62761462,0.44123894
MOL_1032,0.67412180,0.47602391
MOL_1033,0.67031258,0.47668183
MOL_1034,0.63727015,0.44773826
MOL_1035,0.68431705,0.48127002
MOL_1036,0.63905972,0.42933941
MOL_1037,0.71298385,0.48803535
MOL_1038,0.65018213,0.44153887
MOL_1039,0.68260103,0.44606364
MOL_1040,0.67669612,0.46302915
MOL_1041,0.66827649,0.45327577
MOL_1042,0.67904508,0.46580443
MOL_1043,0.64468062,0.45285511
MOL_1044,0.68410236,0.46231881
MOL_1045,0.81347442,0.53063190
MOL_1046,0.72053653,0.48366868
MOL_1047,0.78892297,0.53060865
MOL_1048,0.69140452,0.47636238
MOL_1049,0.73662126,0.50101197
MOL_1050,0.74639398,0.49285492
MOL_1051,0.69384056,0.46013099
MOL_1052,0.66411161,0.45755503
MOL_1053,0.68950796,0.47064492
MOL_1054,0.69249785,0.46088654
MOL_1055,0.70667392,0.50552160
MOL_1056,0.66291463,0.45377734
MOL_1057,0.67654198,0.46255684
MOL_1058,0.64347559,0.43967116
MOL_1059,0.67282307,0.45874372
MOL_1060,0.69983542,0.46503672
MOL_1061,0.68935949,0.48148480
MOL_1062,0.67003602,0.45729426
MOL_1063,0.66136950,0.45335558
MOL_1064,0.69737440,0.46571109
MOL_1065,0.67428076,0.47153917
MOL_1066,0.66240662,0.44394138
MOL_1067,0.69394100,0.48094243
MOL_1068,0.64862716,0.43808353
MOL_1069,0.72369295,0.48499185
MOL_1070,0.67042989,0.46397224
MOL_1071,0.71573240,0.49890703
MOL_1072,0.66880399,0.46858919
MOL_1073,0.72907871,0.44609919
MOL_1074,0.69542915,0.46390641
MOL_1075,0.69518477,0.48231298
MOL_1076,0.68232262,0.46326849
MOL_1077,0.67396784,0.45668894
MOL_1078,0.69788224,0.47434053
MOL_1079,0.68421322,0.46139044
MOL_1080,0.70728302,0.46972913
MOL_1081,0.86872190,0.51979774
MOL_1082,0.66172391,0.45137262
MOL_1083,0.68370152,0.47881252
MOL_1084,0.66924065,0.45777869
MOL_1085,0.64954942,0.46724725
MOL_1086,0.69204462,0.48059458
MOL_1087,0.66748011,0.44803783
MOL_1088,0.71691972,0.46092561
MOL_1089,0.66267323,0.44136360
MOL_1090,0.69461924,0.47065261
MOL_1091,0.67087007,0.46203813
MOL_1092,0.70497334,0.48956516
MOL_1093,0.70655632,0.48732835
MOL_1094,0.67434043,0.46325392
MOL_1095,0.67826331,0.47564605
MOL_1096,0.71107048,0.43241322
MOL_1097,0.70114005,0.49171069
MOL_1098,0.85808647,0.51655036
MOL_1099,0.66886598,0.45423236
MOL_1100,0.71526432,0.50320965
MOL_1101,0.69886851,0.49411234
MOL_1102,0.72226685,0.49189878
MOL_1103,0.73055506,0.50319815
MOL_1104,0.72535318,0.51671582
MOL_1105,0.69561797,0.44776157
MOL_1106,0.88954717,0.50932002
MOL_1107,0.66817981,0.43592200
MOL_1108,0.67369354,0.45660084
MOL_1109,0.68004543,0.46073768
MOL_1110,0.70926380,0.46715519
MOL_1111,0.65083146,0.44048357
MOL_1112,0.70056230,0.47528559
MOL_1113,0.72272807,0.49438980
MOL_1114,0.72131604,0.49768957
MOL_1115,0.69217366,0.48486757
MOL_1116,0.71912670,0.49389803
MOL_1117,0.67762005,0.45823240
MOL_1118,0.64827794,0.43703079
MOL_1119,0.90282482,0.49256441
MOL_1120,0.68108863,0.46155921
MOL_1121,0.64547020,0.44438142
MOL_1122,0.69400030,0.46335846
MOL_1123,0.70938057,0.52636993
MOL_1124,0.66067100,0.42689964
MOL_1125,0.69726312,0.43971655
MOL_1126,0.66060793,0.45406231
MOL_1127,0.68032891,0.46300071
MOL_1128,0.68963993,0.45198819
MOL_1129,0.64555186,0.45801726
MOL_1130,0.71185946,0.45672557
MOL_1131,0.73805320,0.48098987
MOL_1132,0.69109040,0.45874268
MOL_1133,0.66263521,0.46488321
MOL_1134,0.67518932,0.43863663
MOL_1135,0.63302714,0.45410460
MOL_1136,0.70230836,0.46766284
MOL_1137,0.89285386,0.57509297
MOL_1138,0.67204732,0.46834961
MOL_1139,0.80219293,0.46909368
MOL_1140,0.71295160,0.44674820
MOL_1141,0.68022001,0.45592463
MOL_1142,0.71977395,0.49330992
MOL_1143,0.73452550,0.50159031
MOL_1144,0.76667917,0.53474295
MOL_1145,0.72013217,0.51063323
MOL_1146,0.64494383,0.45335007
MOL_1147,0.70767760,0.48242596
MOL_1148,0.70935875,0.47096223
MOL_1149,0.64309698,0.45522955
MOL_1150,0.68049139,0.46687630
MOL_1151,0.63456601,0.43265465
MOL_1152,0.66194063,0.42903611
MOL_1153,0.69664067,0.45704406
MOL_1154,0.68239141,0.47967669
MOL_1155,0.72156042,0.49740624
MOL_1156,0.67334026,0.45437899
MOL_1157,0.70509040,0.48798934
MOL_1158,0.69728035,0.46330643
MOL_1159,0.67152506,0.47247681
MOL_1160,0.69154090,0.45566365
MOL_1161,0.65336692,0.45924932
MOL_1162,0.68962741,0.47744560
MOL_1163,0.67813683,0.46804628
MOL_1164,0.71164572,0.44631925
MOL_1165,0.67135030,0.47004426
MOL_1166,0.62384093,0.40006018
MOL_1167,0.67284602,0.45331392
MOL_1168,0.66048640,0.43914986
MOL_1169,0.61841846,0.39511475
MOL_1170,0.67481369,0.45087826
MOL_1171,0.65767455,0.43529737
MOL_1172,0.70085716,0.48085356
MOL_1173,0.71500647,0.49097550
MOL_1174,0.70419043,0.47384751
MOL_1175,0.65942514,0.47369331
MOL_1176,0.67021877,0.45167518
MOL_1177,0.84294921,0.53531843
MOL_1178,0.68512607,0.47236148
MOL_1179,0.65200794,0.43647861
MOL_1180,0.67575693,0.46077093
MOL_1181,0.67788243,0.47093043
MOL_1182,0.69795811,0.48988345
MOL_1183,0.68823224,0.48672569
MOL_1184,0.70487130,0.49899825
MOL_1185,0.74287868,0.53926873
MOL_1186,0.70421457,0.48560819
MOL_1187,0.64828408,0.45140779
MOL_1188,0.68346292,0.44498429
MOL_1189,0.63897514,0.43452549
MOL_1190,0.69369024,0.50179052
MOL_1191,0.68825263,0.46757942
MOL_1192,0.70974517,0.50554192
MOL_1193,0.62625784,0.44549739
MOL_1194,0.69775373,0.44603661
MOL_1195,0.68881959,0.44657561
MOL_1196,0.67647356,0.47990888
MOL_1197,0.71043622,0.50298274
MOL_1198,0.65755260,0.44948122
MOL_1199,0.71747881,0.51265699
MOL_1200,0.64411378,0.44680807
MOL_1201,0.71689612,0.48563167
MOL_1202,0.72690290,0.50075817
MOL_1203,0.72322524,0.49774936
MOL_1204,0.71020293,0.48866275
MOL_1205,0.63664556,0.43892518
MOL_1206,0.67376584,0.42140895
MOL_1207,0.70110303,0.47470829
MOL_1208,0.69899380,0.47841567
MOL_1209,0.63901246,0.41368747
MOL_1210,0.67694056,0.47867230
MOL_1211,0.71985286,0.47229511
MOL_1212,0.69866794,0.46447280
MOL_1213,0.81633824,0.51532722
MOL_1214,0.67734736,0.44907472
MOL_1215,0.69593447,0.48077360
MOL_1216,0.78139287,0.54479617
MOL_1217,0.80332345,0.54110420
MOL_1218,0.68009979,0.47419086
MOL_1219,0.70333892,0.48421410
MOL_1220,0.64932448,0.44398868
MOL_1221,0.78757900,0.54034096
MOL_1222,0.67381525,0.45588577
MOL_1223,0.62910575,0.43347692
MOL_1224,0.73830748,0.50273770
MOL_1225,0.69227982,0.44502062
MOL_1226,0.68923694,0.46103555
MOL_1227,0.69956833,0.46029577
MOL_1228,0.86972624,0.58531457
MOL_1229,0.65661132,0.44551399
MOL_1230,0.72305804,0.50697482
MOL_1231,0.72673857,0.51087230
MOL_1232,0.68049192,0.43554312
MOL_1233,0.71165246,0.49130997
MOL_1234,0.69536227,0.45700201
MOL_1235,0.66297364,0.45183930
MOL_1236,0.67734963,0.47118244
MOL_1237,0.66111439,0.44278753
MOL_1238,0.69496948,0.46817499
MOL_1239,0.66826665,0.44533461
MOL_1240,0.67486638,0.46265680
MOL_1241,0.72540468,0.50989479
MOL_1242,0.69484961,0.47124740
MOL_1243,0.61320299,0.37330490
MOL_1244,0.68804210,0.46294367
MOL_1245,0.71387827,0.47872218
MOL_1246,0.69951725,0.50109559
MOL_1247,0.69530189,0.42301056
MOL_1248,0.69421721,0.47054878
MOL_1249,0.66602808,0.46265104
MOL_1250,0.66552210,0.45019510
MOL_1251,0.67743677,0.46396905
MOL_1252,0.67165196,0.45869133
MOL_1253,0.70716953,0.47255552
MOL_1254,0.69743383,0.47193465
MOL_1255,0.61849260,0.43661794
MOL_1256,0.65715098,0.44994068
MOL_1257,0.65783107,0.45678386
MOL_1258,0.67393029,0.44636166
MOL_1259,0.69400096,0.47967193
MOL_1260,0.71651363,0.50233579
MOL_1261,0.85918885,0.53153729
MOL_1262,0.73630089,0.48107308
MOL_1263,0.64605242,0.43989450
MOL_1264,0.69298893,0.47792125
MOL_1265,0.67971957,0.46661744
MOL_1266,0.64042205,0.41774032
MOL_1267,0.67978013,0.45902297
MOL_1268,0.73555768,0.50457096
MOL_1269,0.68815875,0.47402340
MOL_1270,0.71570897,0.48953372
MOL_1271,0.68659323,0.47376379
MOL_1272,0.72235548,0.49842793
MOL_1273,0.65686721,0.44525996
MOL_1274,0.67311215,0.45216167
MOL_1275,0.69678813,0.46370846
MOL_1276,0.68614382,0.48894328
MOL_1277,0.62593251,0.42131087
MOL_1278,0.63763362,0.38889623
MOL_1279,0.63590771,0.39424407
MOL_1280,0.64169389,0.45344260
MOL_1281,0.70493406,0.46676597
MOL_1282,0.70740396,0.45441872
MOL_1283,0.72205639,0.49886152
MOL_1284,0.61994576,0.40488610
MOL_1285,0.64702523,0.46680853
MOL_1286,0.67343736,0.45507434
MOL_1287,0.65667117,0.43964580
MOL_1288,0.68682909,0.47627449
MOL_1289,0.70506454,0.46858510
MOL_1290,0.69915509,0.48357123
MOL_1291,0.65020698,0.40596744
MOL_1292,0.68128979,0.46401796
MOL_1293,0.68007892,0.46071091
MOL_1294,0.68868381,0.49328837
MOL_1295,0.70378566,0.46580514
MOL_1296,0.71243232,0.47036767
MOL_1297,0.64646232,0.45809817
MOL_1298,0.62419623,0.43195829
MOL_1299,0.68817043,0.48250040
MOL_1300,0.62480819,0.44144043
MOL_1301,0.71533996,0.50886464
MOL_1302,0.69315660,0.47555593
MOL_1303,0.69504881,0.48700649
MOL_1304,0.68903553,0.48056397
MOL_1305,0.63309401,0.42697608
MOL_1306,0.70458573,0.48009056
MOL_1307,0.63953745,0.42299268
MOL_1308,0.68225259,0.43822718
MOL_1309,0.63800257,0.41614094
MOL_1310,0.62973249,0.43788871
MOL_1311,0.62756503,0.38435352
MOL_1312,0.72431147,0.48481295
MOL_1313,0.67203033,0.45551386
MOL_1314,0.68374300,0.45311594
MOL_1315,0.63881236,0.44722745
MOL_1316,0.69072378,0.47394580
MOL_1317,0.65711677,0.44836497
MOL_1318,0.69612068,0.47302055
MOL_1319,0.66579092,0.43329039
MOL_1320,0.72192371,0.50103796
MOL_1321,0.68788970,0.45289633
MOL_1322,0.71279126,0.50849837
MOL_1323,0.63747960,0.43439698
MOL_1324,0.68672389,0.47067553
MOL_1325,0.63788456,0.43867853
MOL_1326,0.86451966,0.52598834
MOL_1327,0.68555868,0.47041014
MOL_1328,0.67971623,0.48211038
MOL_1329,0.66669464,0.44912216
MOL_1330,0.66959125,0.45764548
MOL_1331,0.70654160,0.45737201
MOL_1332,0.71652889,0.50738531
MOL_1333,0.70607167,0.44612798
MOL_1334,0.69242132,0.46221974
MOL_1335,0.66808403,0.45050722
MOL_1336,0.85596716,0.52547842
MOL_1337,0.70369464,0.44994295
MOL_1338,0.67054850,0.46913460
MOL_1339,0.65600175,0.45576006
MOL_1340,0.69186753,0.46061724
MOL_1341,0.65251356,0.45875862
MOL_1342,0.66533554,0.48059458
MOL_1343,0.68633920,0.47567317
MOL_1344,0.71459484,0.49233800
MOL_1345,0.72363269,0.48180005
MOL_1346,0.60771859,0.42672795
MOL_1347,0.84247959,0.51816350
MOL_1348,0.61554706,0.39418009
MOL_1349,0.67409056,0.44517952
MOL_1350,0.67042094,0.45391738
MOL_1351,0.68393826,0.42640457
MOL_1352,0.69918621,0.47223818
MOL_1353,0.72433555,0.49206850
MOL_1354,0.69331527,0.46928248
MOL_1355,0.64986211,0.44928360
MOL_1356,0.66566211,0.45663577
MOL_1357,0.71915209,0.50505441
MOL_1358,0.68942755,0.46438789
MOL_1359,0.68129200,0.47131634
MOL_1360,0.68388182,0.47246191
MOL_1361,0.69523036,0.48485190
MOL_1362,0.68385893,0.47335583
MOL_1363,0.66860044,0.45763603
MOL_1364,0.66689849,0.45109683
MOL_1365,0.67546296,0.47043014
MOL_1366,0.68517095,0.43719870
MOL_1367,0.70272893,0.47695053
MOL_1368,0.70996463,0.47771561
MOL_1369,0.71388346,0.49946529
MOL_1370,0.69123435,0.47345498
MOL_1371,0.65004307,0.43176794
MOL_1372,0.71140265,0.49205711
MOL_1373,0.69933766,0.47092855
MOL_1374,0.71564919,0.48751682
MOL_1375,0.73535180,0.49723360
MOL_1376,0.67936248,0.44643393
MOL_1377,0.69495541,0.46687078
MOL_1378,0.66035658,0.46192208
MOL_1379,0.66862637,0.43029702
MOL_1380,0.68046933,0.45222801
MOL_1381,0.71608871,0.49673903
MOL_1382,0.67177367,0.46057937
MOL_1383,0.69922215,0.46238613
MOL_1384,0.66858917,0.45962691
MOL_1385,0.67875654,0.44312036
MOL_1386,0.66841781,0.45666617
MOL_1387,0.67567796,0.47355273
MOL_1388,0.69844836,0.47856110
MOL_1389,0.61359912,0.40265301
MOL_1390,0.69226545,0.48385808
MOL_1391,0.73829389,0.49390966
MOL_1392,0.66729927,0.45633408
MOL_1393,0.67877787,0.46634594
MOL_1394,0.65728182,0.47213441
MOL_1395,0.65554750,0.45288950
MOL_1396,0.69817209,0.47408682
MOL_1397,0.71009946,0.50253636
MOL_1398,0.70129025,0.49992275
MOL_1399,0.68613029,0.47212830
MOL_1400,0.65183836,0.43429017
MOL_1401,0.67735088,0.47094545
MOL_1402,0.68394220,0.46966287
MOL_1403,0.66424668,0.43821359
MOL_1404,0.73437488,0.50109106
MOL_1405,0.69825721,0.46379921
MOL_1406,0.71960741,0.48008665
MOL_1407,0.66863304,0.45215115
MOL_1408,0.67961830,0.45873931
MOL_1409,0.71114981,0.49906045
MOL_1410,0.64694965,0.42498770
MOL_1411,0.68137586,0.45187810
MOL_1412,0.82729900,0.51600385
MOL_1413,0.68513447,0.46939561
MOL_1414,0.71077645,0.49915305
MOL_1415,0.68852597,0.48111343
MOL_1416,0.70210934,0.48425514
MOL_1417,0.71678782,0.45675364
MOL_1418,0.64277905,0.41081807
MOL_1419,0.67254114,0.44767517
MOL_1420,0.72010821,0.48931485
MOL_1421,0.63824010,0.43836007
MOL_1422,0.68236899,0.46619761
MOL_1423,0.68343872,0.46214214
MOL_1424,0.63486367,0.42367482
MOL_1425,0.68465775,0.45828107
MOL_1426,0.69281888,0.47349003
MOL_1427,0.70136225,0.47723702
MOL_1428,0.67832810,0.47048017
MOL_1429,0.69647813,0.44658911
MOL_1430,0.72864467,0.47742134
MOL_1431,0.84813619,0.53241801
MOL_1432,0.71084148,0.48918507
MOL_1433,0.70149451,0.45727572
MOL_1434,0.68537682,0.45782810
MOL_1435,0.68302989,0.44978288
MOL_1436,0.66788340,0.44975746
MOL_1437,0.71626854,0.48248532
MOL_1438,0.85532850,0.56562769
MOL_1439,0.63578606,0.43986714
MOL_1440,0.65997255,0.46764463
MOL_1441,0.69944632,0.46696505
MOL_1442,0.69215673,0.46809366
MOL_1443,0.60854155,0.39006886
MOL_1444,0.66288108,0.42259288
MOL_1445,0.66389179,0.46781209
MOL_1446,0.69782102,0.46030274
MOL_1447,0.66939819,0.45682049
MOL_1448,0.64786255,0.44413644
MOL_1449,0.68421203,0.46294230
MOL_1450,0.85771483,0.55786079
MOL_1451,0.64889860,0.45666367
MOL_1452,0.70186609,0.49601784
MOL_1453,0.70349532,0.46542254
MOL_1454,0.65595025,0.44429499
MOL_1455,0.88217014,0.48367849
MOL_1456,0.68930662,0.47053498
MOL_1457,0.67795604,0.47905549
MOL_1458,0.69053429,0.48860916
MOL_1459,0.70916587,0.49013934
MOL_1460,0.64152753,0.43758631
MOL_1461,0.67504120,0.47773087
MOL_1462,0.72192115,0.50164318
MOL_1463,0.66889441,0.47110119
MOL_1464,0.66630048,0.43203926
MOL_1465,0.70268816,0.47732905
MOL_1466,0.68248951,0.46544832
MOL_1467,0.68711793,0.45349181
MOL_1468,0.64744681,0.45075494
MOL_1469,0.67037809,0.44421470
MOL_1470,0.68220246,0.46764287
MOL_1471,0.68450844,0.46382678
MOL_1472,0.67425960,0.41801324
MOL_1473,0.68395567,0.47121668
MOL_1474,0.71486074,0.49749765
MOL_1475,0.71439403,0.49499249
MOL_1476,0.69442081,0.46472344
MOL_1477,0.65834254,0.44651005
MOL_1478,0.68114948,0.45241386
MOL_1479,0.62177151,0.40272784
MOL_1480,0.67465228,0.43840539
MOL_1481,0.66454452,0.43588802
MOL_1482,0.65383613,0.43361920
MOL_1483,0.64348352,0.45276868
MOL_1484,0.67904872,0.47160676
MOL_1485,0.71120059,0.48165295
MOL_1486,0.70698690,0.44685817
MOL_1487,0.68743092,0.46466005
MOL_1488,0.68616492,0.47977802
MOL_1489,0.71124035,0.46496007
MOL_1490,0.61363757,0.47553340
MOL_1491,0.68106622,0.45933270
MOL_1492,0.70169353,0.46709034
MOL_1493,0.63823223,0.46222964
MOL_1494,0.67474759,0.41396403
MOL_1495,0.69993633,0.46628815
MOL_1496,0.66672170,0.45128745
MOL_1497,0.65027821,0.43653810
MOL_1498,0.86822218,0.50024796
MOL_1499,0.67030925,0.47164768
MOL_1500,0.66309988,0.45942244
MOL_1501,0.71946782,0.45242238
MOL_1502,0.66833675,0.44958717
MOL_1503,0.70804173,0.48745483
MOL_1504,0.70117521,0.47806153
MOL_1505,0.61862075,0.43429673
MOL_1506,0.66957104,0.46619421
MOL_1507,0.62119889,0.42811343
MOL_1508,0.60856384,0.41112819
MOL_1509,0.67391241,0.46953064
MOL_1510,0.67726344,0.45566857
MOL_1511,0.71768945,0.49376750
MOL_1512,0.72904497,0.50076795
MOL_1513,0.70269060,0.47964028
MOL_1514,0.67407167,0.45866457
MOL_1515,0.63858396,0.41833240
MOL_1516,0.68654490,0.46891248
MOL_1517,0.83038771,0.52238840
MOL_1518,0.68708616,0.47368911
MOL_1519,0.70715123,0.49422300
MOL_1520,0.69460493,0.46098348
MOL_1521,0.69036031,0.46210346
MOL_1522,0.68668371,0.46462348
MOL_1523,0.65053618,0.45671499
MOL_1524,0.78275901,0.53036010
MOL_1525,0.70059437,0.48644280
MOL_1526,0.65745538,0.44890201
MOL_1527,0.70852017,0.48136944
MOL_1528,0.63644433,0.46366289
MOL_1529,0.64129847,0.43535063
MOL_1530,0.65747392,0.43426692
MOL_1531,0.68771672,0.44485348
MOL_1532,0.64284438,0.46615759
MOL_1533,0.64526278,0.44475558
MOL_1534,0.66896474,0.45567331
MOL_1535,0.66314477,0.42382172
MOL_1536,0.76809877,0.45705175
MOL_1537,0.66433489,0.44100446
MOL_1538,0.70248592,0.49200684
MOL_1539,0.66772318,0.42987436
MOL_1540,0.73500043,0.44807380
MOL_1541,0.70375437,0.49320939
MOL_1542,0.67920512,0.45053732
MOL_1543,0.72035247,0.48652187
MOL_1544,0.69230819,0.46877503
MOL_1545,0.61775339,0.38672119
MOL_1546,0.88868833,0.47945842
MOL_1547,0.67716348,0.45562175
MOL_1548,0.68958062,0.44957563
MOL_1549,0.68740594,0.46603706
MOL_1550,0.68305153,0.45131782
MOL_1551,0.71427715,0.49589509
MOL_1552,0.68095696,0.46881548
MOL_1553,0.70434934,0.48240405
MOL_1554,0.64486039,0.40394381
MOL_1555,0.67345524,0.45465130
MOL_1556,0.62223816,0.39446735
MOL_1557,0.64761198,0.44076851
MOL_1558,0.70939958,0.49162391
MOL_1559,0.70166302,0.47677371
MOL_1560,0.69376034,0.46085012
MOL_1561,0.69503951,0.46935669
MOL_1562,0.72590905,0.47823635
MOL_1563,0.65788603,0.47258541
MOL_1564,0.64996475,0.44461924
MOL_1565,0.68292946,0.45444664
MOL_1566,0.85367221,0.52989984
MOL_1567,0.77651143,0.53955179
MOL_1568,0.69500679,0.47792819
MOL_1569,0.70284635,0.48316956
MOL_1570,0.66916931,0.47074845
MOL_1571,0.59084964,0.37223303
MOL_1572,0.65895116,0.42746064
MOL_1573,0.66770869,0.46012300
MOL_1574,0.67983061,0.46493864
MOL_1575,0.71031016,0.47591549
MOL_1576,0.66212308,0.47958404
MOL_1577,0.71769798,0.43508387
MOL_1578,0.67369157,0.47116607
MOL_1579,0.71088314,0.45999601
MOL_1580,0.68646842,0.48860577
MOL_1581,0.81898385,0.45225021
MOL_1582,0.64661676,0.45191526
MOL_1583,0.68914926,0.43958017
MOL_1584,0.70626563,0.49523020
MOL_1585,0.81851280,0.53634858
MOL_1586,0.63145834,0.40823993
MOL_1587,0.64195710,0.37868840
MOL_1588,0.70074248,0.45981044
MOL_1589,0.64395660,0.43020862
MOL_1590,0.69403803,0.45805019
MOL_1591,0.67921269,0.46078882
MOL_1592,0.66317087,0.46556368
MOL_1593,0.67685962,0.43920600
MOL_1594,0.79827440,0.55421942
MOL_1595,0.67553186,0.44258356
MOL_1596,0.70403099,0.48298573
MOL_1597,0.64846361,0.44812295
MOL_1598,0.69827741,0.47218767
MOL_1599,0.67860317,0.45269400
MOL_1600,0.67064345,0.47572446
MOL_1601,0.66385454,0.44542292
MOL_1602,0.72089690,0.48449382
MOL_1603,0.69500643,0.47731188
MOL_1604,0.65556157,0.44668654
MOL_1605,0.70751315,0.45001969
MOL_1606,0.68679225,0.46891847
MOL_1607,0.66280216,0.41724274
MOL_1608,0.68623763,0.48179072
MOL_1609,0.62634856,0.43907419
MOL_1610,0.68264842,0.47032005
MOL_1611,0.71260947,0.49623305
MOL_1612,0.69675958,0.47331804
MOL_1613,0.68167347,0.47457877
MOL_1614,0.71274799,0.49332678
MOL_1615,0.67351186,0.46247110
MOL_1616,0.65816587,0.42955762
MOL_1617,0.68941021,0.46110854
MOL_1618,0.70362097,0.46967575
MOL_1619,0.65979123,0.45467585
MOL_1620,0.70052743,0.49212176
MOL_1621,0.64313120,0.45808402
MOL_1622,0.69114268,0.48160160
MOL_1623,0.65201479,0.42172822
MOL_1624,0.67362380,0.44966799
MOL_1625,0.67057598,0.46370515
MOL_1626,0.70131618,0.45964012
MOL_1627,0.71602380,0.43238959
MOL_1628,0.66086912,0.45626432
MOL_1629,0.71838963,0.49049854
MOL_1630,0.72486478,0.48494843
MOL_1631,0.67412680,0.45629466
MOL_1632,0.70745623,0.49183062
MOL_1633,0.71103680,0.48895866
MOL_1634,0.70717907,0.47453290
MOL_1635,0.66211051,0.42319360
MOL_1636,0.72265184,0.51492941
MOL_1637,0.67355621,0.47486997
MOL_1638,0.66298747,0.45429772
MOL_1639,0.69154775,0.45434704
MOL_1640,0.85396314,0.50961268
MOL_1641,0.68650246,0.47863138
MOL_1642,0.66713804,0.46835792
MOL_1643,0.65192562,0.44370377
MOL_1644,0.72824985,0.48383740
MOL_1645,0.75396156,0.50543290
MOL_1646,0.66630876,0.45173898
MOL_1647,0.69176161,0.46559152
MOL_1648,0.65367979,0.45371979
MOL_1649,0.68535650,0.46616057
MOL_1650,0.72177750,0.52370244
MOL_1651,0.70799953,0.49582690
MOL_1652,0.64986479,0.44823578
MOL_1653,0.86976051,0.51684362
MOL_1654,0.65433627,0.44895574
MOL_1655,0.66679430,0.43882596
MOL_1656,0.68613422,0.46620515
MOL_1657,0.85551345,0.56725717
MOL_1658,0.63638049,0.44322750
MOL_1659,0.64374661,0.41590053
MOL_1660,0.68860638,0.47460032
MOL_1661,0.62870479,0.40628251
MOL_1662,0.67553145,0.46358263
MOL_1663,0.65017068,0.43655771
MOL_1664,0.65780544,0.43594161
MOL_1665,0.70384401,0.49441710
MOL_1666,0.69744676,0.47672465
MOL_1667,0.66201502,0.44895431
MOL_1668,0.69712174,0.48786888
MOL_1669,0.70066786,0.46004716
MOL_1670,0.72255665,0.49891460
MOL_1671,0.70293552,0.46532622
MOL_1672,0.71451062,0.46575853
MOL_1673,0.69071734,0.45148155
MOL_1674,0.66314334,0.48436406
MOL_1675,0.67185521,0.48521131
MOL_1676,0.71435767,0.49249011
MOL_1677,0.72526091,0.47251922
MOL_1678,0.62567085,0.43340293
MOL_1679,0.72599870,0.49690086
MOL_1680,0.67815518,0.46606803
MOL_1681,0.68414450,0.46490729
MOL_1682,0.68327123,0.45954266
MOL_1683,0.68966532,0.46353769
MOL_1684,0.66724288,0.47247523
MOL_1685,0.70323139,0.43389973
MOL_1686,0.67848796,0.45939070
MOL_1687,0.68173242,0.49682859
MOL_1688,0.71406209,0.45909622
MOL_1689,0.74400175,0.52001613
MOL_1690,0.72310835,0.47964653
MOL_1691,0.66679317,0.44888398
MOL_1692,0.63903528,0.40970880
MOL_1693,0.64286184,0.45341748
MOL_1694,0.71921128,0.49231106
MOL_1695,0.69699216,0.47887102
MOL_1696,0.67308724,0.47622058
MOL_1697,0.67291433,0.45371696
MOL_1698,0.86129022,0.53316689
MOL_1699,0.64862233,0.45246679
MOL_1700,0.83632118,0.51770806
MOL_1701,0.73246574,0.51036751
MOL_1702,0.63791746,0.45414671
MOL_1703,0.66193420,0.45416978
MOL_1704,0.83670974,0.55502766
MOL_1705,0.69746661,0.46993622
MOL_1706,0.62462002,0.43217197
MOL_1707,0.67424083,0.47229832
MOL_1708,0.66511893,0.44948450
MOL_1709,0.68484169,0.43987796
MOL_1710,0.69951159,0.45897692
MOL_1711,0.67125303,0.45189831
MOL_1712,0.66441101,0.44732982
MOL_1713,0.61940813,0.39664373
MOL_1714,0.64778888,0.44170135
MOL_1715,0.68162656,0.44803649
MOL_1716,0.67434025,0.42249376
MOL_1717,0.72184950,0.43803650
MOL_1718,0.69275308,0.46374142
MOL_1719,0.68164247,0.46774736
MOL_1720,0.67433953,0.45791543
MOL_1721,0.67556715,0.44817260
MOL_1722,0.68392754,0.47498566
MOL_1723,0.69453758,0.46831062
MOL_1724,0.67304134,0.46284571
MOL_1725,0.67261374,0.45293224
MOL_1726,0.69511157,0.47221482
MOL_1727,0.69167024,0.48499191
MOL_1728,0.67781281,0.45928162
MOL_1729,0.70808941,0.47964001
MOL_1730,0.68641514,0.45867896
MOL_1731,0.70510137,0.48265272
MOL_1732,0.71633226,0.44310847
MOL_1733,0.70791101,0.47685620
MOL_1734,0.64649701,0.43442553
MOL_1735,0.69459897,0.46773869
MOL_1736,0.62730914,0.42512798
MOL_1737,0.66214502,0.44834447
MOL_1738,0.70358193,0.47504219
MOL_1739,0.70721632,0.44230768
MOL_1740,0.69133568,0.46788180
MOL_1741,0.83376223,0.50611866
MOL_1742,0.61925679,0.45680481
MOL_1743,0.71500808,0.49432155
MOL_1744,0.80309755,0.52946770
MOL_1745,0.65922779,0.43741006
MOL_1746,0.69381773,0.44864005
MOL_1747,0.65695071,0.42032990
MOL_1748,0.62941629,0.43267339
MOL_1749,0.65033537,0.41870430
MOL_1750,0.69604260,0.48036581
MOL_1751,0.69893664,0.47265863
MOL_1752,0.67073965,0.45205089
MOL_1753,0.69190097,0.49083853
MOL_1754,0.72073346,0.49342841
MOL_1755,0.67452461,0.44525650
MOL_1756,0.73310000,0.48452336
MOL_1757,0.67400134,0.47329262
MOL_1758,0.65080005,0.44132441
MOL_1759,0.72584999,0.50071073
MOL_1760,0.65034163,0.43722776
MOL_1761,0.71822345,0.49272126
MOL_1762,0.72021687,0.49288896
MOL_1763,0.85308331,0.54855353
MOL_1764,0.71572214,0.50488389
MOL_1765,0.69120222,0.47299603
MOL_1766,0.68621653,0.45778063
MOL_1767,0.67174822,0.46880579
MOL_1768,0.68297505,0.44097459
MOL_1769,0.68220788,0.45917338
MOL_1770,0.64731115,0.44253922
MOL_1771,0.70749801,0.50955617
MOL_1772,0.89356822,0.59543204
MOL_1773,0.70226610,0.47855595
MOL_1774,0.66698158,0.45648226
MOL_1775,0.68126917,0.44589657
MOL_1776,0.68596536,0.47374153
MOL_1777,0.72212917,0.45211384
MOL_1778,0.66214478,0.45762396
MOL_1779,0.68554085,0.47464967
MOL_1780,0.67179251,0.46200284
MOL_1781,0.64349061,0.43641368
MOL_1782,0.68371344,0.47111124
MOL_1783,0.71486801,0.50206846
MOL_1784,0.67425209,0.44884065
MOL_1785,0.62298226,0.41277727
MOL_1786,0.67695808,0.45722705
MOL_1787,0.66296470,0.43016547
MOL_1788,0.64874870,0.44422302
MOL_1789,0.70103925,0.49427700
MOL_1790,0.64998627,0.45535362
MOL_1791,0.65490276,0.48585191
MOL_1792,0.65715945,0.43839034
MOL_1793,0.88645011,0.52470219
MOL_1794,0.72410280,0.47449833
MOL_1795,0.67013675,0.46094632
MOL_1796,0.70477915,0.50355500
MOL_1797,0.66448271,0.45087898
MOL_1798,0.85227078,0.54346502
MOL_1799,0.66866797,0.45706043
MOL_1800,0.67528677,0.47571191
MOL_1801,0.66655928,0.43391651
MOL_1802,0.70288324,0.46570900
MOL_1803,0.66012841,0.46403575
MOL_1804,0.65251625,0.45518413
MOL_1805,0.71966404,0.48829043
MOL_1806,0.70610565,0.45489094
MOL_1807,0.66565478,0.45754236
MOL_1808,0.70559204,0.44426063
MOL_1809,0.67632532,0.46353894
MOL_1810,0.70793474,0.45682648
MOL_1811,0.70643127,0.48598063
MOL_1812,0.70521581,0.47728252
MOL_1813,0.68173224,0.45269954
MOL_1814,0.66069776,0.48144314
MOL_1815,0.70580792,0.48902240
MOL_1816,0.66671371,0.46507546
MOL_1817,0.70977366,0.47869810
MOL_1818,0.70634073,0.47578192
MOL_1819,0.72559994,0.46847111
MOL_1820,0.86849833,0.54168117
MOL_1821,0.64910823,0.45690560
MOL_1822,0.67012006,0.47071499
MOL_1823,0.71460307,0.47258013
MOL_1824,0.70725226,0.48998100
MOL_1825,0.72915906,0.45134732
MOL_1826,0.69106644,0.48802689
MOL_1827,0.67071110,0.45457554
MOL_1828,0.68217319,0.46829677
MOL_1829,0.74381930,0.52715766
MOL_1830,0.70347708,0.46665576
MOL_1831,0.69660914,0.47492814
MOL_1832,0.69463384,0.47020224
MOL_1833,0.80341452,0.50371039
MOL_1834,0.65736729,0.45344505
MOL_1835,0.72083569,0.48341033
MOL_1836,0.64805561,0.42785877
MOL_1837,0.81566167,0.55808312
MOL_1838,0.72225744,0.50912058
MOL_1839,0.84273165,0.52968419
MOL_1840,0.64374310,0.42473879
MOL_1841,0.71861100,0.48350260
MOL_1842,0.67329925,0.44869700
MOL_1843,0.71998852,0.47705543
MOL_1844,0.70012224,0.48567170
MOL_1845,0.68163139,0.47352961
MOL_1846,0.69560349,0.45935529
MOL_1847,0.63806790,0.43513206
MOL_1848,0.69850296,0.45564204
MOL_1849,0.68634510,0.48244026
MOL_1850,0.66854548,0.44899693
MOL_1851,0.67104053,0.44991487
MOL_1852,0.67509538,0.45192197
MOL_1853,0.67942429,0.46303955
MOL_1854,0.86582565,0.52543479
MOL_1855,0.85204697,0.55667722
MOL_1856,0.88285929,0.52453071
MOL_1857,0.72320247,0.48092160
MOL_1858,0.67151815,0.45405623
MOL_1859,0.67946768,0.47279736
MOL_1860,0.63737673,0.44403443
MOL_1861,0.68827748,0.48893377
MOL_1862,0.72294480,0.49066353
MOL_1863,0.67715734,0.48595423
MOL_1864,0.70153469,0.47137901
MOL_1865,0.69985121,0.47618175
MOL_1866,0.67239708,0.45849481
MOL_1867,0.72813874,0.48156509
MOL_1868,0.66887408,0.46004725
MOL_1869,0.72032082,0.49930933
MOL_1870,0.70718938,0.46068838
MOL_1871,0.67105979,0.44919729
MOL_1872,0.65304029,0.44237232
MOL_1873,0.74661314,0.48706183
MOL_1874,0.69848031,0.47605667
MOL_1875,0.71770197,0.47541788
MOL_1876,0.67887247,0.43535998
MOL_1877,0.61001265,0.42111364
MOL_1878,0.69191462,0.47811005
MOL_1879,0.81529492,0.53865939
MOL_1880,0.69225264,0.46858701
MOL_1881,0.65426475,0.45576593
MOL_1882,0.71071321,0.47646987
MOL_1883,0.68786061,0.47391003
MOL_1884,0.68291032,0.47035396
MOL_1885,0.68214828,0.45971248
MOL_1886,0.68083739,0.44532430
MOL_1887,0.85301971,0.50321597
MOL_1888,0.75915885,0.50317842
MOL_1889,0.63258725,0.43686652
MOL_1890,0.64008152,0.43201476
MOL_1891,0.63325298,0.44789988
MOL_1892,0.65554565,0.42861921
MOL_1893,0.70706862,0.47912306
MOL_1894,0.65918028,0.45139995
MOL_1895,0.64863217,0.43902254
MOL_1896,0.65968502,0.44433996
MOL_1897,0.70866048,0.47757256
MOL_1898,0.71918327,0.48696077
MOL_1899,0.72328711,0.45497176
MOL_1900,0.69741327,0.47792903
MOL_1901,0.70188719,0.44425419
MOL_1902,0.65199602,0.44279182
MOL_1903,0.63121682,0.41077399
MOL_1904,0.67545724,0.45163620
MOL_1905,0.63623631,0.41507503
MOL_1906,0.70034003,0.45073998
MOL_1907,0.83773804,0.51489747
MOL_1908,0.77077860,0.51144898
MOL_1909,0.64463574,0.41497087
MOL_1910,0.69071627,0.45120439
MOL_1911,0.67949045,0.45058435
MOL_1912,0.68662137,0.44457397
MOL_1913,0.68879789,0.45442802
MOL_1914,0.66863686,0.45732346
MOL_1915,0.69064748,0.47371405
MOL_1916,0.67456174,0.44207355
MOL_1917,0.65769064,0.44427681
MOL_1918,0.71947891,0.49078161
MOL_1919,0.64828694,0.45525399
MOL_1920,0.64675772,0.43529817
MOL_1921,0.69370788,0.47499040
MOL_1922,0.65959781,0.45097101
MOL_1923,0.66830766,0.47137371
MOL_1924,0.67277098,0.47582242
MOL_1925,0.70092815,0.49353093
MOL_1926,0.69944882,0.45759007
MOL_1927,0.68512225,0.48651972
MOL_1928,0.69134533,0.45983163
MOL_1929,0.66980815,0.45144904
MOL_1930,0.70466304,0.48461628
MOL_1931,0.64588219,0.44445825
MOL_1932,0.84895390,0.55919284
MOL_1933,0.68484300,0.47976393
MOL_1934,0.67442638,0.45819175
MOL_1935,0.66829050,0.44471708
MOL_1936,0.64919639,0.44793919
MOL_1937,0.70133829,0.43754607
MOL_1938,0.69271803,0.48181528
MOL_1939,0.65521997,0.44523555
MOL_1940,0.81310499,0.49016759
MOL_1941,0.69451421,0.45129082
MOL_1942,0.70985729,0.45879960
MOL_1943,0.69196612,0.45535934
MOL_1944,0.69436514,0.47511113
MOL_1945,0.67770797,0.47452265
MOL_1946,0.68812531,0.46585009
MOL_1947,0.66857135,0.43331081
MOL_1948,0.66780579,0.46106765
MOL_1949,0.72836965,0.50977677
MOL_1950,0.82409889,0.55678296
MOL_1951,0.64307839,0.46911129
MOL_1952,0.69592488,0.44605485
MOL_1953,0.71711117,0.49059513
MOL_1954,0.69348460,0.47924867
MOL_1955,0.70496756,0.46408910
MOL_1956,0.68316919,0.45778346
MOL_1957,0.68068177,0.44049937
MOL_1958,0.66532338,0.45369434
MOL_1959,0.67339307,0.44794217
MOL_1960,0.68920898,0.45956075
MOL_1961,0.86820370,0.51837260
MOL_1962,0.68601972,0.46602404
MOL_1963,0.66735035,0.44498920
MOL_1964,0.72220892,0.49537626
MOL_1965,0.75931585,0.47427654
MOL_1966,0.68010640,0.46992928
MOL_1967,0.68711030,0.48593286
MOL_1968,0.65439588,0.43354458
MOL_1969,0.70640105,0.47182345
MOL_1970,0.69563383,0.48243642
MOL_1971,0.61251611,0.40320173
MOL_1972,0.69757265,0.48231104
MOL_1973,0.69391876,0.46461320
MOL_1974,0.68220872,0.47080794
MOL_1975,0.70015854,0.44882727
MOL_1976,0.69944650,0.47278747
MOL_1977,0.68338203,0.45675123
MOL_1978,0.63679576,0.44697982
MOL_1979,0.66442668,0.45687360
MOL_1980,0.68877965,0.46534243
MOL_1981,0.83816350,0.52948338
MOL_1982,0.70025849,0.46574163
MOL_1983,0.67968374,0.45766214
MOL_1984,0.65893054,0.44702008
MOL_1985,0.66916543,0.43716240
MOL_1986,0.68825758,0.47188026
MOL_1987,0.66136289,0.43959868
MOL_1988,0.69943202,0.48135269
MOL_1989,0.70675498,0.44578829
MOL_1990,0.67560875,0.47314924
MOL_1991,0.67256284,0.45520377
MOL_1992,0.64515537,0.41705564
MOL_1993,0.66218305,0.47262236
MOL_1994,0.70496112,0.45049924
MOL_1995,0.64459223,0.43118873
MOL_1996,0.61943722,0.39467543
MOL_1997,0.68571085,0.45116216
MOL_1998,0.68323350,0.42950174
MOL_1999,0.68226105,0.46650466
MOL_2000,0.65474445,0.46154061
MOL_2001,0.62136430,0.43210500
MOL_2002,0.60985833,0.38365552
MOL_2003,0.63094831,0.42678234
MOL_2004,0.86990130,0.55717903
MOL_2005,0.69035327,0.47555703
MOL_2006,0.85122263,0.53510171
MOL_2007,0.65900725,0.42690417
MOL_2008,0.61398637,0.42410296
MOL_2009,0.69169676,0.47033504
MOL_2010,0.69211668,0.46721831
MOL_2011,0.70123732,0.47491711
MOL_2012,0.65060282,0.44680691
MOL_2013,0.69660223,0.47711796
MOL_2014,0.68036044,0.49755341
MOL_2015,0.88409936,0.52800858
MOL_2016,0.69568890,0.48205000
MOL_2017,0.65261436,0.43406531
MOL_2018,0.70345712,0.48050466
MOL_2019,0.66917902,0.47155038
MOL_2020,0.65365046,0.44774309
MOL_2021,0.70673949,0.48838919
MOL_2022,0.71028990,0.48631206
MOL_2023,0.65562981,0.45700496
MOL_2024,0.68802363,0.48996395
MOL_2025,0.71690601,0.49649891
MOL_2026,0.68685633,0.47640401
MOL_2027,0.69523919,0.45758858
MOL_2028,0.80211014,0.54615229
MOL_2029,0.70870316,0.44104233
MOL_2030,0.65884596,0.44361791
MOL_2031,0.69402236,0.46824393
MOL_2032,0.69551742,0.48076245
MOL_2033,0.64756459,0.41730410
MOL_2034,0.64874893,0.45536226
MOL_2035,0.67103338,0.46412688
MOL_2036,0.66312128,0.45795318
MOL_2037,0.69999665,0.43275771
MOL_2038,0.68620026,0.45960495
MOL_2039,0.66475213,0.45510599
MOL_2040,0.65200371,0.43561697
MOL_2041,0.70833594,0.47913942
MOL_2042,0.65342414,0.43466935
MOL_2043,0.69892085,0.48366576
MOL_2044,0.67327708,0.45495015
MOL_2045,0.72087979,0.51507068
MOL_2046,0.71549052,0.45146349
MOL_2047,0.67294621,0.46984071
MOL_2048,0.67031497,0.46262291
MOL_2049,0.65649033,0.42550808
MOL_2050,0.64487147,0.44433266
MOL_2051,0.65511954,0.46493274
MOL_2052,0.70400012,0.47462660
MOL_2053,0.65734136,0.43528414
MOL_2054,0.69835639,0.47669530
MOL_2055,0.82002950,0.50771427
MOL_2056,0.66819286,0.45234746
MOL_2057,0.68805164,0.45098028
MOL_2058,0.64458615,0.42926303
MOL_2059,0.58873397,0.42270967
MOL_2060,0.71499830,0.50895566
MOL_2061,0.65328354,0.47236732
MOL_2062,0.68579841,0.49689403
MOL_2063,0.70891500,0.48216197
MOL_2064,0.68572021,0.46559554
MOL_2065,0.67114085,0.46042460
MOL_2066,0.70684612,0.50357306
MOL_2067,0.69850439,0.46426779
MOL_2068,0.71939594,0.50035715
MOL_2069,0.83064848,0.54950356
MOL_2070,0.68805206,0.47323874
MOL_2071,0.66015959,0.45093745
MOL_2072,0.62887788,0.44158101
MOL_2073,0.65264410,0.40850648
MOL_2074,0.71382982,0.44508457
MOL_2075,0.71772373,0.48149604
MOL_2076,0.64827687,0.41009364
MOL_2077,0.66883516,0.46321222
MOL_2078,0.65568298,0.44530553
MOL_2079,0.71866578,0.49298042
MOL_2080,0.64660633,0.44389719
MOL_2081,0.71340394,0.51632959
MOL_2082,0.68269873,0.45373893
MOL_2083,0.70475578,0.46380803
MOL_2084,0.65826762,0.43481162
MOL_2085,0.66346496,0.44448021
MOL_2086,0.64335304,0.41230205
MOL_2087,0.68379909,0.45634380
MOL_2088,0.64844096,0.41327313
MOL_2089,0.68138659,0.45149329
MOL_2090,0.70964932,0.48063499
MOL_2091,0.69513941,0.47266948
MOL_2092,0.65022171,0.44679746
MOL_2093,0.66816932,0.46798086
MOL_2094,0.66942036,0.45002776
MOL_2095,0.65104294,0.46552083
MOL_2096,0.71596205,0.47355875
MOL_2097,0.71703863,0.48819286
MOL_2098,0.67751658,0.45863691
MOL_2099,0.65114802,0.44531864
MOL_2100,0.68509102,0.47730026
MOL_2101,0.64301062,0.44004959
MOL_2102,0.63806367,0.42904845
MOL_2103,0.69404036,0.47535485
MOL_2104,0.70406443,0.47837260
MOL_2105,0.70293963,0.48922390
MOL_2106,0.65611261,0.45996991
MOL_2107,0.67502433,0.47251648
MOL_2108,0.69931173,0.48412794
MOL_2109,0.85137570,0.58880472
MOL_2110,0.65438145,0.44021940
MOL_2111,0.69105172,0.47383538
MOL_2112,0.64175630,0.42852330
MOL_2113,0.67271006,0.45570213
MOL_2114,0.69657707,0.46219903
MOL_2115,0.69873571,0.46585092
MOL_2116,0.81998593,0.51731896
MOL_2117,0.69161427,0.45910063
MOL_2118,0.70377004,0.48021513
MOL_2119,0.71566367,0.49770465
MOL_2120,0.67405987,0.46854576
MOL_2121,0.70626700,0.44635767
MOL_2122,0.70051980,0.48061773
MOL_2123,0.69686228,0.46303511
MOL_2124,0.70008945,0.46054685
MOL_2125,0.67346662,0.46056968
MOL_2126,0.68615723,0.46369648
MOL_2127,0.67491180,0.46600553
MOL_2128,0.70072323,0.48390132
MOL_2129,0.70895332,0.46725124
MOL_2130,0.64967805,0.44870734
MOL_2131,0.65786719,0.42330098
MOL_2132,0.68401843,0.45068792
MOL_2133,0.84385455,0.49412781
MOL_2134,0.68791091,0.46533287
MOL_2135,0.70426655,0.48504820
MOL_2136,0.67906231,0.45929945
MOL_2137,0.66687256,0.45475325
MOL_2138,0.66828924,0.45539179
MOL_2139,0.67497522,0.48021537
MOL_2140,0.67084903,0.43494895
MOL_2141,0.72226572,0.48549953
MOL_2142,0.71125066,0.48491210
MOL_2143,0.68828517,0.48941839
MOL_2144,0.72150403,0.47474679
MOL_2145,0.64552224,0.44273439
MOL_2146,0.68820894,0.46037284
MOL_2147,0.69511867,0.45602638
MOL_2148,0.81994551,0.55060893
MOL_2149,0.69401091,0.45416510
MOL_2150,0.64056623,0.44614935
MOL_2151,0.67802775,0.46068430
MOL_2152,0.68648398,0.46118167
MOL_2153,0.67746329,0.45079318
MOL_2154,0.64663529,0.42863220
MOL_2155,0.68944395,0.45965409
MOL_2156,0.64131868,0.41996977
MOL_2157,0.64409256,0.45900160
MOL_2158,0.61521089,0.42217463
MOL_2159,0.69700301,0.47199887
MOL_2160,0.67959487,0.46243152
MOL_2161,0.71136439,0.46831435
MOL_2162,0.70210493,0.52693582
MOL_2163,0.69646609,0.46358562
MOL_2164,0.63446504,0.46339163
MOL_2165,0.68687826,0.45352507
MOL_2166,0.70533782,0.46087393
MOL_2167,0.67472106,0.46160522
MOL_2168,0.62274855,0.37970346
MOL_2169,0.71515548,0.47732303
MOL_2170,0.65970385,0.44839415
MOL_2171,0.66077673,0.44018936
MOL_2172,0.71772575,0.48247227
MOL_2173,0.83865112,0.48438236
MOL_2174,0.65183443,0.46381909
MOL_2175,0.67146671,0.44149473
MOL_2176,0.65327752,0.43283820
MOL_2177,0.68984646,0.46028218
MOL_2178,0.69073582,0.47282097
MOL_2179,0.63881153,0.43223003
MOL_2180,0.70550919,0.42498979
MOL_2181,0.66338944,0.44707000
MOL_2182,0.66498858,0.45948929
MOL_2183,0.68706346,0.48160440
MOL_2184,0.72785926,0.48970202
MOL_2185,0.63402349,0.44198585
MOL_2186,0.70493948,0.45511147
MOL_2187,0.70505756,0.50853992
MOL_2188,0.62891591,0.42916363
MOL_2189,0.69521230,0.47362059
MOL_2190,0.71441865,0.48881784
MOL_2191,0.70314091,0.46745434
MOL_2192,0.85566562,0.53508860
MOL_2193,0.67076415,0.48626974
MOL_2194,0.71657336,0.50382978
MOL_2195,0.72063410,0.48458663
MOL_2196,0.68116862,0.45798868
MOL_2197,0.66055489,0.43960300
MOL_2198,0.87144250,0.47170180
MOL_2199,0.68516755,0.46576253
MOL_2200,0.71078163,0.49735570
MOL_2201,0.70338660,0.47324142
MOL_2202,0.71216196,0.46310779
MOL_2203,0.67100382,0.44413480
MOL_2204,0.69786847,0.48235810
MOL_2205,0.64107001,0.44661969
MOL_2206,0.67075855,0.46299094
MOL_2207,0.80032855,0.52784508
MOL_2208,0.71053201,0.48159790
MOL_2209,0.64337528,0.46176633
MOL_2210,0.69166285,0.47395048
MOL_2211,0.83186281,0.51989603
MOL_2212,0.66768205,0.43589121
MOL_2213,0.64819306,0.46325535
MOL_2214,0.69228333,0.48068482
MOL_2215,0.69521636,0.47834104
MOL_2216,0.64465922,0.43311128
MOL_2217,0.67088598,0.46025306
MOL_2218,0.69432831,0.47590151
MOL_2219,0.59226996,0.42953196
MOL_2220,0.70463508,0.47790420
MOL_2221,0.68248969,0.46737468
MOL_2222,0.70528466,0.47710234
MOL_2223,0.68167192,0.46554157
MOL_2224,0.66572016,0.46737954
MOL_2225,0.64658374,0.45192650
MOL_2226,0.65042365,0.43847200
MOL_2227,0.86684453,0.50668383
MOL_2228,0.70294863,0.48202395
MOL_2229,0.66283876,0.44390741
MOL_2230,0.65777224,0.45652053
MOL_2231,0.64009780,0.42230648
MOL_2232,0.70814818,0.44187200
MOL_2233,0.63266426,0.41411743
MOL_2234,0.65097755,0.43820244
MOL_2235,0.69189847,0.45764422
MOL_2236,0.68673784,0.46132392
MOL_2237,0.71100253,0.48850343
MOL_2238,0.64496887,0.47415194
MOL_2239,0.64899790,0.45778459
MOL_2240,0.71690327,0.49188519
MOL_2241,0.65261906,0.43124613
MOL_2242,0.64917660,0.45843339
MOL_2243,0.70108902,0.47468427
MOL_2244,0.68815166,0.43875015
MOL_2245,0.65993857,0.42400765
MOL_2246,0.72097629,0.49998850
MOL_2247,0.88533390,0.52520579
MOL_2248,0.71881372,0.48658049
MOL_2249,0.63117331,0.40451819
MOL_2250,0.68526751,0.48434314
MOL_2251,0.73423374,0.50067514
MOL_2252,0.69934636,0.48635021
MOL_2253,0.65673316,0.44787696
MOL_2254,0.66491616,0.45416838
MOL_2255,0.77321535,0.49063134
MOL_2256,0.70260984,0.45849600
MOL_2257,0.69369709,0.48321214
MOL_2258,0.69163841,0.47194520
MOL_2259,0.62099713,0.44206268
MOL_2260,0.69260663,0.44890833
MOL_2261,0.65125430,0.45724416
MOL_2262,0.69953918,0.47466344
MOL_2263,0.71344936,0.48896503
MOL_2264,0.68316597,0.48990342
MOL_2265,0.68991321,0.46115157
MOL_2266,0.69393337,0.45762190
MOL_2267,0.71386784,0.47201541
MOL_2268,0.85549837,0.52586818
MOL_2269,0.68822396,0.44559696
MOL_2270,0.69135255,0.47501424
MOL_2271,0.62946808,0.42708021
MOL_2272,0.69784319,0.45304036
MOL_2273,0.68011969,0.44951487
MOL_2274,0.66749501,0.47216964
MOL_2275,0.73369265,0.50722122
MOL_2276,0.72202933,0.49656528
MOL_2277,0.69767946,0.47623089
MOL_2278,0.72815561,0.50301170
MOL_2279,0.70004994,0.46118480
MOL_2280,0.70860207,0.47610787
MOL_2281,0.70254588,0.48064116
MOL_2282,0.84770954,0.50077653
MOL_2283,0.67518753,0.46108958
MOL_2284,0.68430209,0.46768001
MOL_2285,0.67039913,0.45022213
MOL_2286,0.65858394,0.44014090
MOL_2287,0.70363796,0.48205000
MOL_2288,0.71528852,0.47742856
MOL_2289,0.68829805,0.46841314
MOL_2290,0.69828933,0.47587880
MOL_2291,0.63512713,0.42523068
MOL_2292,0.85870105,0.50944334
MOL_2293,0.62675476,0.42435610
MOL_2294,0.70126688,0.47467381
MOL_2295,0.68161404,0.46263987
MOL_2296,0.71257275,0.48956382
MOL_2297,0.66910428,0.43534672
MOL_2298,0.70209539,0.46776378
MOL_2299,0.66308510,0.45166108
MOL_2300,0.72038412,0.49719572
MOL_2301,0.69939935,0.45980781
MOL_2302,0.67889595,0.45805761
MOL_2303,0.67234004,0.45779485
MOL_2304,0.66629243,0.44102067
MOL_2305,0.69600213,0.48762494
MOL_2306,0.72441369,0.48255825
MOL_2307,0.64607835,0.46299431
MOL_2308,0.69302297,0.47150353
MOL_2309,0.69383824,0.47249547
MOL_2310,0.64039022,0.40206623
MOL_2311,0.74103630,0.50420529
MOL_2312,0.67105305,0.45228106
MOL_2313,0.63424307,0.43712983
MOL_2314,0.64113909,0.40962300
MOL_2315,0.87809086,0.52484852
MOL_2316,0.71064454,0.47781196
MOL_2317,0.69143456,0.46051118
MOL_2318,0.69208103,0.47535589
MOL_2319,0.72696400,0.48006868
MOL_2320,0.62168533,0.45196608
MOL_2321,0.80511957,0.54724783
MOL_2322,0.65024710,0.43418738
MOL_2323,0.67668027,0.46927047
MOL_2324,0.71731544,0.48417559
MOL_2325,0.72737694,0.48636019
MOL_2326,0.83993232,0.52555186
MOL_2327,0.81283188,0.54031247
MOL_2328,0.62906080,0.44999093
MOL_2329,0.66411102,0.44698527
MOL_2330,0.67448235,0.47629729
MOL_2331,0.72860593,0.49495828
MOL_2332,0.67817056,0.44723094
MOL_2333,0.66092926,0.45314586
MOL_2334,0.68360263,0.47420299
MOL_2335,0.68398631,0.45609954
MOL_2336,0.67988044,0.46620914
MOL_2337,0.68860906,0.48724166
MOL_2338,0.68768162,0.46815252
MOL_2339,0.66981119,0.46397486
MOL_2340,0.66447431,0.44715944
MOL_2341,0.66194052,0.47034353
MOL_2342,0.71521938,0.50315690
MOL_2343,0.86108083,0.54135048
MOL_2344,0.65140164,0.43701804
MOL_2345,0.67316484,0.46595985
MOL_2346,0.86587328,0.50958824
MOL_2347,0.66707331,0.45218316
MOL_2348,0.71537358,0.48307803
MOL_2349,0.89323437,0.49226472
MOL_2350,0.71288145,0.47884151
MOL_2351,0.70607084,0.47941178
MOL_2352,0.69728482,0.46809620
MOL_2353,0.66457283,0.46577513
MOL_2354,0.70967925,0.50219911
MOL_2355,0.71406925,0.49963912
MOL_2356,0.70789033,0.49806434
MOL_2357,0.73974812,0.50022227
MOL_2358,0.68135768,0.45475715
MOL_2359,0.68629402,0.46573749
MOL_2360,0.67662632,0.46522132
MOL_2361,0.64302367,0.41167098
MOL_2362,0.71133941,0.49841863
MOL_2363,0.69521558,0.48121366
MOL_2364,0.69158393,0.46910751
MOL_2365,0.67072618,0.45838442
MOL_2366,0.68712646,0.45564631
MOL_2367,0.67224860,0.44524449
MOL_2368,0.66607416,0.46166259
MOL_2369,0.64608341,0.44073194
MOL_2370,0.69531614,0.43467417
MOL_2371,0.65796000,0.45283929
MOL_2372,0.70807719,0.47409606
MOL_2373,0.67502111,0.42546374
MOL_2374,0.63063169,0.41659829
MOL_2375,0.65904671,0.46300042
MOL_2376,0.67234451,0.47745773
MOL_2377,0.64435494,0.44025657
MOL_2378,0.78214115,0.53788227
MOL_2379,0.65258908,0.45891553
MOL_2380,0.67994821,0.46483284
MOL_2381,0.72327054,0.49357739
MOL_2382,0.71234435,0.46869594
MOL_2383,0.70379227,0.47932911
MOL_2384,0.67698002,0.45958915
MOL_2385,0.66929758,0.46696791
MOL_2386,0.72581476,0.48897660
MOL_2387,0.70015949,0.48926866
MOL_2388,0.68182868,0.45613068
MOL_2389,0.69835192,0.47107941
MOL_2390,0.69165605,0.47620988
MOL_2391,0.68288976,0.47079802
MOL_2392,0.71094829,0.49672264
MOL_2393,0.65604228,0.44898409
MOL_2394,0.68540883,0.46848828
MOL_2395,0.69089508,0.47977954
MOL_2396,0.65723729,0.44963694
MOL_2397,0.69230300,0.44198406
MOL_2398,0.69791037,0.43653199
MOL_2399,0.69992751,0.45205390
MOL_2400,0.69912505,0.48894250
MOL_2401,0.65202057,0.44264853
MOL_2402,0.67519301,0.44907868
MOL_2403,0.66885787,0.47144803
MOL_2404,0.66285354,0.46311614
MOL_2405,0.68138623,0.45884612
MOL_2406,0.63490140,0.43328324
MOL_2407,0.71156418,0.42145175
MOL_2408,0.81050813,0.54750615
MOL_2409,0.68390751,0.46239403
MOL_2410,0.69828415,0.47088283
MOL_2411,0.65582031,0.46449268
MOL_2412,0.66869015,0.46642670
MOL_2413,0.81425458,0.47451898
MOL_2414,0.66219467,0.46914050
MOL_2415,0.68681586,0.45939869
MOL_2416,0.63090795,0.42994225
MOL_2417,0.67333436,0.48774165
MOL_2418,0.66991788,0.45280710
MOL_2419,0.69427603,0.43345106
MOL_2420,0.67093951,0.45471990
MOL_2421,0.66163272,0.45366293
MOL_2422,0.70762563,0.49037266
MOL_2423,0.67033052,0.45769387
MOL_2424,0.64528418,0.43343487
MOL_2425,0.65996963,0.41269419
MOL_2426,0.72600138,0.50475436
MOL_2427,0.64469314,0.45676836
MOL_2428,0.71628332,0.48946038
MOL_2429,0.71054822,0.47102734
MOL_2430,0.68991739,0.45809484
MOL_2431,0.68737799,0.46775597
MOL_2432,0.69641358,0.47219250
MOL_2433,0.64594966,0.46051583
MOL_2434,0.66670614,0.43415630
MOL_2435,0.81579751,0.54512459
MOL_2436,0.67447233,0.45702213
MOL_2437,0.70846891,0.50295758
MOL_2438,0.67491555,0.45847312
MOL_2439,0.61719471,0.41539675
MOL_2440,0.71532905,0.49215499
MOL_2441,0.73073983,0.43995395
MOL_2442,0.69836181,0.47305989
MOL_2443,0.69166666,0.45534939
MOL_2444,0.67609918,0.46552578
MOL_2445,0.67539877,0.48798755
MOL_2446,0.69140983,0.45698178
MOL_2447,0.67517823,0.47128141
MOL_2448,0.68797141,0.46258205
MOL_2449,0.67562014,0.47545558
MOL_2450,0.60977465,0.42567265
MOL_2451,0.70583600,0.47515690
MOL_2452,0.69265050,0.47117338
MOL_2453,0.64910388,0.44201937
MOL_2454,0.68497199,0.45455733
MOL_2455,0.69120824,0.47637442
MOL_2456,0.69984311,0.47607654
MOL_2457,0.69975942,0.47854140
MOL_2458,0.82199013,0.47390214
MOL_2459,0.62461966,0.44803637
MOL_2460,0.66451967,0.46116176
MOL_2461,0.66404712,0.44993621
MOL_2462,0.67017645,0.43307340
MOL_2463,0.67816466,0.47413677
MOL_2464,0.70229697,0.46952641
MOL_2465,0.62535566,0.40802044
MOL_2466,0.75372910,0.51994979
MOL_2467,0.68217003,0.45303893
MOL_2468,0.66445309,0.44711429
MOL_2469,0.80623174,0.53799939
MOL_2470,0.70979893,0.47749773
MOL_2471,0.70792389,0.47885981
MOL_2472,0.73475367,0.51580650
MOL_2473,0.63514555,0.42017683
MOL_2474,0.66068667,0.46336910
MOL_2475,0.73484915,0.48306146
MOL_2476,0.66580939,0.45982090
MOL_2477,0.72011352,0.50978220
MOL_2478,0.66556978,0.44664928
MOL_2479,0.69669974,0.47334975
MOL_2480,0.67277795,0.46639916
MOL_2481,0.67171705,0.46145123
MOL_2482,0.67923856,0.46495575
MOL_2483,0.65936267,0.46448720
MOL_2484,0.67814881,0.46946654
MOL_2485,0.75555360,0.57334661
MOL_2486,0.70186716,0.47012469
MOL_2487,0.69457197,0.45665398
MOL_2488,0.68067116,0.46696833
MOL_2489,0.70743436,0.49691805
MOL_2490,0.69599181,0.46098110
MOL_2491,0.64500350,0.44110015
MOL_2492,0.64471775,0.43448725
MOL_2493,0.68829632,0.46823686
MOL_2494,0.89331287,0.52532607
MOL_2495,0.69661999,0.47869623
MOL_2496,0.69078720,0.46654183
MOL_2497,0.63831061,0.40873089
MOL_2498,0.63996148,0.44736966
MOL_2499,0.65120518,0.47064090
MOL_2500,0.65351170,0.44303873
MOL_2501,0.66833431,0.45818186
MOL_2502,0.85901237,0.55807257
MOL_2503,0.63523710,0.43501443
MOL_2504,0.68723321,0.48149654
MOL_2505,0.69023728,0.48533157
MOL_2506,0.68401098,0.44637492
MOL_2507,0.71433204,0.50435334
MOL_2508,0.68549520,0.46716169
MOL_2509,0.66184366,0.45883319
MOL_2510,0.65588409,0.45404544
MOL_2511,0.68713963,0.46781650
MOL_2512,0.69980174,0.48126462
MOL_2513,0.67676616,0.45556223
MOL_2514,0.64249581,0.41390496
MOL_2515,0.69916654,0.47778818
MOL_2516,0.71194869,0.46487534
MOL_2517,0.68353635,0.48147491
MOL_2518,0.66732144,0.45416120
MOL_2519,0.63228595,0.44805720
MOL_2520,0.70826387,0.49506387
MOL_2521,0.68522900,0.47601277
MOL_2522,0.71971035,0.43297341
MOL_2523,0.69010627,0.43828011
MOL_2524,0.70421070,0.45391655
MOL_2525,0.70659518,0.47074288
MOL_2526,0.68890852,0.47283313
MOL_2527,0.67546785,0.45953745
MOL_2528,0.65392786,0.41816583
MOL_2529,0.63643175,0.43841976
MOL_2530,0.63500768,0.44921938
MOL_2531,0.69164115,0.48462769
MOL_2532,0.87931311,0.56356359
MOL_2533,0.84807104,0.47932994
MOL_2534,0.66076928,0.41386202
MOL_2535,0.70378304,0.49079821
MOL_2536,0.69055283,0.48052886
MOL_2537,0.81602347,0.53927046
MOL_2538,0.70483691,0.48533565
MOL_2539,0.62881994,0.42365605
MOL_2540,0.70086223,0.45894355
MOL_2541,0.70545638,0.46973148
MOL_2542,0.68001783,0.47726431
MOL_2543,0.70733786,0.46569180
MOL_2544,0.69167799,0.44835311
MOL_2545,0.84345382,0.53766412
MOL_2546,0.87940848,0.53324610
MOL_2547,0.65181017,0.42571861
MOL_2548,0.83873695,0.51108253
MOL_2549,0.68839812,0.45426923
MOL_2550,0.72076619,0.50448120
MOL_2551,0.69918913,0.48321176
MOL_2552,0.69982797,0.47875789
MOL_2553,0.69192088,0.47083277
MOL_2554,0.66844285,0.46534032
MOL_2555,0.61882889,0.40850693
MOL_2556,0.71535367,0.47663417
MOL_2557,0.70072144,0.45520505
MOL_2558,0.70429194,0.46227247
MOL_2559,0.64398897,0.46912834
MOL_2560,0.66652828,0.46059000
MOL_2561,0.68568599,0.47917184
MOL_2562,0.67898148,0.46132150
MOL_2563,0.65218830,0.45654830
MOL_2564,0.71689498,0.47576010
MOL_2565,0.84139621,0.52319878
MOL_2566,0.70155305,0.49241334
MOL_2567,0.68979830,0.44706672
MOL_2568,0.65954566,0.44493556
MOL_2569,0.69831020,0.47707754
MOL_2570,0.60658813,0.40097478
MOL_2571,0.72212088,0.50596434
MOL_2572,0.68106228,0.47363892
MOL_2573,0.69597179,0.46677217
MOL_2574,0.66714275,0.47918326
MOL_2575,0.66311395,0.44314113
MOL_2576,0.67283809,0.45068499
MOL_2577,0.69345748,0.46373388
MOL_2578,0.87008083,0.57960784
MOL_2579,0.66316593,0.44791779
MOL_2580,0.65980047,0.45190212
MOL_2581,0.86851972,0.50534099
MOL_2582,0.88721025,0.49360844
MOL_2583,0.69432425,0.47567233
MOL_2584,0.65640473,0.44958559
MOL_2585,0.72175014,0.45994380
MOL_2586,0.67041916,0.47711664
MOL_2587,0.65721333,0.41845021
MOL_2588,0.70276511,0.47446743
MOL_2589,0.64445281,0.45436135
MOL_2590,0.70558029,0.45266670
MOL_2591,0.68768817,0.46153355
MOL_2592,0.67973495,0.46932212
MOL_2593,0.70760351,0.48535991
MOL_2594,0.61786801,0.42680293
MOL_2595,0.63454598,0.44621319
MOL_2596,0.70705634,0.48710296
MOL_2597,0.68297696,0.46839550
MOL_2598,0.78751320,0.55421674
MOL_2599,0.63738978,0.40895018
MOL_2600,0.71649504,0.48911908
MOL_2601,0.71016586,0.49368110
MOL_2602,0.65435237,0.46502200
MOL_2603,0.72043812,0.49177590
MOL_2604,0.68467849,0.45430037
MOL_2605,0.65583032,0.46532354
MOL_2606,0.78761059,0.48151171
MOL_2607,0.68361139,0.43501306
MOL_2608,0.72313356,0.49607730
MOL_2609,0.63339621,0.43288520
MOL_2610,0.68410444,0.46870455
MOL_2611,0.67365712,0.46388632
MOL_2612,0.71454734,0.45837742
MOL_2613,0.88435638,0.49149588
MOL_2614,0.66255438,0.45853859
MOL_2615,0.71118671,0.50234652
MOL_2616,0.70524544,0.46232530
MOL_2617,0.70726264,0.48561335
MOL_2618,0.81034666,0.52102363
MOL_2619,0.59584945,0.42785046
MOL_2620,0.65324765,0.42868462
MOL_2621,0.69355273,0.45488694
MOL_2622,0.72194397,0.48148516
MOL_2623,0.70589244,0.46731085
MOL_2624,0.73251063,0.50942379
MOL_2625,0.67163318,0.44849578
MOL_2626,0.64874667,0.43116465
MOL_2627,0.67120433,0.47056335
MOL_2628,0.67870080,0.46636856
MOL_2629,0.63318318,0.40854090
MOL_2630,0.68460500,0.45890832
MOL_2631,0.64523810,0.42007113
MOL_2632,0.66763812,0.41558120
MOL_2633,0.72773713,0.48532555
MOL_2634,0.72189850,0.47907764
MOL_2635,0.66987908,0.42263275
MOL_2636,0.70435321,0.47313148
MOL_2637,0.72151506,0.49249309
MOL_2638,0.69382423,0.45817795
MOL_2639,0.72127682,0.50708044
MOL_2640,0.69166291,0.46678215
MOL_2641,0.67937577,0.47215599
MOL_2642,0.68235785,0.48184276
MOL_2643,0.69341367,0.46836072
MOL_2644,0.73076093,0.50446266
MOL_2645,0.69261551,0.46642584
MOL_2646,0.82976413,0.52329445
MOL_2647,0.70794553,0.44504344
MOL_2648,0.68881899,0.44562316
MOL_2649,0.69806069,0.46840429
MOL_2650,0.64989114,0.43277001
MOL_2651,0.71334940,0.47985882
MOL_2652,0.69617873,0.47776040
MOL_2653,0.70989108,0.48663548
MOL_2654,0.85694534,0.55276412
MOL_2655,0.65734857,0.44073388
MOL_2656,0.65066248,0.47010738
MOL_2657,0.78415328,0.51300412
MOL_2658,0.71681273,0.50223470
MOL_2659,0.67966574,0.44668555
MOL_2660,0.67960107,0.45567459
MOL_2661,0.65886503,0.44053355
MOL_2662,0.64195955,0.44269007
MOL_2663,0.70855743,0.48338705
MOL_2664,0.65319973,0.41943160
MOL_2665,0.72018176,0.51115590
MOL_2666,0.71171474,0.46761894
MOL_2667,0.66229969,0.45021659
MOL_2668,0.69614846,0.47134739
MOL_2669,0.68757063,0.48835388
MOL_2670,0.71913111,0.48022220
MOL_2671,0.65869009,0.47100285
MOL_2672,0.63068718,0.44619295
MOL_2673,0.67703909,0.45106578
MOL_2674,0.69436306,0.48615193
MOL_2675,0.68518633,0.48743379
MOL_2676,0.68610537,0.46163616
MOL_2677,0.69183016,0.47128412
MOL_2678,0.71975124,0.47334623
MOL_2679,0.65170383,0.44068286
MOL_2680,0.66192031,0.46147317
MOL_2681,0.70781666,0.47761691
MOL_2682,0.67060751,0.45669147
MOL_2683,0.68409985,0.47089484
MOL_2684,0.63432473,0.43539354
MOL_2685,0.66966903,0.46550623
MOL_2686,0.68116212,0.45342121
MOL_2687,0.68924689,0.45864552
MOL_2688,0.69153607,0.48578316
MOL_2689,0.69017524,0.54807568
MOL_2690,0.64916641,0.44750684
MOL_2691,0.67366928,0.42536923
MOL_2692,0.85364228,0.51285398
MOL_2693,0.64088762,0.43145129
MOL_2694,0.70572096,0.48855346
MOL_2695,0.71158540,0.47627500
MOL_2696,0.82796305,0.54301906
MOL_2697,0.64248395,0.40521607
MOL_2698,0.67246437,0.45353606
MOL_2699,0.82865989,0.53242803
MOL_2700,0.62013948,0.44824430
MOL_2701,0.66655719,0.46514735
MOL_2702,0.67518449,0.44016358
MOL_2703,0.68600863,0.47305855
MOL_2704,0.70183921,0.42785785
MOL_2705,0.68968654,0.45930469
MOL_2706,0.69802445,0.46885860
MOL_2707,0.69517863,0.48844060
MOL_2708,0.65778154,0.41144770
MOL_2709,0.62293214,0.48137364
MOL_2710,0.69273329,0.49360994
MOL_2711,0.83734608,0.49941975
MOL_2712,0.70675892,0.47744739
MOL_2713,0.86513710,0.49428332
MOL_2714,0.63607252,0.46510902
MOL_2715,0.82371086,0.54035735
MOL_2716,0.64511192,0.45382690
MOL_2717,0.67547780,0.45663136
MOL_2718,0.66326189,0.43645051
MOL_2719,0.69008070,0.47704181
MOL_2720,0.68424952,0.47369072
MOL_2721,0.68347585,0.45420709
MOL_2722,0.66609031,0.44486272
MOL_2723,0.68299609,0.44288006
MOL_2724,0.69119561,0.47981957
MOL_2725,0.73415309,0.50304866
MOL_2726,0.66503996,0.44974953
MOL_2727,0.69651866,0.48138246
MOL_2728,0.71011978,0.47721326
MOL_2729,0.69165337,0.47688904
MOL_2730,0.68458629,0.45138243
MOL_2731,0.64186460,0.43191993
MOL_2732,0.70078027,0.46600291
MOL_2733,0.66810304,0.46433672
MOL_2734,0.66522861,0.46134588
MOL_2735,0.68364298,0.47263068
MOL_2736,0.87096572,0.48015001
MOL_2737,0.70015383,0.47889572
MOL_2738,0.67575699,0.46372741
MOL_2739,0.70470190,0.47790760
MOL_2740,0.71036983,0.49126464
MOL_2741,0.65739959,0.45481148
MOL_2742,0.68607312,0.44161791
MOL_2743,0.70508707,0.50136799
MOL_2744,0.68699783,0.46210915
MOL_2745,0.69886494,0.47291711
MOL_2746,0.65966040,0.43431652
MOL_2747,0.69398254,0.47933951
MOL_2748,0.67625707,0.47075310
MOL_2749,0.67747104,0.46439812
MOL_2750,0.67279422,0.44281155
MOL_2751,0.63816041,0.41210887
MOL_2752,0.69829804,0.46960142
MOL_2753,0.68235701,0.46649867
MOL_2754,0.70354724,0.49244630
MOL_2755,0.64580208,0.44737330
MOL_2756,0.67585617,0.46028528
MOL_2757,0.67148435,0.45656371
MOL_2758,0.70652562,0.47881898
MOL_2759,0.63194042,0.41063288
MOL_2760,0.81998354,0.54183018
MOL_2761,0.68226552,0.44007948
MOL_2762,0.70136583,0.44123021
MOL_2763,0.68527722,0.46530509
MOL_2764,0.86793196,0.53163773
MOL_2765,0.70610762,0.47171345
MOL_2766,0.84183818,0.53457320
MOL_2767,0.67845666,0.44201952
MOL_2768,0.69130778,0.46028614
MOL_2769,0.71554160,0.49425164
MOL_2770,0.70393634,0.48620546
MOL_2771,0.70107073,0.45432633
MOL_2772,0.69883388,0.47099933
MOL_2773,0.71554428,0.48540062
MOL_2774,0.66090858,0.44971731
MOL_2775,0.67273796,0.49492243
MOL_2776,0.71223426,0.49695885
MOL_2777,0.67889130,0.43200442
MOL_2778,0.70691830,0.43299550
MOL_2779,0.69673020,0.46888766
MOL_2780,0.73367447,0.49757469
MOL_2781,0.69980597,0.50074542
MOL_2782,0.67082798,0.45338112
MOL_2783,0.65504009,0.46085209
MOL_2784,0.64976227,0.43911436
MOL_2785,0.63537544,0.42944959
MOL_2786,0.69864810,0.47017223
MOL_2787,0.60776728,0.42585891
MOL_2788,0.66975784,0.46044374
MOL_2789,0.63040483,0.43985429
MOL_2790,0.68885869,0.47419634
MOL_2791,0.66079575,0.46183440
MOL_2792,0.64429837,0.44784975
MOL_2793,0.65200764,0.45190975
MOL_2794,0.72143370,0.48922658
MOL_2795,0.83955622,0.53661376
MOL_2796,0.65332049,0.46527961
MOL_2797,0.69081235,0.47652209
MOL_2798,0.67295152,0.47089222
MOL_2799,0.66845763,0.47177136
MOL_2800,0.70368505,0.49040434
MOL_2801,0.69691074,0.46533728
MOL_2802,0.86913198,0.50744373
MOL_2803,0.67950130,0.46674415
MOL_2804,0.65761799,0.42829877
MOL_2805,0.86766589,0.52344763
MOL_2806,0.69748813,0.47735476
MOL_2807,0.71007431,0.47562665
MOL_2808,0.67782336,0.46339720
MOL_2809,0.65382391,0.44998419
MOL_2810,0.68563581,0.46226987
MOL_2811,0.68161410,0.45487702
MOL_2812,0.64980435,0.45702165
MOL_2813,0.68185067,0.47942200
MOL_2814,0.82757342,0.46934655
MOL_2815,0.69916517,0.46459413
MOL_2816,0.80358642,0.53035724
MOL_2817,0.63567102,0.42164257
MOL_2818,0.65278131,0.40269846
MOL_2819,0.82425570,0.51525754
MOL_2820,0.66179478,0.44872871
MOL_2821,0.69016516,0.47379130
MOL_2822,0.67776448,0.46778405
MOL_2823,0.69469953,0.47373649
MOL_2824,0.71728557,0.49101269
MOL_2825,0.65079361,0.46750984
MOL_2826,0.70436949,0.48548195
MOL_2827,0.70064735,0.48274872
MOL_2828,0.80703300,0.53764349
MOL_2829,0.69522965,0.44818413
MOL_2830,0.67095453,0.45070341
MOL_2831,0.69523829,0.47716948
MOL_2832,0.66562790,0.42051831
MOL_2833,0.67604077,0.43864718
MOL_2834,0.69155180,0.47629550
MOL_2835,0.71528244,0.47687566
MOL_2836,0.65676999,0.45945793
MOL_2837,0.72079176,0.49830848
MOL_2838,0.65904707,0.47517458
MOL_2839,0.67277628,0.44837806
MOL_2840,0.71439105,0.47952220
MOL_2841,0.69816142,0.44505706
MOL_2842,0.70700967,0.47352797
MOL_2843,0.67767715,0.47007233
MOL_2844,0.69971454,0.51020491
MOL_2845,0.67460579,0.45019183
MOL_2846,0.65864944,0.43755421
MOL_2847,0.69569355,0.49190506
MOL_2848,0.67400992,0.47767156
MOL_2849,0.61256194,0.40635261
MOL_2850,0.69893026,0.47324648
MOL_2851,0.68477374,0.46860266
MOL_2852,0.61863476,0.44715062
MOL_2853,0.84316772,0.48073485
MOL_2854,0.72111261,0.49756280
MOL_2855,0.72549528,0.47740626
MOL_2856,0.69671154,0.46845904
MOL_2857,0.65139377,0.43283963
MOL_2858,0.67582422,0.45362914
MOL_2859,0.70424199,0.47369343
MOL_2860,0.69486582,0.45751205
MOL_2861,0.68629760,0.46767062
MOL_2862,0.84407413,0.58820003
MOL_2863,0.64563370,0.42800683
MOL_2864,0.65045196,0.44144130
MOL_2865,0.67022151,0.46931869
MOL_2866,0.64834845,0.45999154
MOL_2867,0.71210223,0.49236995
MOL_2868,0.72026759,0.49282581
MOL_2869,0.69045126,0.47400618
MOL_2870,0.66748965,0.45109504
MOL_2871,0.63617063,0.40932330
MOL_2872,0.60742897,0.38789198
MOL_2873,0.69516349,0.43066320
MOL_2874,0.70340449,0.45535776
MOL_2875,0.67721105,0.46062699
MOL_2876,0.87645364,0.51673222
MOL_2877,0.71764272,0.50258595
MOL_2878,0.82461894,0.50143892
MOL_2879,0.66683561,0.45053914
MOL_2880,0.66921341,0.46877757
MOL_2881,0.70196629,0.49115145
MOL_2882,0.67299914,0.44327199
MOL_2883,0.83268267,0.50640506
MOL_2884,0.66444457,0.46092206
MOL_2885,0.70658100,0.50498378
MOL_2886,0.70497417,0.47753906
MOL_2887,0.71088529,0.48043120
MOL_2888,0.68914104,0.47932139
MOL_2889,0.68420118,0.48369196
MOL_2890,0.73575920,0.51153582
MOL_2891,0.69352436,0.46761981
MOL_2892,0.65831399,0.45366675
MOL_2893,0.69673568,0.46991673
MOL_2894,0.67525077,0.46826550
MOL_2895,0.67241657,0.46042511
MOL_2896,0.72088242,0.47548574
MOL_2897,0.65552062,0.45735863
MOL_2898,0.70337135,0.45310512
MOL_2899,0.65862525,0.45714208
MOL_2900,0.65375417,0.43207419
MOL_2901,0.67356169,0.46613550
MOL_2902,0.65321547,0.44949427
MOL_2903,0.73294157,0.55910075
MOL_2904,0.68740177,0.46320078
MOL_2905,0.67134470,0.43058598
MOL_2906,0.66938835,0.43916044
MOL_2907,0.72573149,0.47988629
MOL_2908,0.71511179,0.49618971
MOL_2909,0.67766452,0.46540615
MOL_2910,0.64914566,0.44084838
MOL_2911,0.66088384,0.45253095
MOL_2912,0.71701211,0.50075263
MOL_2913,0.70599663,0.46077135
MOL_2914,0.63971519,0.46817234
MOL_2915,0.77066338,0.52261001
MOL_2916,0.69509357,0.48627922
MOL_2917,0.67131186,0.46185315
MOL_2918,0.68103057,0.46359390
MOL_2919,0.67620951,0.48785275
MOL_2920,0.64214969,0.44467646
MOL_2921,0.70190454,0.48904943
MOL_2922,0.61430091,0.42634994
MOL_2923,0.70585084,0.48805583
MOL_2924,0.64891237,0.43946135
MOL_2925,0.73816478,0.49684703
MOL_2926,0.69090295,0.48977685
MOL_2927,0.66987371,0.45583293
MOL_2928,0.69298184,0.46218809
MOL_2929,0.69393027,0.47195184
MOL_2930,0.71180344,0.46347106
MOL_2931,0.68853486,0.46958515
MOL_2932,0.64062303,0.42866719
MOL_2933,0.65426564,0.43988857
MOL_2934,0.70709389,0.47853717
MOL_2935,0.68603420,0.46507749
MOL_2936,0.67543912,0.45523787
MOL_2937,0.63276869,0.42189375
MOL_2938,0.65842682,0.44686985
MOL_2939,0.67317069,0.46200016
MOL_2940,0.70154732,0.46114305
MOL_2941,0.70050627,0.48319891
MOL_2942,0.65420783,0.45383462
MOL_2943,0.91082132,0.60185581
MOL_2944,0.67123735,0.45286506
MOL_2945,0.67569041,0.45512623
MOL_2946,0.65866399,0.44679490
MOL_2947,0.65361106,0.43931177
MOL_2948,0.70347798,0.46620274
MOL_2949,0.75451571,0.51723117
MOL_2950,0.65543896,0.44812435
MOL_2951,0.72870642,0.44914171
MOL_2952,0.70400131,0.47309619
MOL_2953,0.68936026,0.48478502
MOL_2954,0.68140823,0.44430500
MOL_2955,0.71704704,0.49025497
MOL_2956,0.64809257,0.43082473
MOL_2957,0.67845237,0.45463932
MOL_2958,0.63897628,0.42758870
MOL_2959,0.81167638,0.50522846
MOL_2960,0.68997735,0.47876683
MOL_2961,0.84852999,0.53683364
MOL_2962,0.71573454,0.49215034
MOL_2963,0.65394378,0.45482725
MOL_2964,0.73416251,0.49322477
MOL_2965,0.82324404,0.46267551
MOL_2966,0.72439474,0.49343106
MOL_2967,0.87582439,0.51251996
MOL_2968,0.71307892,0.44887504
MOL_2969,0.65430951,0.45301220
MOL_2970,0.71651149,0.50455892
MOL_2971,0.69047934,0.47160780
MOL_2972,0.66058952,0.45736870
MOL_2973,0.70894825,0.50194275
MOL_2974,0.71097881,0.46734396
MOL_2975,0.69801766,0.48848656
MOL_2976,0.64398861,0.46502253
MOL_2977,0.69690359,0.47754130
MOL_2978,0.70694983,0.44542584
MOL_2979,0.64564514,0.44195744
MOL_2980,0.65341854,0.43308976
MOL_2981,0.67961508,0.45624888
MOL_2982,0.68453753,0.46356201
MOL_2983,0.68746012,0.47399536
MOL_2984,0.68199402,0.46215138
MOL_2985,0.61490810,0.43616572
MOL_2986,0.82733864,0.48248798
MOL_2987,0.69730777,0.47700083
MOL_2988,0.69652617,0.47286811
MOL_2989,0.64833891,0.42966747
MOL_2990,0.68905073,0.45820290
MOL_2991,0.64366227,0.44398242
MOL_2992,0.69256592,0.46400747
MOL_2993,0.69500691,0.48335233
MOL_2994,0.71294373,0.50213283
MOL_2995,0.67817402,0.48076907
MOL_2996,0.69083720,0.46200943
MOL_2997,0.70564228,0.45187420
MOL_2998,0.72616392,0.48745993
MOL_2999,0.71084166,0.49410433
MOL_3000,0.64808959,0.44667882
MOL_3001,0.69158787,0.47019464
MOL_3002,0.70609879,0.45910770
MOL_3003,0.67790282,0.46383333
MOL_3004,0.68533427,0.43975770
MOL_3005,0.68957376,0.45515642
MOL_3006,0.70092797,0.48316354
MOL_3007,0.71762425,0.49168679
MOL_3008,0.68295127,0.47010189
MOL_3009,0.67428148,0.46239626
MOL_3010,0.70521128,0.49639407
MOL_3011,0.65426362,0.44347358
MOL_3012,0.67050266,0.44582498
MOL_3013,0.70646131,0.47887543
MOL_3014,0.69747353,0.48873964
MOL_3015,0.68032026,0.46694145
MOL_3016,0.70403838,0.47367594
MOL_3017,0.68680495,0.48445424
MOL_3018,0.87543255,0.52903551
MOL_3019,0.66835099,0.44928610
MOL_3020,0.69264007,0.48796543
MOL_3021,0.71764648,0.46664545
MOL_3022,0.63937527,0.42197704
MOL_3023,0.67717278,0.49230692
MOL_3024,0.68627220,0.46191388
MOL_3025,0.68240970,0.46521571
MOL_3026,0.65101206,0.43964979
MOL_3027,0.88994157,0.54186583
MOL_3028,0.70190275,0.46551114
MOL_3029,0.68580502,0.45354059
MOL_3030,0.62844545,0.42154101
MOL_3031,0.64501107,0.43133274
MOL_3032,0.69528049,0.48726019
MOL_3033,0.70395255,0.47391650
MOL_3034,0.70913458,0.49066994
MOL_3035,0.63349861,0.40398404
MOL_3036,0.64123058,0.41417518
MOL_3037,0.70037711,0.44198924
MOL_3038,0.63618618,0.44080031
MOL_3039,0.59246272,0.35629928
MOL_3040,0.69996160,0.48295534
MOL_3041,0.70217878,0.49460009
MOL_3042,0.69437361,0.46494165
MOL_3043,0.70842057,0.48513818
MOL_3044,0.69276512,0.49244544
MOL_3045,0.70767778,0.43891236
MOL_3046,0.68243307,0.46144336
MOL_3047,0.80815411,0.44620907
MOL_3048,0.66052830,0.40526411
MOL_3049,0.68653417,0.47007129
MOL_3050,0.71724153,0.49145663
MOL_3051,0.69341302,0.47456476
MOL_3052,0.68529254,0.47516835
MOL_3053,0.81043440,0.43623963
MOL_3054,0.64399409,0.45964241
MOL_3055,0.87211543,0.49012437
MOL_3056,0.70070755,0.46516746
MOL_3057,0.72098064,0.48298717
MOL_3058,0.69103628,0.46707335
MOL_3059,0.85398549,0.51103407
MOL_3060,0.65894741,0.46203822
MOL_3061,0.81325239,0.46088445
MOL_3062,0.86759835,0.55865961
MOL_3063,0.67778772,0.47266623
MOL_3064,0.67622763,0.45820278
MOL_3065,0.66861266,0.46735427
MOL_3066,0.68146563,0.45609909
MOL_3067,0.69740158,0.47574127
MOL_3068,0.67902207,0.48488179
MOL_3069,0.68980670,0.47648841
MOL_3070,0.64199084,0.42570513
MOL_3071,0.63705140,0.39447877
MOL_3072,0.67009985,0.44845000
MOL_3073,0.62729043,0.43160030
MOL_3074,0.67784524,0.46082416
MOL_3075,0.63501811,0.44001582
MOL_3076,0.68941236,0.46602330
MOL_3077,0.64962107,0.42858946
MOL_3078,0.70114690,0.48653856
MOL_3079,0.69056231,0.48296520
MOL_3080,0.66277558,0.43773559
MOL_3081,0.76339263,0.52691382
MOL_3082,0.68058312,0.47796041
MOL_3083,0.68944830,0.46296218
MOL_3084,0.66737455,0.44775641
MOL_3085,0.70086157,0.47005656
MOL_3086,0.81125641,0.44928277
MOL_3087,0.69025755,0.48948100
MOL_3088,0.70745319,0.46366736
MOL_3089,0.63207501,0.43898928
MOL_3090,0.71749794,0.48132816
MOL_3091,0.71976846,0.52202904
MOL_3092,0.68088627,0.47100276
MOL_3093,0.66288972,0.43890288
MOL_3094,0.62770295,0.43569440
MOL_3095,0.67440778,0.45830217
MOL_3096,0.83793998,0.54628009
MOL_3097,0.85147661,0.56164169
MOL_3098,0.66415572,0.46380889
MOL_3099,0.68732214,0.44109958
MOL_3100,0.68681073,0.48362187
MOL_3101,0.71116269,0.49182278
MOL_3102,0.66210485,0.45057455
MOL_3103,0.72282970,0.49244079
MOL_3104,0.64654928,0.44819030
MOL_3105,0.66206938,0.44545436
MOL_3106,0.68474400,0.46051523
MOL_3107,0.67678040,0.44317132
MOL_3108,0.68045717,0.46283278
MOL_3109,0.69100314,0.43757641
MOL_3110,0.66963285,0.47636753
MOL_3111,0.67314619,0.45508254
MOL_3112,0.67260379,0.46547928
MOL_3113,0.67416167,0.45070729
MOL_3114,0.66262436,0.45926207
MOL_3115,0.65673643,0.45005369
MOL_3116,0.72380263,0.44005853
MOL_3117,0.68220854,0.46152467
MOL_3118,0.64454776,0.44020358
MOL_3119,0.71069497,0.47820264
MOL_3120,0.67080373,0.45349512
MOL_3121,0.70042646,0.47045845
MOL_3122,0.70096833,0.49505067
MOL_3123,0.70026696,0.46928060
MOL_3124,0.65867472,0.45617577
MOL_3125,0.69199020,0.46932226
MOL_3126,0.60497981,0.38285699
MOL_3127,0.67861432,0.44702303
MOL_3128,0.67212731,0.43211967
MOL_3129,0.65404797,0.42887908
MOL_3130,0.71748739,0.50166452
MOL_3131,0.72370714,0.51682931
MOL_3132,0.71847594,0.48765615
MOL_3133,0.68153429,0.46217158
MOL_3134,0.67949313,0.47746032
MOL_3135,0.65834713,0.43706706
MOL_3136,0.85796362,0.52084112
MOL_3137,0.68590391,0.47543889
MOL_3138,0.65409207,0.42556340
MOL_3139,0.81862563,0.56450492
MOL_3140,0.69369549,0.47594601
MOL_3141,0.65901983,0.44312930
MOL_3142,0.69357783,0.46553227
MOL_3143,0.72168493,0.48459870
MOL_3144,0.81521940,0.52945942
MOL_3145,0.66623449,0.47024271
MOL_3146,0.64018953,0.43239936
MOL_3147,0.69404989,0.48607543
MOL_3148,0.75196832,0.52549458
MOL_3149,0.65907311,0.43029922
MOL_3150,0.68094987,0.46043438
MOL_3151,0.68565565,0.47639957
MOL_3152,0.69289035,0.47606558
MOL_3153,0.87761974,0.50798315
MOL_3154,0.68342996,0.47850814
MOL_3155,0.66088986,0.48186973
MOL_3156,0.70603043,0.45390701
MOL_3157,0.65759933,0.44823447
MOL_3158,0.67333579,0.46901751
MOL_3159,0.63773763,0.42136586
MOL_3160,0.68373501,0.45858690
MOL_3161,0.66647166,0.46332541
MOL_3162,0.68961596,0.48040658
MOL_3163,0.67423505,0.45774096
MOL_3164,0.66402835,0.43637967
MOL_3165,0.68982363,0.45800707
MOL_3166,0.68311065,0.48195663
MOL_3167,0.70073122,0.48911130
MOL_3168,0.67815387,0.43362677
MOL_3169,0.65822285,0.46084848
MOL_3170,0.60635525,0.41680625
MOL_3171,0.67924929,0.46502730
MOL_3172,0.69293934,0.46838403
MOL_3173,0.64093262,0.43141645
MOL_3174,0.70563203,0.49084052
MOL_3175,0.67847902,0.47504991
MOL_3176,0.80230403,0.50125104
MOL_3177,0.65510815,0.45871088
MOL_3178,0.80071032,0.53666788
MOL_3179,0.68142617,0.47289556
MOL_3180,0.72345203,0.48658255
MOL_3181,0.70378798,0.48255217
MOL_3182,0.71992183,0.48705995
MOL_3183,0.66041100,0.44319302
MOL_3184,0.86494863,0.49443033
MOL_3185,0.66818261,0.44100013
MOL_3186,0.69898158,0.47206253
MOL_3187,0.65063912,0.42835075
MOL_3188,0.67965090,0.45649984
MOL_3189,0.72605580,0.48950902
MOL_3190,0.67834836,0.45034108
MOL_3191,0.66535258,0.45799741
MOL_3192,0.67686266,0.46677795
MOL_3193,0.74356747,0.49163505
MOL_3194,0.65909994,0.44689491
MOL_3195,0.67506009,0.46047476
MOL_3196,0.66829407,0.44879794
MOL_3197,0.66941416,0.45703313
MOL_3198,0.70074469,0.48196211
MOL_3199,0.64691424,0.44403917
MOL_3200,0.65669060,0.46061012
MOL_3201,0.72589219,0.49412274
MOL_3202,0.68107980,0.46164507
MOL_3203,0.66947138,0.45174521
MOL_3204,0.64619482,0.42953432
MOL_3205,0.72062325,0.47747836
MOL_3206,0.71101141,0.49133310
MOL_3207,0.72020507,0.46159613
MOL_3208,0.67919487,0.43675661
MOL_3209,0.90273440,0.53201431
MOL_3210,0.71743292,0.46456844
MOL_3211,0.68534493,0.45705286
MOL_3212,0.67110181,0.46242684
MOL_3213,0.65440530,0.43719086
MOL_3214,0.69984949,0.48322722
MOL_3215,0.63191432,0.40637228
MOL_3216,0.70557678,0.47602233
MOL_3217,0.65235656,0.44610205
MOL_3218,0.65944070,0.45827556
MOL_3219,0.69612193,0.46757245
MOL_3220,0.69149476,0.47277656
MOL_3221,0.71351659,0.48747930
MOL_3222,0.66685319,0.45595998
MOL_3223,0.66592866,0.44416791
MOL_3224,0.68687528,0.46999013
MOL_3225,0.67186660,0.47584042
MOL_3226,0.70662242,0.44394058
MOL_3227,0.86049187,0.51141280
MOL_3228,0.61480975,0.43390965
MOL_3229,0.70879340,0.47900924
MOL_3230,0.68618125,0.47483572
MOL_3231,0.86131912,0.51402521
MOL_3232,0.69940931,0.43982846
MOL_3233,0.66231352,0.45779589
MOL_3234,0.71595418,0.48583174
MOL_3235,0.72745711,0.49937043
MOL_3236,0.67069691,0.45342270
MOL_3237,0.68155754,0.46972108
MOL_3238,0.69259995,0.44399992
MOL_3239,0.69776082,0.48821455
MOL_3240,0.66570324,0.47080082
MOL_3241,0.68021941,0.48793516
MOL_3242,0.69522280,0.47354719
MOL_3243,0.70056659,0.46680278
MOL_3244,0.68162501,0.46217632
MOL_3245,0.69421804,0.47795159
MOL_3246,0.69140303,0.51170725
MOL_3247,0.67684728,0.46132255
MOL_3248,0.67960948,0.44886991
MOL_3249,0.68885547,0.47397906
MOL_3250,0.63153499,0.39451718
MOL_3251,0.69550222,0.46192753
MOL_3252,0.67658526,0.46125227
MOL_3253,0.69407856,0.47652069
MOL_3254,0.70173764,0.48678705
MOL_3255,0.70089221,0.44467345
MOL_3256,0.65340602,0.44480485
MOL_3257,0.67978191,0.46793684
MOL_3258,0.66330081,0.47353643
MOL_3259,0.69350678,0.45849070
MOL_3260,0.69990140,0.47057498
MOL_3261,0.67754650,0.46287450
MOL_3262,0.66365325,0.47736740
MOL_3263,0.64423120,0.41915211
MOL_3264,0.63321555,0.44894627
MOL_3265,0.69890386,0.47755221
MOL_3266,0.68026394,0.46940336
MOL_3267,0.71445829,0.51417828
MOL_3268,0.68648255,0.47059691
MOL_3269,0.70431483,0.47813845
MOL_3270,0.65902317,0.47896352
MOL_3271,0.67993695,0.45440960
MOL_3272,0.76015264,0.58696002
MOL_3273,0.66950458,0.45356897
MOL_3274,0.69867557,0.48779395
MOL_3275,0.70218790,0.45599672
MOL_3276,0.70691669,0.49378839
MOL_3277,0.66357440,0.45045027
MOL_3278,0.68985301,0.49630281
MOL_3279,0.78438979,0.53004158
MOL_3280,0.77736545,0.54166383
MOL_3281,0.66043329,0.44939184
MOL_3282,0.63889903,0.41276363
MOL_3283,0.62693942,0.40727863
MOL_3284,0.66757101,0.45491347
MOL_3285,0.68565863,0.47318989
MOL_3286,0.75227851,0.50987011
MOL_3287,0.65116704,0.46522567
MOL_3288,0.83198535,0.57530791
MOL_3289,0.67545688,0.46047825
MOL_3290,0.73241025,0.50840592
MOL_3291,0.68179369,0.45837274
MOL_3292,0.66365916,0.45342815
MOL_3293,0.71053326,0.48962921
MOL_3294,0.73190874,0.49874604
MOL_3295,0.71875274,0.44002157
MOL_3296,0.73197937,0.48511040
MOL_3297,0.69560099,0.49449375
MOL_3298,0.72586948,0.50465888
MOL_3299,0.74137563,0.51587087
MOL_3300,0.66618675,0.45932978
MOL_3301,0.66645139,0.46454310
MOL_3302,0.68865639,0.47425464
MOL_3303,0.67149210,0.46296766
MOL_3304,0.70877159,0.47608265
MOL_3305,0.69175792,0.48035666
MOL_3306,0.68285978,0.43625477
MOL_3307,0.79416162,0.50866020
MOL_3308,0.71608692,0.48078415
MOL_3309,0.70565373,0.48755416
MOL_3310,0.58318180,0.39402148
MOL_3311,0.69418931,0.45863271
MOL_3312,0.64411128,0.44598997
MOL_3313,0.72754550,0.48373100
MOL_3314,0.67218292,0.45703307
MOL_3315,0.67169541,0.45348194
MOL_3316,0.87639838,0.50651199
MOL_3317,0.66731447,0.43975469
MOL_3318,0.70211315,0.46435091
MOL_3319,0.66053605,0.45396507
MOL_3320,0.68748921,0.47170922
MOL_3321,0.63222933,0.44582447
MOL_3322,0.67980939,0.47045690
MOL_3323,0.67383164,0.44860125
MOL_3324,0.67468685,0.47794265
MOL_3325,0.66748983,0.45048603
MOL_3326,0.68747956,0.46868330
MOL_3327,0.65496463,0.44237956
MOL_3328,0.69630498,0.48657265
MOL_3329,0.69006264,0.45210436
MOL_3330,0.64028120,0.41026482
MOL_3331,0.67292929,0.47571734
MOL_3332,0.78553432,0.50636709
MOL_3333,0.72029656,0.48913541
MOL_3334,0.67889011,0.44799614
MOL_3335,0.76221198,0.49975461
MOL_3336,0.66918778,0.45247203
MOL_3337,0.73526663,0.51668680
MOL_3338,0.71386522,0.49235579
MOL_3339,0.70639157,0.45483673
MOL_3340,0.64368236,0.43485737
MOL_3341,0.63560408,0.42968950
MOL_3342,0.68497288,0.44443172
MOL_3343,0.65372980,0.45990229
MOL_3344,0.69784832,0.47241151
MOL_3345,0.71744233,0.46973753
MOL_3346,0.70637709,0.46087837
MOL_3347,0.67884326,0.45800012
MOL_3348,0.85836476,0.53019500
MOL_3349,0.70400769,0.48451516
MOL_3350,0.70711315,0.47191012
MOL_3351,0.67417872,0.45943964
MOL_3352,0.77532470,0.50909609
MOL_3353,0.68063146,0.46511000
MOL_3354,0.67796046,0.47230142
MOL_3355,0.69095588,0.47032443
MOL_3356,0.66293228,0.43837187
MOL_3357,0.73498440,0.51875997
MOL_3358,0.68793881,0.47691670
MOL_3359,0.68320340,0.46317130
MOL_3360,0.69325966,0.46546727
MOL_3361,0.65685552,0.46791098
MOL_3362,0.66058069,0.45645118
MOL_3363,0.61069477,0.43397585
MOL_3364,0.63979334,0.44022539
MOL_3365,0.63318503,0.44167995
