set,label,tsne1,tsne2
blind,blind,-56.327236,17.695568
blind,blind,-33.206783,21.554182
blind,blind,-61.248547,27.381447
blind,blind,45.408573,26.370119
blind,blind,-17.203341,0.794492
blind,blind,-58.391190,18.567640
blind,blind,-19.820646,-27.280085
blind,blind,-27.532150,-1.108272
blind,blind,-7.890149,0.855663
blind,blind,-26.887175,-5.821275
blind,blind,-32.846977,-44.805584
blind,blind,-0.618641,-28.641275
blind,blind,-23.029684,27.844730
blind,blind,-20.061823,-24.296095
blind,blind,-26.527424,34.113720
blind,blind,-33.429348,-45.246738
blind,blind,-32.057079,-3.349629
blind,blind,-11.552520,13.631310
blind,blind,-21.365389,35.946583
blind,blind,-15.325461,-10.417141
blind,blind,-62.414627,26.204477
blind,blind,-33.703548,-10.640100
blind,blind,-23.123459,40.426235
blind,blind,-71.401466,11.920847
blind,blind,-26.460819,26.921513
blind,blind,-37.736710,-6.873724
blind,blind,-21.260838,-6.066719
blind,blind,1.324990,-9.143592
blind,blind,-24.846733,38.674809
blind,blind,-53.196838,21.228090
blind,blind,-11.147511,-21.375229
blind,blind,-42.496891,9.036603
blind,blind,79.571991,-5.480850
blind,blind,-16.535271,-24.754576
blind,blind,-2.546890,46.276840
blind,blind,-24.295099,45.138508
blind,blind,-9.107189,-30.472013
blind,blind,-29.794813,28.788500
blind,blind,-28.184145,22.495010
blind,blind,-28.241577,-12.541187
blind,blind,-26.116625,-38.177834
blind,blind,-65.124939,28.841703
blind,blind,-16.587278,-6.712669
blind,blind,-3.114928,23.746716
blind,blind,-47.678608,33.801025
blind,blind,-44.820732,7.996961
blind,blind,-25.687927,31.714363
blind,blind,-41.413982,-24.963934
blind,blind,-32.383904,-0.904887
blind,blind,-20.885511,37.727726
blind,blind,-17.019558,28.360582
blind,blind,-30.362288,-25.833900
blind,blind,-38.828842,32.775158
blind,blind,-17.408871,40.479118
blind,blind,75.979538,4.326847
blind,blind,0.864530,-22.980289
blind,blind,-13.042880,35.218369
blind,blind,-0.900604,-36.140034
blind,blind,-59.178051,19.104244
blind,blind,-3.310556,43.680450
blind,blind,-1.225948,23.399622
blind,blind,-21.201904,29.487604
blind,blind,-30.207294,-11.257241
blind,blind,-1.031007,-17.784323
blind,blind,-57.064648,2.853689
blind,blind,-50.855225,23.578995
blind,blind,-22.929518,31.889118
blind,blind,-16.531765,-32.896152
blind,blind,-37.771046,24.321943
blind,blind,-6.274529,7.886828
blind,blind,-53.166332,22.464716
blind,blind,-74.255173,12.577074
blind,blind,-44.054504,9.258348
blind,blind,-46.317955,8.979474
blind,blind,-50.715969,17.396620
blind,blind,-5.659235,18.659927
blind,blind,-5.414949,-29.307257
blind,blind,-0.597314,19.682798
blind,blind,-21.519764,40.099140
blind,blind,35.899876,-7.974864
blind,blind,-68.939087,1.561043
blind,blind,-44.861683,17.308405
blind,blind,81.295113,-0.793812
blind,blind,48.837456,-29.558098
blind,blind,-34.008171,22.694719
blind,blind,-57.456657,-9.643271
blind,blind,-35.535294,15.683578
blind,blind,0.570960,-27.052855
blind,blind,-28.433601,23.213713
blind,blind,-22.344181,-7.993782
blind,blind,58.352295,5.921322
blind,blind,-68.811508,21.983841
blind,blind,-1.609331,27.939030
blind,blind,-48.728695,-7.785009
blind,blind,-49.442707,2.710033
blind,blind,-18.718967,11.108857
blind,blind,-32.413399,-7.375581
blind,blind,-10.252681,-30.201942
blind,blind,-33.291882,29.957640
blind,blind,-27.777199,-0.390845
blind,blind,57.088806,31.161676
blind,blind,-14.217415,-1.534071
blind,blind,-26.454548,-19.524731
blind,blind,-52.745495,-4.038136
blind,blind,-17.127548,-27.217403
blind,blind,72.164818,-1.653399
blind,blind,-36.564377,-24.660725
blind,blind,-65.132660,17.368151
blind,blind,-45.487846,7.225946
blind,blind,-1.558487,-5.814046
blind,blind,59.489697,5.213466
blind,blind,-3.994016,42.585350
blind,blind,-1.313372,25.688242
blind,blind,-39.139618,-39.198772
blind,blind,3.670434,40.978535
blind,blind,-22.794777,-9.710126
blind,blind,-71.435608,7.808145
blind,blind,-7.571865,-31.381096
blind,blind,-8.498111,-11.998486
blind,blind,-37.590729,20.085577
blind,blind,-24.300659,24.724638
blind,blind,-67.497910,-4.084832
blind,blind,-2.929040,-28.089586
blind,blind,-48.320717,19.886200
blind,blind,2.653413,41.532169
blind,blind,-33.213703,-37.944107
blind,blind,-60.259521,-5.245920
blind,blind,-30.157087,21.720608
blind,blind,63.321125,16.842571
blind,blind,-11.660997,8.250543
blind,blind,-36.940094,-44.442184
blind,blind,-8.802904,-31.261719
blind,blind,-34.274414,9.950472
blind,blind,79.405098,-2.144409
blind,blind,-24.077560,14.431565
blind,blind,-30.018642,30.599058
blind,blind,-20.240644,13.094763
blind,blind,-22.233521,-21.800314
blind,blind,-23.944250,45.765549
blind,blind,-18.714109,37.321270
blind,blind,-31.596409,20.308781
blind,blind,-74.281013,15.060152
blind,blind,-36.799156,-41.322098
blind,blind,-5.715187,27.880119
blind,blind,-46.900013,27.921324
blind,blind,-63.240635,8.762537
blind,blind,-20.737679,30.901482
blind,blind,-2.714670,-11.051075
blind,blind,-33.157623,-10.458808
blind,blind,-10.044799,21.993530
blind,blind,-51.634731,-3.721672
blind,blind,-61.529827,27.619080
blind,blind,-2.512693,20.458776
blind,blind,-12.382611,31.698101
blind,blind,-67.773941,15.884536
blind,blind,-1.634810,-8.813163
blind,blind,-9.602803,-20.634560
blind,blind,79.856308,-0.882130
blind,blind,-10.038910,8.508205
blind,blind,-57.264793,8.715932
blind,blind,-40.110325,-39.345287
blind,blind,-37.605400,39.857246
blind,blind,-3.108254,-10.749371
blind,blind,-6.666984,-26.719151
blind,blind,-14.616310,-18.881466
blind,blind,-49.371498,19.576197
blind,blind,-40.324165,-38.047981
blind,blind,-27.746672,-12.065329
blind,blind,-22.001057,23.491388
blind,blind,-69.809631,8.716698
blind,blind,-59.168652,30.231867
blind,blind,-35.149738,36.210068
blind,blind,-52.774792,18.650879
blind,blind,36.002258,-8.065539
blind,blind,-38.233635,-14.447056
blind,blind,-40.682972,28.344053
blind,blind,-9.529726,23.600107
blind,blind,-60.801620,4.449325
blind,blind,-56.424637,29.264196
blind,blind,79.780083,2.530822
blind,blind,-60.401001,22.617245
blind,blind,-60.734543,12.232246
blind,blind,-5.793334,-19.863308
blind,blind,-63.782722,15.251394
blind,blind,-31.744837,-13.312098
blind,blind,-62.757401,1.158173
blind,blind,-0.223208,-21.934189
blind,blind,-72.504715,1.722397
blind,blind,-59.015835,21.997496
blind,blind,-10.545532,-26.287603
blind,blind,1.741698,-5.773281
blind,blind,-9.562450,-27.372580
blind,blind,-23.189817,30.456787
blind,blind,-15.043418,-11.465131
blind,blind,-32.824127,27.379723
blind,blind,-61.202461,-11.911745
blind,blind,-60.795441,27.020540
blind,blind,83.550392,1.651080
blind,blind,-33.313648,29.915604
blind,blind,-26.455999,-24.323717
blind,blind,-13.587572,18.829386
blind,blind,-60.402489,16.741739
blind,blind,-31.519918,18.974457
blind,blind,75.730652,-7.904214
blind,blind,-69.232582,14.067974
blind,blind,-73.545166,13.296236
blind,blind,-31.937943,-4.802188
blind,blind,-7.718826,21.048512
blind,blind,-49.616600,19.785048
blind,blind,-49.968609,-4.608009
blind,blind,58.056969,32.707714
blind,blind,-66.384949,16.693699
blind,blind,74.021820,-6.231572
blind,blind,-4.696823,-34.333130
blind,blind,-33.263042,-39.251743
blind,blind,-26.472073,-32.111862
blind,blind,-3.592947,-17.644724
blind,blind,-63.173779,28.567179
blind,blind,-4.583387,16.837608
blind,blind,-21.909760,38.759701
blind,blind,-14.689502,40.921215
blind,blind,-5.806221,-27.807508
blind,blind,-9.337895,11.668444
blind,blind,-27.524738,-11.905599
blind,blind,-52.579037,4.925967
blind,blind,-16.531893,20.942265
blind,blind,-15.249046,-4.134151
blind,blind,1.747622,-31.551729
blind,blind,-20.921125,-22.154575
blind,blind,74.119247,5.618428
blind,blind,-9.663812,-19.889174
blind,blind,-29.427898,-9.157706
blind,blind,-30.928190,-22.751348
blind,blind,-26.701941,-0.924540
blind,blind,-15.175293,27.014551
blind,blind,-36.099293,1.520829
blind,blind,-44.365051,-11.919642
blind,blind,-14.325065,19.511005
blind,blind,-3.628235,-35.202564
blind,blind,-3.477709,41.290184
blind,blind,-31.060902,29.886257
blind,blind,-22.366392,39.609867
blind,blind,58.452839,32.381504
blind,blind,-2.638152,50.251587
blind,blind,-30.918098,25.385849
blind,blind,-49.564114,19.452347
blind,blind,-7.894368,-35.636230
blind,blind,-29.019958,14.438662
blind,blind,-70.560890,18.510092
blind,blind,-44.151951,6.239391
blind,blind,-70.207825,21.772070
blind,blind,33.552856,-25.794809
blind,blind,78.376900,-2.492914
blind,blind,-25.998409,-32.258507
blind,blind,-35.191143,-31.762249
blind,blind,-20.619759,-7.401757
blind,blind,58.404530,13.850360
blind,blind,-51.256893,-4.088087
blind,blind,-4.639338,-21.166210
blind,blind,-50.961750,1.417555
blind,blind,-42.153782,35.541145
blind,blind,-22.815393,14.752210
blind,blind,-38.360821,21.993032
blind,blind,-20.989195,-10.583322
blind,blind,-34.998013,-42.263824
blind,blind,-61.861961,24.324263
blind,blind,-56.182953,15.555959
blind,blind,-46.907352,8.284660
blind,blind,-11.761614,-10.928545
blind,blind,-71.279892,-4.536397
blind,blind,-19.462475,-30.419689
blind,blind,-32.444775,-10.675507
blind,blind,-0.892875,42.063995
blind,blind,-23.280546,-24.688549
blind,blind,-4.496602,25.336552
blind,blind,-26.991159,-5.868694
blind,blind,-9.210599,11.485017
blind,blind,-42.083824,-19.653198
blind,blind,-14.695780,-17.611439
blind,blind,36.987476,-5.667448
blind,blind,-20.833864,13.601632
blind,blind,-28.671715,-40.775509
blind,blind,-35.638645,32.538246
blind,blind,-11.367571,-33.075855
blind,blind,-58.339146,11.246409
blind,blind,-31.857147,-38.511368
blind,blind,-28.963093,23.585522
blind,blind,-52.950230,20.033302
blind,blind,-48.183674,13.559062
blind,blind,-8.008192,-28.652927
blind,blind,60.452499,13.261865
blind,blind,-20.933050,4.647440
blind,blind,-25.346506,30.329687
blind,blind,-21.752363,-8.114951
blind,blind,-3.065666,12.824553
blind,blind,-0.011343,42.921780
blind,blind,-36.073433,-12.558166
blind,blind,-10.771493,20.277149
blind,blind,-0.772536,50.206055
blind,blind,-54.913860,27.512787
blind,blind,-25.866615,3.677157
blind,blind,-54.325180,18.419462
blind,blind,-22.978687,-18.765518
blind,blind,2.534327,-21.917040
blind,blind,-16.922455,-7.520147
blind,blind,-75.044830,11.090626
blind,blind,-21.953505,-24.453789
blind,blind,-10.977777,-31.887333
blind,blind,-25.556599,28.186573
blind,blind,-28.723911,17.520247
blind,blind,-24.833132,7.381337
blind,blind,-70.468338,-1.041926
blind,blind,-31.671251,13.014840
blind,blind,-16.877928,-35.886257
blind,blind,-66.861969,18.750072
blind,blind,2.624794,23.121304
blind,blind,-62.543598,-11.159024
blind,blind,-8.129535,-5.535777
blind,blind,-66.421043,7.770499
blind,blind,-11.108019,-6.698673
blind,blind,-37.096401,39.808369
blind,blind,-0.397416,-31.928720
blind,blind,-58.468826,4.784681
blind,blind,33.707432,-16.986828
blind,blind,-35.621307,-6.122142
blind,blind,1.349450,-25.193209
blind,blind,-23.158134,4.041732
blind,blind,-7.157499,19.067394
blind,blind,-6.961903,-14.579799
blind,blind,-2.935907,43.561646
blind,blind,-31.886597,-29.525784
blind,blind,-13.548762,-13.115486
blind,blind,-21.328691,-6.118680
blind,blind,-3.034976,46.203773
blind,blind,-34.756084,-39.964516
blind,blind,80.138954,2.687665
blind,blind,-33.104073,29.225044
blind,blind,-12.066387,-17.160219
blind,blind,-21.555059,-25.821274
blind,blind,-57.447559,29.701519
blind,blind,58.709751,32.350765
blind,blind,-14.904537,-7.696974
blind,blind,43.102222,-12.867952
blind,blind,-35.162933,-31.644810
blind,blind,-67.020401,3.785128
blind,blind,-29.075390,-36.202332
blind,blind,47.135353,-15.193259
blind,blind,-22.864422,4.600752
blind,blind,-36.044964,31.606777
blind,blind,-29.383982,24.209595
blind,blind,-59.037323,-6.034519
blind,blind,-53.027195,20.414640
blind,blind,0.583198,26.161533
blind,blind,-36.002956,33.702873
blind,blind,-43.056881,10.143181
blind,blind,-0.406622,-5.406077
blind,blind,-7.658851,-34.911022
blind,blind,-16.029417,-35.418724
blind,blind,36.712757,-6.005901
blind,blind,-35.941948,-15.954778
blind,blind,-31.600248,37.823490
blind,blind,-28.144747,-43.067009
blind,blind,-70.660820,-0.293452
blind,blind,-55.008266,32.533882
blind,blind,-24.938305,-9.148469
blind,blind,33.698483,-16.964008
blind,blind,-29.725082,-20.668438
blind,blind,-32.993050,-8.874930
blind,blind,-66.793457,19.336000
blind,blind,-2.353628,46.424355
blind,blind,-38.525379,32.536541
blind,blind,-59.196182,-1.541385
blind,blind,-10.860334,-19.878559
blind,blind,-15.777998,7.366360
blind,blind,-29.358192,13.561666
blind,blind,78.252968,1.112278
blind,blind,-17.402267,-33.858551
blind,blind,-1.799214,2.524743
blind,blind,-30.822496,11.427919
blind,blind,-29.068409,-11.206480
blind,blind,-65.802910,26.796080
blind,blind,-13.889675,2.095515
blind,blind,2.175048,2.127497
blind,blind,-19.136551,35.893021
blind,blind,0.308090,-5.245898
blind,blind,-51.588486,9.905721
blind,blind,71.829208,-0.903575
blind,blind,-25.241386,-28.743233
blind,blind,-34.663338,-34.201771
blind,blind,-4.880814,-35.483498
blind,blind,-13.920575,33.463997
blind,blind,-30.142891,19.563833
blind,blind,-44.705555,17.992085
blind,blind,-51.518642,17.027615
blind,blind,-22.373857,0.862423
blind,blind,-46.076481,20.869711
blind,blind,-8.855982,46.607983
blind,blind,78.761162,-0.358829
blind,blind,-1.138711,-8.380879
blind,blind,-23.102901,-3.921342
blind,blind,-9.002168,11.935817
blind,blind,-33.360294,-12.759213
blind,blind,-25.571970,-3.310605
blind,blind,-21.139647,-8.654736
blind,blind,59.527126,13.063986
blind,blind,-18.497143,27.475706
blind,blind,-49.541725,-3.279157
blind,blind,-35.546856,-3.333816
blind,blind,-13.484913,-7.538082
blind,blind,34.200447,-22.457397
blind,blind,-6.305226,40.481010
blind,blind,57.843716,5.892852
blind,blind,-7.789988,-33.945530
blind,blind,-1.818385,45.567024
blind,blind,-49.193188,19.831867
blind,blind,-70.560684,-0.610367
blind,blind,-17.836603,-12.635894
blind,blind,-74.615837,12.570971
blind,blind,-6.033886,0.833784
blind,blind,-52.214706,-5.750247
blind,blind,-30.819241,-27.430313
blind,blind,-29.144247,-12.257868
blind,blind,-1.640703,49.108807
blind,blind,-31.868683,-12.268571
blind,blind,-21.309074,-4.061114
blind,blind,-29.794092,32.503052
blind,blind,-10.062170,-31.695210
blind,blind,-33.814754,-28.850958
blind,blind,-33.351212,-1.999416
blind,blind,77.055305,0.442751
blind,blind,-32.152935,-45.575447
blind,blind,-54.362625,13.674416
blind,blind,-24.413309,-18.049313
blind,blind,-29.225113,21.295397
blind,blind,-25.236773,13.609745
blind,blind,-6.924362,-26.023062
blind,blind,-4.537242,23.744272
blind,blind,-2.415896,-2.780792
blind,blind,-25.328407,-33.437096
blind,blind,-3.596671,-27.079887
blind,blind,-29.181969,-14.559654
blind,blind,-33.170212,-11.707485
blind,blind,44.952827,-20.032528
blind,blind,-36.767494,26.462008
blind,blind,-12.230226,-18.776314
blind,blind,-5.031469,-27.307976
blind,blind,-10.576756,-5.814345
blind,blind,77.290848,-9.569961
blind,blind,-21.533382,-12.578290
blind,blind,-5.277103,26.856100
blind,blind,-21.700363,41.181934
blind,blind,-0.239186,0.856964
blind,blind,-37.605637,34.951637
blind,blind,-35.818661,31.975803
blind,blind,-35.766190,13.713098
blind,blind,-44.146721,9.571103
blind,blind,-61.718533,4.665588
blind,blind,-32.192707,-12.625674
blind,blind,-17.851009,-33.425552
blind,blind,-28.238525,22.249197
blind,blind,-15.113378,-13.878549
blind,blind,-21.995726,37.743771
blind,blind,77.309624,-7.605288
blind,blind,-8.322041,-32.343632
blind,blind,44.861076,-20.475311
blind,blind,-62.524536,12.468356
blind,blind,-61.089249,21.430601
blind,blind,-14.990501,33.888229
blind,blind,-28.579805,-14.594905
blind,blind,-14.590461,-29.569349
blind,blind,-19.831589,-21.621189
blind,blind,-18.021187,34.213894
blind,blind,-22.914721,20.427931
blind,blind,-31.538210,-10.794066
blind,blind,-23.181749,-6.519174
blind,blind,-31.544580,16.149395
blind,blind,33.332298,18.754192
blind,blind,-11.242855,38.097351
blind,blind,-9.245288,18.001995
blind,blind,2.544186,-10.236432
blind,blind,-25.688295,-21.484474
blind,blind,-1.420446,45.637989
blind,blind,-47.139751,12.231786
blind,blind,-3.322927,-15.357901
blind,blind,-35.147476,27.893402
blind,blind,82.809250,-1.678997
blind,blind,1.639665,-6.898155
blind,blind,-13.137822,-10.505549
blind,blind,-69.100273,19.721054
blind,blind,-51.111389,-0.663666
blind,blind,-56.086117,1.057999
blind,blind,-22.955336,10.375129
blind,blind,-7.442338,25.966873
blind,blind,-17.362682,27.114071
blind,blind,-69.046829,17.106091
blind,blind,-66.587440,10.987528
blind,blind,-34.185905,-41.005669
blind,blind,-0.784784,-27.088053
blind,blind,1.747327,-7.048766
blind,blind,47.924812,-14.219629
blind,blind,-18.083313,-22.545940
blind,blind,-22.968702,29.462576
blind,blind,37.105618,-5.522401
blind,blind,-40.671711,-39.932301
blind,blind,0.288200,26.451849
blind,blind,-64.592522,19.576998
blind,blind,-20.018650,39.572296
blind,blind,-63.296947,-2.107336
blind,blind,-40.950417,22.965673
blind,blind,-12.095579,-22.702662
blind,blind,-4.684755,-32.178875
blind,blind,-31.075781,27.509468
blind,blind,-23.951639,-3.485773
blind,blind,-35.173645,-14.011115
blind,blind,-20.527065,-8.852057
blind,blind,-4.920112,-22.529146
blind,blind,-51.823715,20.526783
blind,blind,-4.662779,-18.756599
blind,blind,-6.545980,-1.893359
blind,blind,-27.663944,-7.537642
blind,blind,-1.149583,-31.779625
blind,blind,-9.414583,-6.658696
blind,blind,-5.245045,17.885042
blind,blind,-6.251254,-31.079081
blind,blind,-29.535240,-41.131401
blind,blind,-27.640415,-17.648224
blind,blind,-22.003984,15.915999
blind,blind,-5.957883,24.892223
blind,blind,-22.653913,20.624716
blind,blind,-23.322008,-24.667385
blind,blind,-33.152641,22.873808
blind,blind,-8.642695,15.955175
blind,blind,-63.467335,4.968189
blind,blind,-36.449593,-4.397509
blind,blind,-54.543503,0.943658
blind,blind,-31.658791,16.064562
blind,blind,-54.763306,-5.379546
blind,blind,-70.308960,15.419705
blind,blind,-4.455907,-21.077066
blind,blind,-62.449406,16.420998
blind,blind,75.022064,3.949303
blind,blind,-1.713335,44.556465
blind,blind,-14.800873,32.620419
blind,blind,-15.104798,-22.191103
blind,blind,-21.224014,34.151455
blind,blind,-50.982849,-6.665465
blind,blind,-2.678108,-32.628231
blind,blind,74.567596,-7.417192
blind,blind,-18.418600,29.682283
blind,blind,-65.295578,17.613838
blind,blind,-19.085533,35.765144
blind,blind,-65.124405,10.349156
blind,blind,-22.014122,-15.314526
blind,blind,-56.832512,15.229782
blind,blind,-29.258680,-21.409927
blind,blind,-22.354099,37.407757
blind,blind,-39.198692,-39.698231
blind,blind,43.355133,-13.913360
blind,blind,-23.479927,-19.914745
blind,blind,-27.413202,22.527388
blind,blind,80.121071,1.719305
blind,blind,3.496276,-6.359259
blind,blind,-43.874565,6.134053
blind,blind,76.092751,-1.166831
blind,blind,-10.911067,-16.120020
blind,blind,-37.037586,-20.527079
blind,blind,-74.920998,13.676150
blind,blind,-64.185081,17.419994
blind,blind,-31.423107,-46.926697
blind,blind,-64.620651,10.200966
blind,blind,-30.033934,-32.193459
blind,blind,-31.419239,-44.784336
blind,blind,-36.547802,-44.926250
blind,blind,73.791145,4.324183
blind,blind,-24.940765,28.865166
blind,blind,-34.300171,-10.776904
blind,blind,-34.942745,6.193345
blind,blind,-17.309994,-38.012035
blind,blind,-19.351624,16.894850
blind,blind,-23.986305,-15.790873
blind,blind,-25.460669,34.900429
blind,blind,46.841187,-14.992419
blind,blind,-17.375467,28.291410
blind,blind,-8.834573,-23.247189
blind,blind,-39.165230,-40.748726
blind,blind,37.978405,28.145756
blind,blind,74.252136,2.768651
blind,blind,-4.862027,40.547806
blind,blind,37.176628,-32.507992
blind,blind,-14.945405,-16.393475
blind,blind,-35.940075,-42.886967
blind,blind,-5.210987,18.138292
blind,blind,-72.314514,16.600594
blind,blind,-69.289635,21.972000
blind,blind,-35.341270,23.001057
blind,blind,-62.604397,-11.233950
blind,blind,-63.732296,27.121628
blind,blind,-68.848152,18.655550
blind,blind,80.251793,1.686315
blind,blind,-55.085915,-1.555534
blind,blind,-10.014887,-28.922874
blind,blind,-53.960838,-0.118019
blind,blind,-63.085754,21.182211
blind,blind,72.798965,-1.690387
blind,blind,-64.798729,13.095963
blind,blind,-19.711432,-37.979618
blind,blind,58.000629,32.702217
blind,blind,44.152142,-13.879599
blind,blind,4.624646,-8.979992
blind,blind,50.440441,-13.490398
blind,blind,-36.395020,-17.881878
blind,blind,-32.922527,-46.773205
blind,blind,-27.587885,-9.742704
blind,blind,-36.443012,-16.783566
blind,blind,-44.147987,10.427461
blind,blind,-29.149843,-21.704184
blind,blind,-62.649796,24.126154
blind,blind,-7.240738,33.595234
blind,blind,-4.266774,-31.073166
blind,blind,-0.182458,24.733459
blind,blind,-40.926807,32.870338
blind,blind,-48.707645,-0.058184
blind,blind,-66.249649,13.812182
blind,blind,-7.689524,-15.410044
blind,blind,-5.970230,-32.167450
blind,blind,-15.878455,11.927060
blind,blind,75.097519,3.090538
blind,blind,-27.828442,33.033333
blind,blind,-32.753128,-43.572250
blind,blind,-50.316380,0.212817
blind,blind,-24.495440,-32.187855
blind,blind,-11.103129,34.296795
blind,blind,-6.838634,-22.635078
blind,blind,0.955216,-23.029415
blind,blind,-38.341106,-40.063969
blind,blind,-70.337601,13.164201
blind,blind,-34.227886,12.909739
blind,blind,-33.781322,-9.055983
blind,blind,-15.972182,-36.746349
blind,blind,77.323418,-3.571525
blind,blind,-28.850044,-42.477562
blind,blind,-2.384981,-26.043493
blind,blind,-50.276985,29.731909
blind,blind,-34.983849,-43.826103
blind,blind,-15.859012,-36.838871
blind,blind,-5.693551,24.377705
blind,blind,73.742393,-2.925996
blind,blind,-26.558561,-40.062386
blind,blind,-8.206460,46.109245
blind,blind,-63.636688,24.244154
blind,blind,-58.479942,22.996735
blind,blind,-22.788597,30.659306
blind,blind,-21.784821,24.779324
blind,blind,81.554214,-2.049316
blind,blind,-48.815521,11.022120
blind,blind,-24.478384,29.238390
blind,blind,-55.226696,33.170818
blind,blind,-31.461929,-11.631635
blind,blind,2.424253,-25.840584
blind,blind,-63.214310,19.916443
blind,blind,-14.753108,-8.972317
blind,blind,77.759926,-6.376837
blind,blind,81.272797,-2.430692
blind,blind,-12.626516,31.335436
blind,blind,-49.692337,13.569601
blind,blind,43.775536,-16.093737
blind,blind,-28.527519,-18.513418
blind,blind,-20.457066,-24.549635
blind,blind,-8.764508,-11.232140
blind,blind,-22.047634,10.234351
blind,blind,77.496643,0.664913
blind,blind,-8.207606,-33.693344
blind,blind,-47.255566,15.479064
blind,blind,-6.750798,-39.494324
blind,blind,-42.616100,16.895948
blind,blind,-7.395820,-21.889620
blind,blind,-19.553135,-33.284508
blind,blind,-34.545338,-7.297160
blind,blind,-62.136345,16.389851
blind,blind,-18.953300,29.933931
blind,blind,56.928432,31.816448
blind,blind,-1.676663,-8.807108
blind,blind,-21.207710,-6.876971
blind,blind,-67.527573,25.338448
blind,blind,-13.043856,-2.252866
blind,blind,-30.247938,28.735210
blind,blind,-57.753010,-5.640909
blind,blind,-67.882332,-1.647510
blind,blind,-42.062489,-34.641972
blind,blind,-66.457283,24.111856
blind,blind,-61.489620,24.062920
blind,blind,-27.652788,29.807085
blind,blind,-21.910587,-21.905102
blind,blind,-24.063210,44.796841
blind,blind,57.304329,33.196018
blind,blind,76.743393,-6.225461
blind,blind,-37.718887,-38.560791
blind,blind,-34.966923,-33.981205
blind,blind,-32.201042,18.868355
blind,blind,73.480133,-1.358882
blind,blind,0.181454,-29.525812
blind,blind,-56.600666,20.454435
blind,blind,75.429283,-5.964100
blind,blind,-15.684383,29.505894
blind,blind,-16.341764,17.414288
blind,blind,-21.998859,5.182741
blind,blind,-11.395597,-20.668688
blind,blind,77.937981,0.065124
blind,blind,-58.768654,-4.426909
blind,blind,-29.954243,-10.347460
blind,blind,-12.898720,-21.272829
blind,blind,-2.381943,37.728142
blind,blind,-21.420534,-18.766205
blind,blind,72.640793,-0.982779
blind,blind,-1.524678,-34.438496
blind,blind,-12.176957,-10.370691
blind,blind,-5.897810,22.012751
blind,blind,-24.608568,-21.113993
blind,blind,-20.220211,17.990881
blind,blind,4.603905,-16.559370
blind,blind,0.026135,-21.135796
blind,blind,-36.306648,-26.975760
blind,blind,-26.513630,-2.867219
blind,blind,-25.983273,3.718920
blind,blind,-1.478085,20.919701
blind,blind,-71.260834,20.145733
blind,blind,-25.616985,-21.641947
blind,blind,-56.998478,-2.621479
blind,blind,-29.626461,24.293558
blind,blind,-37.826534,24.378462
blind,blind,-33.696621,-28.789639
blind,blind,-19.032341,24.144501
blind,blind,-5.850510,30.790539
blind,blind,-25.232447,-19.688578
blind,blind,-38.383892,31.321594
blind,blind,-33.849098,22.863052
blind,blind,-53.287922,-3.812634
blind,blind,-60.175655,5.527366
blind,blind,-65.930962,26.347437
blind,blind,-45.940311,20.995996
blind,blind,-74.781616,12.402499
blind,blind,-6.407809,-17.973938
blind,blind,-14.483618,-13.668286
blind,blind,-30.951956,-13.275906
blind,blind,-13.446542,31.300816
blind,blind,-18.932741,39.696041
blind,blind,-20.981426,-12.071266
blind,blind,-55.543419,-0.929357
blind,blind,-9.973550,-20.838140
blind,blind,-23.547924,31.248367
blind,blind,-6.179283,0.799367
blind,blind,-26.162401,-22.193928
blind,blind,-28.941917,-45.472576
blind,blind,-28.458895,16.293568
blind,blind,-24.391787,4.668771
blind,blind,-35.441612,-6.372608
blind,blind,-67.144531,25.407658
blind,blind,-0.892447,22.937380
blind,blind,-3.533678,-25.901312
blind,blind,-11.962851,-5.199308
blind,blind,-12.583200,27.782637
blind,blind,-55.713787,24.174522
blind,blind,-68.682144,-0.067807
blind,blind,-12.610708,-21.546537
blind,blind,-45.609211,8.771284
blind,blind,-67.531815,-0.301603
blind,blind,-5.379456,0.696025
blind,blind,-36.373512,-44.771542
blind,blind,-4.973339,-26.802349
blind,blind,-12.474691,-31.433428
blind,blind,-35.824966,27.799593
blind,blind,-34.906288,17.504852
blind,blind,-33.699127,29.994701
blind,blind,-1.456683,35.617222
blind,blind,-31.611441,37.874241
blind,blind,-2.324535,45.554047
blind,blind,-23.565023,-7.296493
blind,blind,-71.637848,14.750244
blind,blind,-29.743700,-12.271754
blind,blind,77.900330,-0.920798
blind,blind,-44.377186,-11.929610
blind,blind,-6.648552,-33.318260
blind,blind,-27.891790,-0.305150
blind,blind,-67.488144,-2.433267
blind,blind,-70.962051,21.903137
blind,blind,-20.881626,23.282301
blind,blind,78.361015,0.219636
blind,blind,-67.715714,15.849693
blind,blind,-8.938244,-25.359894
blind,blind,-34.068230,13.315632
blind,blind,-73.865250,9.073379
blind,blind,-61.607380,13.198958
blind,blind,71.717018,11.116971
blind,blind,-33.448662,-45.779163
blind,blind,-67.445343,13.235180
blind,blind,-9.481507,-19.309128
blind,blind,-32.237961,-44.391449
blind,blind,-38.504974,-30.571753
blind,blind,-10.669902,0.134942
blind,blind,-63.501522,2.537316
blind,blind,-68.716408,24.170689
blind,blind,-12.081861,32.305275
blind,blind,35.930943,-7.967061
blind,blind,-54.019436,14.624464
blind,blind,45.606731,-13.879328
blind,blind,-3.469749,26.943886
blind,blind,-6.522989,25.355244
blind,blind,-16.605415,-29.794188
blind,blind,76.158005,-1.242670
blind,blind,-61.723072,20.668131
blind,blind,-10.740528,8.776215
blind,blind,-31.618799,34.330048
blind,blind,-25.639414,32.579163
blind,blind,-15.081483,41.403725
blind,blind,-44.159187,8.439875
blind,blind,-22.247704,-12.607440
blind,blind,-14.058308,-37.543842
blind,blind,-17.017756,24.238518
blind,blind,-63.502922,21.282652
blind,blind,-55.557930,-4.365384
blind,blind,-1.257712,34.810421
blind,blind,-55.112659,7.978809
blind,blind,-46.659740,23.180882
blind,blind,-0.291555,1.726075
blind,blind,-5.238205,26.684858
blind,blind,-36.141903,-47.427555
blind,blind,-12.990452,-2.372030
blind,blind,-31.715717,27.232689
blind,blind,-19.539925,5.184886
blind,blind,-16.453270,-21.262804
blind,blind,-0.668356,-25.937969
blind,blind,-27.191980,-23.267908
blind,blind,45.403202,-13.316365
blind,blind,-31.673483,-26.877417
blind,blind,-8.234490,16.682043
blind,blind,0.559339,-26.702099
blind,blind,-4.084708,21.489454
blind,blind,-43.877911,7.393054
blind,blind,-5.544579,-1.778850
blind,blind,-57.575275,26.786806
blind,blind,-18.502064,18.437721
blind,blind,-56.862740,15.197301
blind,blind,-27.532501,-18.350384
blind,blind,-35.568771,11.733554
blind,blind,-24.730743,24.101948
blind,blind,-10.993933,-15.283832
blind,blind,-43.245201,16.637575
blind,blind,-5.160406,-15.283564
blind,blind,-15.073828,35.327442
blind,blind,-18.254383,-22.393532
blind,blind,-9.153557,-28.430750
blind,blind,-9.740535,-38.088947
blind,blind,-15.816951,29.796249
blind,blind,-48.726128,13.604956
blind,blind,-1.080516,-28.510218
blind,blind,-20.195415,20.196737
blind,blind,-15.963027,-16.844997
blind,blind,74.745796,3.123919
blind,blind,-37.799023,40.652935
blind,blind,-0.924758,50.234280
blind,blind,-8.754612,-30.214573
blind,blind,-10.198911,-20.763346
blind,blind,-67.482727,3.905225
blind,blind,-1.042660,41.710098
blind,blind,-32.432983,20.037321
blind,blind,-42.005379,34.019157
blind,blind,-22.899822,34.384857
blind,blind,77.760765,-7.112146
blind,blind,-32.302643,-35.935127
blind,blind,43.272034,-12.885870
blind,blind,-60.900383,18.425314
blind,blind,-5.156057,-28.181561
blind,blind,79.712219,-5.477123
blind,blind,-66.622513,-2.973279
blind,blind,-56.950821,22.268061
blind,blind,-7.282537,-21.349955
blind,blind,-26.004009,-32.208725
blind,blind,-55.327835,29.383286
blind,blind,-7.347636,44.417336
blind,blind,-15.802659,-5.781279
blind,blind,-11.698306,-35.145378
blind,blind,-11.667458,-13.935282
blind,blind,-15.100976,20.814651
blind,blind,-0.441314,43.744263
blind,blind,-36.052349,-40.509235
blind,blind,-22.938919,19.737724
blind,blind,-2.409596,46.113010
blind,blind,-54.440510,-2.013193
blind,blind,-51.194183,8.473935
blind,blind,34.483658,-23.838909
blind,blind,-5.369378,19.875801
blind,blind,-10.580588,-33.460575
blind,blind,-25.015291,40.596310
blind,blind,-21.030807,6.821764
blind,blind,-20.620031,0.489323
blind,blind,-28.587851,8.724179
blind,blind,33.674252,-16.666531
blind,blind,-21.163519,-35.383259
blind,blind,-28.037762,-9.831450
blind,blind,-37.250008,-44.081909
blind,blind,-70.439217,17.276575
blind,blind,-16.246500,-8.699518
blind,blind,-37.161911,33.937939
blind,blind,-21.226107,-12.032606
blind,blind,-23.222139,-37.653973
blind,blind,-40.328800,5.915108
blind,blind,-22.923063,1.800292
blind,blind,-16.976067,-11.568062
blind,blind,-10.222942,27.737333
blind,blind,76.138802,1.917591
blind,blind,-20.191647,-2.844898
blind,blind,-48.215824,20.530903
blind,blind,-53.128227,1.547662
blind,blind,-19.955318,41.864635
blind,blind,-12.754318,-4.378670
blind,blind,-17.008495,-1.324111
blind,blind,-56.946201,14.184174
blind,blind,-29.553724,-9.492572
blind,blind,-12.746206,-4.610561
blind,blind,-6.390481,37.504448
blind,blind,-19.274891,-7.266473
blind,blind,-27.497478,-41.595085
blind,blind,-6.787365,-19.004534
blind,blind,-7.871047,-20.790371
blind,blind,-31.065613,15.172826
blind,blind,57.206532,32.154724
blind,blind,-29.960081,18.574757
blind,blind,-3.881846,50.831535
blind,blind,-35.147141,11.855974
blind,blind,-14.410904,13.084957
blind,blind,-32.108524,27.716269
blind,blind,-12.735679,-14.636481
blind,blind,-5.872343,-33.574535
blind,blind,-5.999268,-37.817192
blind,blind,-45.183941,9.632689
blind,blind,-10.789083,-17.112339
blind,blind,78.953865,-4.020234
blind,blind,-20.238848,43.411762
blind,blind,49.656700,-13.411015
blind,blind,-11.999627,3.415401
blind,blind,-52.102245,0.387916
blind,blind,-68.612885,26.512020
blind,blind,-32.085743,-9.594350
blind,blind,-9.313385,-31.762140
blind,blind,-19.216578,15.358766
blind,blind,-23.804609,-13.639549
blind,blind,-42.739910,7.668389
blind,blind,-50.703232,16.874926
blind,blind,-23.258436,18.733921
blind,blind,-3.709318,-15.153241
blind,blind,-35.390312,-1.675536
blind,blind,-7.204842,22.313484
blind,blind,33.035446,-26.388916
blind,blind,-56.006535,-7.164422
blind,blind,-60.347580,24.779564
blind,blind,-5.937863,30.771738
blind,blind,-14.473545,-18.153538
blind,blind,-51.631218,20.825354
blind,blind,-5.769969,-16.884403
blind,blind,-34.125854,36.934273
blind,blind,-59.305447,15.332164
blind,blind,-17.774776,10.390082
blind,blind,-32.438122,-12.067111
blind,blind,-6.430065,7.787503
blind,blind,-6.733613,-31.462488
blind,blind,-19.605572,-27.777628
blind,blind,-21.805315,28.662580
blind,blind,-24.887461,-12.841973
blind,blind,77.041840,-7.194871
blind,blind,-35.495373,-46.011227
blind,blind,77.103584,-6.818648
blind,blind,1.465969,2.586329
blind,blind,-54.082493,27.128769
blind,blind,-23.784563,31.154991
blind,blind,-39.529053,19.902189
blind,blind,-18.766781,-5.090103
blind,blind,78.237877,-5.442832
blind,blind,-8.286263,-29.114563
blind,blind,-26.438963,-18.165134
blind,blind,-10.814131,-33.492577
blind,blind,-47.883129,16.944902
blind,blind,-67.086777,3.490370
blind,blind,-7.340612,-16.564754
blind,blind,60.396580,13.232389
blind,blind,-9.459886,-22.557955
blind,blind,-30.544870,-27.382339
blind,blind,-25.255138,-23.934769
blind,blind,-4.332796,-8.695701
blind,blind,1.601312,-26.012293
blind,blind,-20.883120,25.416231
blind,blind,-31.857872,-8.219586
blind,blind,-11.534227,22.685396
blind,blind,-64.895874,25.819778
blind,blind,-68.599510,15.493967
blind,blind,-54.194519,-1.231918
blind,blind,-0.411824,2.872252
blind,blind,-7.518519,22.230145
blind,blind,-28.774342,-38.377441
blind,blind,2.688628,-27.909746
blind,blind,-14.478510,-22.000135
blind,blind,-8.985320,-35.408520
blind,blind,-55.521065,-0.328198
blind,blind,-51.666355,36.313229
blind,blind,-22.035343,35.989853
blind,blind,-11.575424,-13.953684
blind,blind,-28.858459,18.693539
blind,blind,-15.311646,-18.244246
blind,blind,-41.416168,-24.962261
blind,blind,-24.758095,30.731794
blind,blind,-33.596001,-18.602425
blind,blind,-3.297719,-20.779577
blind,blind,-64.497238,9.682593
blind,blind,-38.713516,18.460974
blind,blind,-28.453388,-43.029968
blind,blind,1.629825,-25.888596
blind,blind,-18.962711,-8.356998
blind,blind,47.591606,-15.549399
blind,blind,-15.229740,26.820301
blind,blind,-45.408707,9.137921
blind,blind,-27.821558,-42.982006
blind,blind,-10.138285,-31.687605
blind,blind,57.394932,32.273872
blind,blind,-21.594053,34.904709
blind,blind,-3.688906,-0.987597
blind,blind,32.094925,-24.745939
blind,blind,52.542786,21.579794
blind,blind,-1.497922,1.597027
blind,blind,-64.873688,26.550333
blind,blind,-18.365000,15.808932
blind,blind,-11.088365,-5.462471
blind,blind,-64.682060,23.026142
blind,blind,-15.096831,-37.178158
blind,blind,33.575134,-25.750782
blind,blind,-58.047523,31.476648
blind,blind,-45.264130,21.317301
blind,blind,-59.735359,17.453194
blind,blind,-14.423670,26.262785
blind,blind,-60.188404,9.240336
blind,blind,-54.439232,18.590752
blind,blind,-51.423038,-2.933683
blind,blind,-35.513596,-29.512777
blind,blind,-27.811033,19.469772
blind,blind,-50.249908,25.469381
blind,blind,-34.105309,-9.574848
blind,blind,57.729839,31.573963
blind,blind,-22.299984,-15.116453
blind,blind,43.834267,-15.996455
blind,blind,-12.950259,-4.481399
blind,blind,-28.531666,-5.633230
blind,blind,-13.358725,-10.547119
blind,blind,-42.941822,15.827947
blind,blind,-69.493469,11.596933
blind,blind,-32.919067,-8.618567
blind,blind,-8.242640,24.309238
blind,blind,-24.036011,34.658451
blind,blind,-24.008253,10.303914
blind,blind,-52.217518,2.538000
blind,blind,-57.196491,8.742300
blind,blind,-51.510406,1.229046
blind,blind,-5.896827,10.966723
blind,blind,0.529334,-5.333870
blind,blind,-66.584511,12.686007
blind,blind,-21.333265,-35.141708
blind,blind,-14.671989,-20.778957
blind,blind,-27.258070,40.679661
blind,blind,-69.903557,14.810425
blind,blind,-21.154181,35.333427
blind,blind,-61.442364,20.852217
blind,blind,-23.511446,-9.952465
blind,blind,-28.160034,-15.988294
blind,blind,-16.741570,30.134422
blind,blind,-8.073453,-4.796749
blind,blind,-9.913829,-36.615093
blind,blind,-18.591282,-10.277412
blind,blind,-33.435112,32.486309
blind,blind,-35.468716,16.498077
blind,blind,-26.343245,-36.777588
blind,blind,3.415173,-6.298318
blind,blind,-69.963867,24.848818
blind,blind,1.090022,45.505081
blind,blind,76.934647,-3.481782
blind,blind,-39.478123,19.563612
blind,blind,-1.780374,44.676460
blind,blind,-52.210892,-5.689310
blind,blind,-63.830742,22.673069
blind,blind,-26.788301,0.059101
blind,blind,-58.414921,-4.804342
blind,blind,-11.067265,17.234421
blind,blind,-56.643223,20.525812
blind,blind,-68.514015,1.235239
blind,blind,-30.986389,6.995708
blind,blind,-23.246302,5.020622
blind,blind,-24.745064,5.040672
blind,blind,-23.872183,29.616261
blind,blind,-53.547913,-3.206409
blind,blind,-9.340383,-27.499487
blind,blind,-21.546663,4.458550
blind,blind,75.542381,-5.188559
blind,blind,-29.843801,-43.102055
blind,blind,4.216004,-22.004635
blind,blind,-23.651358,37.557232
blind,blind,-51.646378,-2.605300
blind,blind,-3.661674,44.731140
blind,blind,-1.691971,19.096790
blind,blind,-17.858263,-5.286320
blind,blind,77.517128,-6.657959
blind,blind,-55.768036,24.456690
blind,blind,-74.764763,8.044955
blind,blind,-51.494984,-4.023137
blind,blind,1.015475,-21.121786
blind,blind,-29.172844,-45.805214
blind,blind,-9.071329,-17.360256
blind,blind,-31.898037,-4.773247
blind,blind,-33.558300,-22.648422
blind,blind,44.996544,-20.073631
blind,blind,-23.387598,33.273495
blind,blind,-30.648497,16.035086
blind,blind,-73.086586,16.506874
blind,blind,76.922844,-5.992794
blind,blind,-9.401675,23.046549
blind,blind,-65.771011,18.513462
blind,blind,-5.789518,-35.538708
blind,blind,34.120201,-21.947456
blind,blind,-29.651541,28.818199
blind,blind,0.037598,-31.257753
blind,blind,-65.530052,18.421280
blind,blind,-6.547700,29.970381
blind,blind,-18.250147,-25.474596
blind,blind,-0.659430,1.510276
blind,blind,-18.217150,-4.839847
blind,blind,-25.333151,-28.707764
blind,blind,-25.979591,-20.160578
blind,blind,-44.449741,6.502800
blind,blind,-19.587957,10.787210
blind,blind,-65.016792,16.198145
blind,blind,-26.167330,-14.911161
blind,blind,43.055222,-14.722877
blind,blind,-13.816113,50.232056
blind,blind,82.447716,-4.929446
blind,blind,-14.435189,-30.541870
blind,blind,-11.831701,-29.226004
blind,blind,-19.837833,32.667065
blind,blind,-28.332241,31.675177
blind,blind,44.234406,-11.072795
blind,blind,-15.143518,32.300117
blind,blind,-28.898085,18.814409
blind,blind,-5.496615,48.797585
blind,blind,-6.056097,8.922777
blind,blind,-64.475258,23.772432
blind,blind,-70.453224,-0.824310
blind,blind,-46.455696,9.270196
blind,blind,-35.010181,-45.686142
blind,blind,-62.558426,-11.040925
blind,blind,-65.653625,-3.422694
blind,blind,-24.953062,40.529640
blind,blind,-8.926014,7.845191
blind,blind,-4.979508,44.178604
blind,blind,-1.303658,43.975006
blind,blind,-62.022488,2.257606
blind,blind,-3.571610,-35.215824
blind,blind,-62.115681,23.693394
blind,blind,-29.280966,0.320976
blind,blind,-14.292370,-22.299936
blind,blind,-6.798231,-32.054356
blind,blind,-29.140703,-0.855627
blind,blind,-30.094631,-43.366383
blind,blind,-31.604496,16.873188
blind,blind,-29.356115,2.832352
blind,blind,-38.528809,-33.092648
blind,blind,-32.800285,22.968975
blind,blind,-66.338867,21.352461
blind,blind,-30.395193,-10.772165
blind,blind,-5.491197,22.180454
blind,blind,-58.228889,-3.172627
blind,blind,-60.297485,28.910465
blind,blind,-71.393074,5.045361
blind,blind,77.372284,-0.509188
blind,blind,-20.964939,41.773945
blind,blind,-22.064634,-3.085989
blind,blind,-34.412086,12.753156
blind,blind,-41.371685,34.289314
blind,blind,-4.899405,17.212698
blind,blind,-21.517916,3.827209
blind,blind,-36.658085,-5.660222
blind,blind,33.693497,-16.889465
blind,blind,-41.783226,34.296196
blind,blind,-59.410408,26.397257
blind,blind,-23.716829,-26.336739
blind,blind,-58.352619,24.608234
blind,blind,-28.029932,34.496773
blind,blind,-39.230820,-0.589888
blind,blind,-12.536530,30.160526
blind,blind,-65.595062,23.854065
blind,blind,-23.633301,-26.465765
blind,blind,-52.783306,14.944818
blind,blind,-66.285408,-3.911703
blind,blind,-23.410601,39.897152
blind,blind,-72.442581,10.049169
blind,blind,-16.932800,32.888939
blind,blind,-21.848392,43.498028
blind,blind,-8.546406,1.253146
blind,blind,-33.447769,-22.580513
blind,blind,-23.812344,34.082123
blind,blind,-19.949066,27.244905
blind,blind,-58.790600,25.784750
blind,blind,-35.882465,-35.497787
blind,blind,-11.170536,-22.526520
blind,blind,-13.537418,-21.916479
blind,blind,-34.003395,-45.291122
blind,blind,-23.643450,2.151514
blind,blind,-69.846954,-1.394301
blind,blind,-13.880632,-13.997939
blind,blind,78.398369,-6.585298
blind,blind,-71.351379,4.903541
blind,blind,-24.545116,3.052464
blind,blind,31.953651,25.520027
blind,blind,47.895294,-13.960558
blind,blind,-4.395480,-37.730278
blind,blind,-14.450792,40.689625
blind,blind,-23.227205,20.367958
blind,blind,24.058731,5.302946
blind,blind,-1.264605,-32.699848
blind,blind,-60.782543,24.283039
blind,blind,-11.180259,37.966297
blind,blind,-11.590342,-24.103441
blind,blind,-29.576441,-0.389878
blind,blind,-6.447268,-23.480320
blind,blind,58.934513,5.918057
blind,blind,0.274337,-32.154671
blind,blind,-23.801004,35.319660
blind,blind,-24.386152,4.344055
blind,blind,-14.513958,-28.501469
blind,blind,-2.344176,41.778790
blind,blind,-21.844929,-16.991680
blind,blind,-67.561432,0.716530
blind,blind,-29.719658,17.120680
blind,blind,-35.522572,-29.509848
blind,blind,-18.599358,33.251183
blind,blind,-27.212505,-20.199419
blind,blind,-8.844085,46.744534
blind,blind,-24.141470,38.702404
blind,blind,-30.405067,15.652478
blind,blind,34.485012,-24.297832
blind,blind,-22.089638,-20.493320
blind,blind,-16.629515,38.732395
blind,blind,-29.968590,-3.407262
blind,blind,-0.303900,-31.797655
blind,blind,-22.952963,-10.906332
blind,blind,4.043697,-7.383358
blind,blind,-20.196373,20.238394
blind,blind,-53.473114,-7.723251
blind,blind,-56.276352,1.969772
blind,blind,-24.421225,31.088480
blind,blind,-31.178968,-7.240271
blind,blind,-65.345955,16.341499
blind,blind,-24.704124,-42.937077
blind,blind,-66.336891,11.367237
blind,blind,-14.416687,-29.646929
blind,blind,-62.482510,-11.161600
blind,blind,-6.828479,-14.876102
blind,blind,74.558342,-0.620767
blind,blind,1.826517,-23.900423
blind,blind,-40.763992,-6.964707
blind,blind,-26.072992,-16.445745
blind,blind,-20.156485,-4.948023
blind,blind,6.833177,12.936847
blind,blind,-27.932518,-19.278143
blind,blind,56.059875,32.885387
blind,blind,-34.221828,36.865711
blind,blind,-27.741596,19.864508
blind,blind,-14.110480,24.024307
blind,blind,-23.565323,36.430614
blind,blind,-75.201233,13.606682
blind,blind,-65.820381,5.875167
blind,blind,-24.779320,-19.268444
blind,blind,-22.953558,26.395603
blind,blind,-23.671333,12.688300
blind,blind,-33.398544,-47.030865
blind,blind,2.515053,3.565165
blind,blind,-0.864241,1.138958
blind,blind,-33.271496,-9.002150
blind,blind,-1.854863,25.175413
blind,blind,-5.674016,18.169884
blind,blind,-32.424133,-39.597477
blind,blind,-59.113411,28.464136
blind,blind,-68.299629,2.744500
blind,blind,-3.605613,48.428463
blind,blind,-30.274035,14.316740
blind,blind,-12.048517,-9.306412
blind,blind,-33.935768,-16.263170
blind,blind,-37.473728,-40.394165
blind,blind,-12.599018,-22.247465
blind,blind,-23.938620,20.386169
blind,blind,-16.663343,35.279568
blind,blind,-14.670714,-13.471066
blind,blind,-7.149889,22.289099
blind,blind,-58.603176,4.817997
blind,blind,-42.205124,27.329060
blind,blind,-25.367638,5.742099
blind,blind,-72.878181,12.049342
blind,blind,-24.800863,35.310379
blind,blind,-8.770472,21.860691
blind,blind,-22.021690,28.767483
blind,blind,1.569945,1.589573
blind,blind,-60.747005,19.907726
blind,blind,-30.433258,18.001131
blind,blind,-34.812359,-38.243263
blind,blind,-3.517212,-29.174894
blind,blind,-33.595787,-43.405602
blind,blind,-26.041338,-27.969746
blind,blind,-34.779064,-36.830555
blind,blind,-22.784750,-8.729918
blind,blind,-20.289583,26.439705
blind,blind,-8.994490,7.886639
blind,blind,-57.478737,-0.451712
blind,blind,0.592575,-9.383536
blind,blind,-68.716019,1.431236
blind,blind,-6.405756,26.676378
blind,blind,-28.207228,-39.233471
blind,blind,-22.915535,38.694374
blind,blind,-33.130661,25.714369
blind,blind,-23.981535,34.360012
blind,blind,-35.439972,-48.252457
blind,blind,-17.455223,-17.135920
blind,blind,-28.383682,5.925316
blind,blind,74.163277,-1.514147
blind,blind,-17.192810,-14.935248
blind,blind,-37.173248,-4.418551
blind,blind,-34.126511,-34.078297
blind,blind,-26.449650,17.779917
blind,blind,-5.847106,-37.113377
blind,blind,-19.960035,33.958889
blind,blind,-9.391956,-16.719067
blind,blind,-18.340063,-25.455868
blind,blind,-33.127186,24.388865
blind,blind,72.275795,-1.772821
blind,blind,-11.980293,-32.542095
blind,blind,-60.660435,27.098778
blind,blind,-47.051308,-2.926047
blind,blind,-57.331257,-5.421150
blind,blind,-70.552208,14.723283
blind,blind,-57.786018,30.737474
blind,blind,-72.523544,4.040642
blind,blind,-6.628440,19.010279
blind,blind,-15.527267,-15.022755
blind,blind,-55.148968,23.052879
blind,blind,79.244644,-7.632211
blind,blind,-28.165388,-43.621544
blind,blind,-58.692459,12.387263
blind,blind,-70.852203,6.959913
blind,blind,33.833771,-24.290768
blind,blind,-31.852200,-8.857923
blind,blind,-36.389008,-6.748846
blind,blind,-17.078285,-10.306927
blind,blind,-60.190918,5.728473
blind,blind,-8.328916,16.995312
blind,blind,-26.743685,19.648779
blind,blind,-55.121944,-2.449681
blind,blind,-35.936523,5.947110
blind,blind,-48.126827,-0.877677
blind,blind,-25.744423,-7.047490
blind,blind,-10.631252,7.605528
blind,blind,-32.075787,17.640455
blind,blind,-8.183828,46.135181
blind,blind,-48.150455,18.212847
blind,blind,1.581021,-30.264380
blind,blind,-30.761688,14.511191
blind,blind,-38.680012,35.380257
blind,blind,-7.453069,-6.907526
blind,blind,-16.622034,-11.868556
blind,blind,-9.553273,4.510579
blind,blind,-20.614933,32.877335
blind,blind,-6.188800,-12.022183
blind,blind,-22.714388,36.475632
blind,blind,-7.364338,-8.403839
blind,blind,-62.238514,7.922400
blind,blind,-0.468805,-5.475841
blind,blind,-14.652168,18.153645
blind,blind,-31.565565,-40.744049
blind,blind,-20.046209,-23.175163
blind,blind,-8.307857,-6.627294
blind,blind,0.634539,-6.138811
blind,blind,-12.851043,-19.332901
blind,blind,-54.838428,-6.593678
blind,blind,-22.545006,-13.280869
blind,blind,-30.326880,-18.686930
blind,blind,-27.005079,31.314953
blind,blind,-23.417919,30.244928
blind,blind,-36.203884,-49.424622
blind,blind,-29.533865,19.641630
blind,blind,-8.356814,-6.806187
blind,blind,-16.398407,14.078736
blind,blind,-38.793388,35.289608
blind,blind,-60.556808,29.057219
blind,blind,-64.209663,1.026858
blind,blind,-31.926336,-13.286753
blind,blind,-25.477201,32.770302
blind,blind,-65.737923,3.476039
blind,blind,-66.497993,2.806653
blind,blind,-2.315936,22.993641
blind,blind,-15.268848,21.362476
blind,blind,-12.022082,-35.427307
blind,blind,0.550882,-32.766384
blind,blind,-19.686195,33.163662
blind,blind,-12.734426,-14.496601
blind,blind,-18.897238,35.585815
blind,blind,-70.337143,7.081282
blind,blind,-36.386795,33.312134
blind,blind,-14.722366,26.251211
blind,blind,-34.301971,-34.314583
blind,blind,-37.020691,34.419662
blind,blind,81.057709,0.567637
blind,blind,-5.274227,47.296097
blind,blind,-18.121872,-21.190763
blind,blind,-31.220472,-7.092513
blind,blind,-23.751465,-6.351183
blind,blind,-5.619713,-35.868019
blind,blind,-70.337807,22.881298
blind,blind,0.820542,-8.836142
blind,blind,-21.463722,39.632797
blind,blind,-56.452301,2.635671
blind,blind,-59.081631,20.119852
blind,blind,-71.218369,-4.275906
blind,blind,-24.533735,14.125807
blind,blind,-50.802330,-4.761789
blind,blind,-30.361855,-10.901019
blind,blind,-8.406866,-17.050844
blind,blind,-16.087440,-7.768873
blind,blind,1.698679,-26.151846
blind,blind,-33.011631,-12.516886
blind,blind,54.692421,5.673224
blind,blind,-30.848869,0.117846
blind,blind,-8.274086,-37.650002
blind,blind,-67.913803,20.553259
blind,blind,-6.537694,-33.634575
blind,blind,-37.387608,34.037666
blind,blind,-9.088570,26.025827
blind,blind,71.664223,-4.157069
blind,blind,-62.528107,19.806824
blind,blind,-76.788139,13.097034
blind,blind,-14.642912,-6.354515
blind,blind,-25.513432,31.994057
blind,blind,34.882122,-24.297037
blind,blind,-34.161144,-40.582550
blind,blind,-46.902565,27.924812
blind,blind,-26.964161,21.036425
blind,blind,-29.051142,-35.961975
blind,blind,-33.336010,-34.421337
blind,blind,-30.392904,-18.568340
blind,blind,81.114998,2.154271
blind,blind,-9.872975,-3.346095
blind,blind,0.173577,-7.010121
blind,blind,-5.996674,24.010767
blind,blind,-64.403732,19.848211
blind,blind,77.423523,-8.480523
blind,blind,-28.272392,-0.818957
blind,blind,-29.564960,-27.925114
blind,blind,-8.086117,25.301592
blind,blind,-30.051874,-6.718998
blind,blind,-63.689774,18.517832
blind,blind,-75.653725,10.341862
blind,blind,-24.641102,35.281734
blind,blind,-64.696556,25.012974
blind,blind,-53.730656,13.832173
blind,blind,-19.927895,38.537373
blind,blind,-57.625690,-5.609964
blind,blind,-31.542896,20.939146
blind,blind,-18.987377,17.566734
blind,blind,0.049993,21.759848
blind,blind,-70.765488,1.748550
blind,blind,-23.250257,-20.536510
blind,blind,-34.078110,-38.859386
blind,blind,-13.793285,20.054728
blind,blind,-36.022968,-17.872913
blind,blind,-23.336218,32.176487
blind,blind,-13.860868,-19.194139
blind,blind,-60.650902,19.779436
blind,blind,-19.805874,-27.262259
blind,blind,-33.573284,-41.895916
blind,blind,-12.751231,-33.814640
blind,blind,3.762319,-9.678946
blind,blind,-68.518005,23.885006
blind,blind,-65.783051,24.223257
blind,blind,-76.624115,11.999006
blind,blind,-10.891365,-24.122484
blind,blind,-7.693538,-29.993164
blind,blind,1.247772,-10.152503
blind,blind,-28.889338,14.794906
blind,blind,-15.021578,-10.197664
blind,blind,38.013622,0.400918
blind,blind,-56.381577,-3.599186
blind,blind,-29.177773,13.145454
blind,blind,-0.090816,-10.049053
blind,blind,-2.092603,-24.497482
blind,blind,-0.931453,19.641079
blind,blind,-14.752135,20.183321
blind,blind,-2.626879,50.225811
blind,blind,82.045158,4.342496
blind,blind,-44.164028,23.635540
blind,blind,-66.656837,7.123577
blind,blind,-10.344427,-23.115936
blind,blind,-34.631424,13.621176
blind,blind,-21.324907,4.429653
blind,blind,-20.386160,-19.956873
blind,blind,-71.246582,15.040759
blind,blind,-16.840094,-3.527428
blind,blind,-43.975323,10.611697
blind,blind,2.078148,2.847892
blind,blind,-31.781847,41.878555
blind,blind,-32.599651,20.298912
blind,blind,46.869694,-13.577331
blind,blind,-2.830349,-21.521423
blind,blind,-16.164251,-1.835665
blind,blind,-4.892671,24.797110
blind,blind,-52.549587,19.211460
blind,blind,1.103049,-8.084088
blind,blind,48.045837,31.034267
blind,blind,-22.052462,-19.215723
blind,blind,-14.841355,36.306053
blind,blind,4.275714,-7.969679
blind,blind,-16.295948,12.652570
blind,blind,-20.923616,24.346277
blind,blind,-17.476698,-38.335350
blind,blind,30.738758,23.513166
blind,blind,-29.838928,-26.283640
blind,blind,-0.336248,21.731716
blind,blind,-25.051968,-6.888793
blind,blind,34.299557,-23.660583
blind,blind,0.278509,41.433620
blind,blind,-18.804535,-9.164443
blind,blind,-43.378750,8.482483
blind,blind,-64.405396,15.774882
blind,blind,-64.008423,15.259401
blind,blind,-37.048477,20.317677
blind,blind,-2.544777,22.209503
blind,blind,82.035194,-2.055619
blind,blind,-48.151344,12.701585
blind,blind,-64.723480,6.681510
blind,blind,-34.699341,-39.733475
blind,blind,-3.960989,-30.195951
blind,blind,-29.658970,-27.859800
blind,blind,-14.375928,20.549692
blind,blind,-18.287439,32.372913
blind,blind,-4.630069,-1.532103
blind,blind,-31.689240,-42.079227
blind,blind,77.809517,-7.110814
blind,blind,-56.429199,22.239910
blind,blind,-4.476592,-36.615280
blind,blind,-50.747646,-4.811354
blind,blind,-6.851950,47.303310
blind,blind,-19.342922,29.946024
blind,blind,-56.627945,-5.232937
blind,blind,-6.572114,22.413460
blind,blind,-32.380199,-41.163879
blind,blind,-49.540775,-3.117048
blind,blind,-36.871632,-46.080757
blind,blind,-24.067373,15.521320
blind,blind,-17.217449,-13.048164
blind,blind,-52.711624,-2.572968
blind,blind,-3.536333,20.849165
blind,blind,-26.399237,32.745674
blind,blind,-17.093765,-27.198322
blind,blind,-57.123802,29.094547
blind,blind,3.022706,-9.696247
blind,blind,0.378581,-7.844070
blind,blind,78.752342,-0.815180
blind,blind,30.934473,23.281111
blind,blind,-35.024357,6.166869
blind,blind,-37.399700,40.178051
blind,blind,-59.102127,9.557925
blind,blind,-34.692715,-44.217850
blind,blind,-38.680790,-31.937424
blind,blind,-61.089073,3.699611
blind,blind,-25.731531,-20.400522
blind,blind,-0.344361,-3.513937
blind,blind,-49.312878,26.488371
blind,blind,-9.045599,-15.799084
blind,blind,-20.842266,-23.690441
blind,blind,-9.494708,-18.249647
blind,blind,-72.036896,0.629523
blind,blind,82.254662,-6.046419
blind,blind,-54.678513,-5.300322
blind,blind,-25.091955,-32.239212
blind,blind,-5.412121,-14.350365
blind,blind,62.504036,17.219921
blind,blind,-58.079227,17.983791
blind,blind,-38.653381,-43.866356
blind,blind,-37.258575,-37.724888
blind,blind,-53.673439,12.594851
blind,blind,-7.758037,27.392296
blind,blind,-44.579666,-7.413246
blind,blind,-24.957361,-17.097824
blind,blind,-6.064670,-36.395737
blind,blind,45.559475,-11.235285
blind,blind,-64.554604,10.955707
blind,blind,-10.305493,35.868587
blind,blind,-61.842915,6.189303
blind,blind,-49.879330,-3.189939
blind,blind,-2.412224,22.536375
blind,blind,-56.597019,20.598852
blind,blind,-18.096388,-6.714850
blind,blind,-26.337774,-13.920515
blind,blind,-12.379681,7.363600
blind,blind,-31.673731,-35.591080
blind,blind,-10.117768,-35.439255
blind,blind,-26.669659,17.754557
blind,blind,-37.881611,-40.868706
blind,blind,-24.789335,-38.804356
blind,blind,-59.711330,22.613295
blind,blind,-48.828205,-5.027937
blind,blind,-2.108450,45.095596
blind,blind,-27.611961,0.102304
blind,blind,-0.192199,46.272491
blind,blind,-26.467503,35.935135
blind,blind,-68.977135,5.131329
blind,blind,-40.583805,7.079124
blind,blind,-34.868507,17.323887
blind,blind,-15.174249,-23.852470
blind,blind,-8.648378,-11.008051
blind,blind,-8.146193,33.186008
blind,blind,-66.964233,18.679468
blind,blind,-75.691887,12.370783
blind,blind,-54.144703,13.610134
blind,blind,-12.784460,-4.389628
blind,blind,-42.503899,18.222532
blind,blind,-67.380745,21.382692
blind,blind,-0.373303,-28.900564
blind,blind,-42.651672,17.354403
blind,blind,-0.919827,45.618439
blind,blind,-28.535709,-9.862412
blind,blind,-35.580421,16.422998
blind,blind,-7.041302,-14.813945
blind,blind,-34.775898,-4.363302
blind,blind,-32.933693,-20.635750
blind,blind,-35.209076,-44.668587
blind,blind,34.157871,-21.880217
blind,blind,-18.727354,27.802361
blind,blind,-60.949539,14.348981
blind,blind,-29.831005,-9.436904
blind,blind,80.713104,-7.639816
blind,blind,-31.633919,41.839809
blind,blind,-17.023218,-33.515129
blind,blind,-64.197083,18.570257
blind,blind,-25.782137,-0.996920
blind,blind,-18.072618,30.772964
blind,blind,-32.212246,19.739399
blind,blind,-16.556814,-8.456060
blind,blind,-35.325172,11.846876
blind,blind,-27.539602,-12.045271
blind,blind,34.160309,-22.355019
blind,blind,-20.440290,0.212859
blind,blind,-31.713629,3.920363
blind,blind,74.325615,-6.632809
blind,blind,-72.403412,16.227758
blind,blind,-33.605495,23.425591
blind,blind,-28.776340,14.148870
blind,blind,76.495316,-4.742280
blind,blind,2.118850,2.413089
blind,blind,-35.728241,-44.555977
blind,blind,-33.022305,17.846905
blind,blind,-35.343658,-38.222164
blind,blind,-27.173809,-19.729460
blind,blind,-32.433170,-33.251747
blind,blind,-33.192806,14.972420
blind,blind,-15.365808,24.143318
blind,blind,-47.106327,29.644787
blind,blind,-52.226063,-0.636652
blind,blind,-8.624404,28.547293
blind,blind,-19.476156,-14.357579
blind,blind,-7.938524,33.260281
blind,blind,-14.240203,-25.539015
blind,blind,-24.072226,-4.326059
blind,blind,-7.095005,12.515282
blind,blind,-59.053905,30.014938
blind,blind,-17.068771,43.723392
blind,blind,-33.845879,-14.487449
blind,blind,-11.753710,-3.561292
blind,blind,-62.221375,22.031200
blind,blind,-9.274949,-20.497942
blind,blind,-14.291334,-22.067646
blind,blind,-35.821911,19.602982
blind,blind,-9.574904,25.051168
blind,blind,-52.759712,-2.372477
blind,blind,-71.557610,12.216409
blind,blind,-6.187572,-28.390158
blind,blind,-51.744034,-1.071058
blind,blind,-60.780575,30.103294
blind,blind,-6.467076,-28.460415
blind,blind,-7.058073,33.364777
blind,blind,-26.514231,26.400904
blind,blind,-5.474273,14.396150
blind,blind,-1.698953,27.909206
blind,blind,-63.686939,23.362709
blind,blind,-12.318932,29.998245
blind,blind,-34.379444,11.032910
blind,blind,-21.300886,-35.288387
blind,blind,-12.404067,-29.142870
blind,blind,76.063354,5.028040
blind,blind,-64.411263,25.637821
blind,blind,79.384239,-7.953496
blind,blind,-15.499217,32.025517
blind,blind,-60.009697,25.873762
blind,blind,-31.591482,30.404524
blind,blind,44.524307,-15.089046
blind,blind,-21.752125,30.004185
blind,blind,-61.101959,4.536434
blind,blind,-17.763042,-2.951765
blind,blind,-32.709629,-19.523149
blind,blind,-7.821339,-36.790649
blind,blind,-2.219238,-33.737999
blind,blind,-36.526085,15.258677
blind,blind,-1.866839,2.571914
blind,blind,-34.351406,-46.160564
blind,blind,-54.336605,2.102334
blind,blind,-18.292551,-5.611448
blind,blind,-37.867706,-38.653950
blind,blind,-3.992813,-31.176609
blind,blind,-62.997238,-11.568350
blind,blind,-22.134445,-5.309565
blind,blind,-21.546129,-37.849037
blind,blind,-33.610889,2.576256
blind,blind,-21.477455,26.422970
blind,blind,-51.183937,-3.822053
blind,blind,-67.338074,13.788375
blind,blind,-29.792345,14.767856
blind,blind,-20.229757,37.335182
blind,blind,-7.453159,24.243271
blind,blind,-38.462753,-30.500580
blind,blind,-24.139765,32.339088
blind,blind,-30.498631,16.556137
blind,blind,-23.958227,-8.766626
blind,blind,-1.166551,-29.151808
blind,blind,-12.770144,-9.436769
blind,blind,-68.475060,23.714970
blind,blind,-29.584473,-7.572865
blind,blind,-15.894864,7.130468
blind,blind,-33.976940,-29.037537
blind,blind,4.608139,-16.541121
blind,blind,-0.528927,-29.681116
blind,blind,-22.246134,-12.490277
blind,blind,83.583817,1.803141
blind,blind,0.190931,2.504759
blind,blind,-25.918304,-8.363550
blind,blind,50.860367,-13.577478
blind,blind,-19.054502,-33.547836
blind,blind,-6.989292,-32.759655
blind,blind,-19.905798,22.876623
blind,blind,-44.990124,11.354260
blind,blind,-34.043381,-45.020569
blind,blind,-29.972296,-4.526335
blind,blind,-59.402313,-2.282487
blind,blind,-39.419132,18.962502
blind,blind,-5.262700,17.636934
blind,blind,-53.628387,0.590299
blind,blind,-3.356748,22.527044
blind,blind,-4.625513,-18.762117
blind,blind,-33.818436,-16.275776
blind,blind,-44.488369,9.577784
blind,blind,-4.875840,44.226200
blind,blind,-31.510746,-41.151722
blind,blind,-22.062117,38.771736
blind,blind,-8.382017,-20.460377
blind,blind,79.786842,-0.323633
blind,blind,-2.235113,43.252434
blind,blind,-44.909817,18.318384
blind,blind,-67.644310,4.000197
blind,blind,-25.270683,22.516682
blind,blind,-11.068404,-17.630640
blind,blind,-32.360603,31.858904
blind,blind,-44.689602,11.979050
blind,blind,-12.885219,16.944464
blind,blind,33.265694,19.077633
blind,blind,-30.602900,22.382244
blind,blind,-45.609417,10.252329
blind,blind,7.260347,12.017473
blind,blind,-28.632917,-4.174751
blind,blind,-3.889664,-27.571337
blind,blind,-69.125664,23.972252
blind,blind,-23.181793,1.759110
blind,blind,-1.469216,25.987354
blind,blind,-44.318382,11.923378
blind,blind,-42.031090,20.676361
blind,blind,-14.134112,34.135750
blind,blind,-5.182523,-1.677669
blind,blind,-35.859623,-41.623272
blind,blind,-55.357471,-3.553481
blind,blind,-44.683037,11.062015
blind,blind,-20.979231,16.645950
blind,blind,-20.427427,39.869137
blind,blind,-71.959030,9.271869
blind,blind,33.467102,-21.810369
blind,blind,-2.749048,22.270924
blind,blind,75.331276,2.738876
blind,blind,-34.551006,-19.369463
blind,blind,-19.579727,-38.013229
blind,blind,-12.418859,30.011141
blind,blind,-55.963757,-4.224607
blind,blind,77.062668,3.142767
blind,blind,-23.305359,18.912086
blind,blind,-69.095184,13.782355
blind,blind,-36.503723,-26.445019
blind,blind,-11.068299,-16.136869
blind,blind,-56.192078,6.469047
blind,blind,-74.567772,8.273704
blind,blind,-9.751158,46.451759
blind,blind,-10.947630,-19.972960
blind,blind,-38.121227,8.710306
blind,blind,-6.063279,-33.008862
blind,blind,-16.534151,16.345390
blind,blind,-10.296162,-22.422453
blind,blind,1.438440,45.286896
blind,blind,-24.217064,-22.465860
blind,blind,-36.054111,5.934823
blind,blind,-66.164780,16.864388
blind,blind,-29.410507,1.375367
blind,blind,-72.158440,7.530716
blind,blind,-8.578576,-6.500542
blind,blind,-43.942356,16.557674
blind,blind,-15.959383,-25.055401
blind,blind,80.765793,3.823953
blind,blind,-60.892658,21.947691
blind,blind,-60.920887,25.744970
blind,blind,-1.552616,46.002411
blind,blind,-27.515089,38.532372
blind,blind,-9.902916,-37.459576
blind,blind,2.768812,-5.270157
blind,blind,-64.652985,11.291317
blind,blind,-73.374115,6.175848
blind,blind,-21.858286,35.344040
blind,blind,-63.245377,8.719503
blind,blind,-48.543976,-0.406396
blind,blind,-20.640057,-5.575476
blind,blind,56.414127,32.273594
blind,blind,-8.747808,17.607500
blind,blind,-33.770107,-11.475797
blind,blind,-0.308650,50.970596
blind,blind,45.812862,-12.204412
blind,blind,-33.844925,-19.267662
blind,blind,33.809513,-17.231230
blind,blind,-14.753779,-8.652240
blind,blind,-13.201549,-18.713091
blind,blind,-31.041767,13.473323
blind,blind,-24.915102,-12.863050
blind,blind,-30.085119,23.754929
blind,blind,-60.844208,30.161823
blind,blind,-19.355377,-10.953768
blind,blind,-58.812046,12.485615
blind,blind,-31.874975,33.381042
blind,blind,-19.264410,-1.211326
blind,blind,-28.261375,-20.322203
blind,blind,-35.224693,14.081143
blind,blind,-31.347206,14.982155
blind,blind,-65.659309,-2.786431
blind,blind,76.578011,2.517720
blind,blind,71.802567,-1.583943
blind,blind,78.516991,-4.553423
blind,blind,-24.855389,-7.452802
blind,blind,-71.165665,-1.542928
blind,blind,-21.206957,-23.403614
blind,blind,-55.065338,16.483196
blind,blind,-18.288155,28.820473
blind,blind,-16.416040,-14.630234
blind,blind,-16.615797,28.217432
blind,blind,-21.929474,-9.423164
blind,blind,-4.468729,42.297211
blind,blind,-7.589198,47.454121
blind,blind,-0.110345,43.760731
blind,blind,-27.586767,-12.854923
blind,blind,-25.083885,25.866709
blind,blind,7.246935,12.046528
blind,blind,-31.164654,-40.542824
blind,blind,-0.930852,-8.657202
blind,blind,2.183670,-23.526022
blind,blind,-59.260872,-3.951237
blind,blind,-19.940689,32.906364
blind,blind,-29.136789,-47.099178
blind,blind,-46.953049,-2.991125
blind,blind,-7.681396,-17.815405
blind,blind,44.508457,-12.366297
blind,blind,-25.544096,31.514332
blind,blind,-30.958397,7.060498
blind,blind,-70.980545,0.646003
blind,blind,-10.696641,-13.900814
blind,blind,-17.825607,-33.497272
blind,blind,-2.283225,-32.614429
blind,blind,-11.944311,-27.165878
blind,blind,80.770668,-7.671534
blind,blind,33.475250,-15.837242
blind,blind,-11.141672,10.294244
blind,blind,-69.672974,16.084436
blind,blind,-64.334084,24.478748
blind,blind,-68.564873,26.395138
blind,blind,-2.116528,22.048746
blind,blind,-17.391790,4.752112
blind,blind,-38.529709,-30.588680
blind,blind,-44.145790,15.808434
blind,blind,1.304327,-5.497365
blind,blind,-7.228096,-4.769061
blind,blind,-13.872508,-25.462414
blind,blind,-27.471012,-13.827430
blind,blind,-2.232599,-32.378838
blind,blind,-69.208031,21.846914
blind,blind,-36.042385,-33.487217
blind,blind,-31.951382,28.469728
blind,blind,-33.188107,-44.377731
blind,blind,-13.415366,-14.011456
blind,blind,76.697899,3.404909
blind,blind,52.740932,21.511997
blind,blind,-31.673470,-46.694458
blind,blind,-1.229921,46.367573
blind,blind,-15.287442,-29.678364
blind,blind,-23.633116,-26.445906
blind,blind,-57.382629,-9.362847
blind,blind,-76.308235,11.341803
blind,blind,-36.366013,26.912313
blind,blind,-18.711622,-8.344728
blind,blind,-25.546921,-25.055897
blind,blind,-4.433524,44.065838
blind,blind,-45.938457,7.174114
blind,blind,-70.031425,20.084173
blind,blind,-19.781994,14.978726
blind,blind,-56.392281,2.886615
blind,blind,-36.444565,23.432081
blind,blind,-66.818939,20.760370
blind,blind,-64.036789,-0.355043
blind,blind,-28.592354,-10.721725
blind,blind,-36.252274,27.491743
blind,blind,-17.324375,23.862030
blind,blind,-28.854525,26.558153
blind,blind,-17.330280,26.464363
blind,blind,-59.316513,14.962543
blind,blind,59.387863,6.209033
blind,blind,-53.770958,-5.829852
blind,blind,-21.969215,-20.156923
blind,blind,-9.839986,-33.499752
blind,blind,-59.773647,24.628534
blind,blind,-8.151093,-33.887135
blind,blind,-26.728727,0.120108
blind,blind,-56.665199,2.980469
blind,blind,82.654129,-4.701824
blind,blind,-6.822732,-39.385002
blind,blind,-10.881036,26.587341
blind,blind,4.055212,-8.250365
blind,blind,-8.065866,-18.788961
blind,blind,-4.012004,22.889513
blind,blind,-23.336740,-20.675617
blind,blind,-1.496788,23.542767
blind,blind,-52.881157,-2.389871
blind,blind,-21.697229,38.967644
blind,blind,70.608978,-2.792888
blind,blind,-67.894150,18.563942
blind,blind,-4.973965,-27.446934
blind,blind,-4.724669,44.369835
blind,blind,-70.704437,-0.653938
blind,blind,-55.198429,-3.621620
blind,blind,-2.828159,-11.957715
blind,blind,-11.091471,-31.554899
blind,blind,-32.409363,17.685085
blind,blind,-30.909143,29.914480
blind,blind,-19.071653,43.193779
blind,blind,74.434959,-4.002208
blind,blind,-28.418232,16.294691
blind,blind,-35.458931,14.217809
blind,blind,-20.380857,35.755459
blind,blind,-6.251334,-6.920813
blind,blind,-25.282471,22.539839
blind,blind,-6.884399,23.112274
blind,blind,-1.699992,-11.315463
blind,blind,-17.315660,-19.265478
blind,blind,-31.677904,-12.387062
blind,blind,-32.930065,-44.851257
blind,blind,-18.432560,-6.478019
blind,blind,-27.394861,-10.860329
blind,blind,-52.208153,8.722606
blind,blind,-6.353628,9.644124
blind,blind,-0.815686,45.818199
blind,blind,-26.640049,17.770130
blind,blind,-55.662609,30.919228
blind,blind,-60.525425,13.269581
blind,blind,-70.359818,20.225870
blind,blind,80.648575,-1.351937
blind,blind,-1.728097,-8.327623
blind,blind,-2.602832,21.254406
blind,blind,-21.642380,-2.038390
blind,blind,-30.531815,10.871341
blind,blind,-34.377640,-4.272934
blind,blind,-24.576515,-36.974792
blind,blind,-11.468839,-9.774124
blind,blind,-7.049862,-25.314861
blind,blind,-35.661411,26.535456
blind,blind,-69.204002,23.469139
blind,blind,-38.193352,-39.997543
blind,blind,33.568359,-25.757387
blind,blind,-5.390180,-33.595989
blind,blind,-33.439987,-39.857094
blind,blind,-35.701401,-42.873272
blind,blind,-22.012272,10.255143
blind,blind,-33.941761,11.530143
blind,blind,-53.618675,-7.358200
blind,blind,-13.038267,-27.423857
blind,blind,-64.817177,13.058752
blind,blind,-33.952641,-46.788219
blind,blind,34.398529,-23.600876
blind,blind,77.879250,1.489542
blind,blind,-28.673868,22.881781
blind,blind,76.028214,-6.930786
blind,blind,-33.765648,-36.630852
blind,blind,-58.366714,22.580854
blind,blind,-20.590919,30.986912
blind,blind,-20.738527,-8.060418
blind,blind,-9.470956,-21.997604
blind,blind,-48.915195,11.037690
blind,blind,-13.104460,-24.987083
blind,blind,-13.798282,-6.865828
blind,blind,78.519508,-4.816133
blind,blind,-5.817204,-16.892134
blind,blind,-30.469645,-32.267376
blind,blind,-21.401073,-34.071091
blind,blind,-15.744001,7.590683
blind,blind,-21.683004,14.357791
blind,blind,-0.562200,46.383171
blind,blind,-8.962273,22.093018
blind,blind,33.895439,-26.053835
blind,blind,-36.034836,26.709253
blind,blind,-7.387318,-14.569909
blind,blind,-11.473906,24.707396
blind,blind,-26.597458,-2.896631
blind,blind,46.683662,-12.571585
blind,blind,-9.240463,-27.326321
blind,blind,-33.635918,18.861582
blind,blind,-17.192957,-8.920352
blind,blind,-29.172697,-8.345910
blind,blind,-33.817268,-45.456528
blind,blind,-50.517757,17.314651
blind,blind,-35.597557,20.353592
blind,blind,-21.087799,14.625426
blind,blind,-12.228997,23.965616
blind,blind,-23.669645,-3.443607
blind,blind,-34.930904,-15.835966
blind,blind,3.164927,3.246189
blind,blind,-11.069362,35.307102
blind,blind,-33.002506,-42.377586
blind,blind,-4.157343,45.027973
blind,blind,-68.929413,11.760809
blind,blind,-22.424204,32.985634
blind,blind,-11.116840,-29.339403
blind,blind,-34.154682,-16.317217
blind,blind,-53.855721,27.090202
blind,blind,-31.343636,-39.214272
blind,blind,-0.163449,1.701718
blind,blind,-64.708481,10.165246
blind,blind,-25.674791,-0.798118
blind,blind,-35.426376,13.771624
blind,blind,-47.766747,2.111259
blind,blind,81.606590,-0.216575
blind,blind,-0.536518,50.387596
blind,blind,1.242903,-26.989471
blind,blind,-60.919552,14.903855
blind,blind,0.417854,2.761396
blind,blind,-30.047878,-25.449163
blind,blind,-31.429186,-20.690470
blind,blind,-1.013701,-17.804686
blind,blind,-9.017245,-35.426792
blind,blind,-30.906096,-1.936943
blind,blind,-62.402813,0.721168
blind,blind,-18.176380,28.218052
blind,blind,-48.784866,-7.755003
blind,blind,-34.990841,-12.331654
blind,blind,50.834900,-13.531385
blind,blind,-34.276646,-19.786512
blind,blind,-3.928704,25.925863
blind,blind,-66.261162,12.563486
blind,blind,-36.279930,-41.972778
blind,blind,-6.121240,-28.325529
blind,blind,-35.508633,-12.751877
blind,blind,-32.246803,-40.930187
blind,blind,-7.230145,10.708617
blind,blind,-59.677280,21.277121
blind,blind,-18.103624,37.394943
blind,blind,-64.830086,20.815823
blind,blind,34.219006,-22.353659
blind,blind,-12.440336,-19.722891
blind,blind,-0.909161,-7.739430
blind,blind,-64.506775,26.266100
blind,blind,-64.862183,17.753790
blind,blind,-33.690308,-46.421700
blind,blind,-3.622680,24.496101
blind,blind,-36.450451,-44.168842
blind,blind,-68.667450,21.179457
blind,blind,-23.765604,29.065653
blind,blind,-7.984660,-21.649817
blind,blind,2.966001,-9.697055
blind,blind,-71.408134,10.875003
blind,blind,-29.804041,-32.109379
blind,blind,-65.153000,28.864183
blind,blind,-0.564918,-8.914589
blind,blind,-26.432703,-28.266607
blind,blind,-29.925676,-32.122105
blind,blind,-43.227158,9.440619
blind,blind,-28.880922,0.190993
blind,blind,-16.678493,14.276189
blind,blind,-2.193432,21.936424
blind,blind,-21.259310,-14.767922
blind,blind,-22.498199,31.731911
blind,blind,-13.868891,-16.096800
blind,blind,-31.967196,41.923294
blind,blind,-59.285103,6.791188
blind,blind,-55.353752,-0.341844
blind,blind,36.391182,22.634348
blind,blind,-31.554695,12.726694
blind,blind,-29.727528,-4.116843
blind,blind,-37.840118,13.339459
blind,blind,-63.077854,25.614847
blind,blind,-31.037189,-9.874658
blind,blind,-20.837452,-16.538500
blind,blind,49.531815,-13.400377
blind,blind,-22.599005,26.057098
blind,blind,-65.250877,6.042125
blind,blind,-14.915481,41.799232
blind,blind,-28.566233,-0.882230
blind,blind,-6.564326,47.295994
blind,blind,-10.753199,-9.841965
blind,blind,-50.648769,-4.291210
blind,blind,-10.737350,-17.620480
blind,blind,-0.958593,-5.668655
blind,blind,-56.417919,6.136443
blind,blind,-51.625912,8.973739
blind,blind,-20.139294,-6.424470
blind,blind,-16.094446,-22.834337
blind,blind,-15.994026,16.028444
blind,blind,-20.182802,-15.076743
blind,blind,2.436718,-8.841331
blind,blind,78.417351,-6.205056
blind,blind,-67.651756,-2.070593
blind,blind,-70.496567,20.992039
blind,blind,-34.295143,23.022968
blind,blind,-48.261570,13.579247
blind,blind,-18.456537,40.227497
blind,blind,-58.037514,30.495707
blind,blind,-4.116575,23.088161
blind,blind,-13.612598,-25.368095
blind,blind,-3.345137,-15.379575
blind,blind,-5.130960,17.374512
blind,blind,-26.504662,26.388725
blind,blind,2.300265,1.941041
blind,blind,-24.622095,20.358725
blind,blind,-33.270187,-38.569004
blind,blind,43.914135,-13.033148
blind,blind,-15.794097,-8.708482
blind,blind,-57.667900,11.227828
blind,blind,-20.685101,5.993956
blind,blind,-25.246662,-21.479029
blind,blind,-27.353905,-28.970127
blind,blind,-44.776684,17.393290
blind,blind,-7.142828,-32.199196
blind,blind,-1.651278,23.385849
blind,blind,-58.421139,23.442204
blind,blind,-58.293671,13.764740
blind,blind,-12.785229,-23.627489
blind,blind,-25.451885,-20.716829
blind,blind,-5.415947,-13.898910
blind,blind,-39.601055,-14.194608
blind,blind,-30.662472,17.146622
blind,blind,-13.797792,9.547130
blind,blind,-3.106109,-29.204197
blind,blind,-10.520329,-21.848000
blind,blind,-62.838470,0.861122
blind,blind,-37.198368,-42.651100
blind,blind,-22.122780,-9.280796
blind,blind,-44.843269,10.043633
blind,blind,-68.083893,22.407982
blind,blind,-25.241447,3.608719
blind,blind,79.010765,-7.384844
blind,blind,3.156074,3.165490
blind,blind,1.818190,-4.386103
blind,blind,-27.256975,-40.885502
blind,blind,-33.405006,-12.491852
blind,blind,-66.882523,3.520457
blind,blind,-61.708904,6.217784
blind,blind,-1.690504,-27.827215
blind,blind,-52.347748,0.868271
blind,blind,-35.984962,19.829670
blind,blind,-20.025003,-22.002239
blind,blind,-8.415927,-6.127418
blind,blind,-66.476830,18.485634
blind,blind,-8.104008,-28.906334
blind,blind,-20.273264,34.645397
blind,blind,-57.269588,23.545944
blind,blind,-73.193741,9.966364
blind,blind,-34.899242,-5.554680
blind,blind,-3.851113,-10.411423
blind,blind,78.731102,-1.559645
blind,blind,-65.271538,30.091578
blind,blind,-17.355110,26.859344
blind,blind,-7.779558,-5.562824
blind,blind,-49.569786,19.549963
blind,blind,-9.050131,-0.120633
blind,blind,83.146294,-2.438257
blind,blind,-6.751810,49.459049
blind,blind,-3.183881,2.753695
blind,blind,-25.275633,-15.168373
blind,blind,-5.108799,-28.636642
blind,blind,-68.935966,1.710536
blind,blind,-25.720728,-10.125151
blind,blind,-56.368336,25.459473
blind,blind,-58.032520,16.414225
blind,blind,56.587044,31.539169
blind,blind,-35.716034,-20.763117
blind,blind,-71.672295,16.073278
blind,blind,-4.664781,23.797113
blind,blind,77.935066,-1.326416
blind,blind,-57.648563,14.249900
blind,blind,-17.219475,-34.384834
blind,blind,-61.226280,17.945074
blind,blind,-28.538275,-8.300422
blind,blind,-1.255785,34.756588
blind,blind,-52.595333,0.008131
blind,blind,-30.812872,19.384651
blind,blind,33.102234,-26.347445
blind,blind,-6.725872,19.173058
blind,blind,-22.006746,-40.058708
blind,blind,0.855754,44.658058
blind,blind,-4.196909,28.234928
blind,blind,-2.646368,-15.354999
blind,blind,-60.777412,19.636868
blind,blind,4.615187,-8.113667
blind,blind,76.302032,-7.945200
blind,blind,-28.711275,-5.983252
blind,blind,-66.707764,19.902966
blind,blind,-68.285881,15.702584
blind,blind,-34.254307,-35.175167
blind,blind,-2.450626,-32.474617
blind,blind,-29.555742,-41.041279
blind,blind,-28.410616,5.803873
blind,blind,-5.342622,-34.522614
blind,blind,-34.206917,22.885347
blind,blind,-8.301463,-20.603931
blind,blind,-58.809959,29.601450
blind,blind,-64.669144,23.704308
blind,blind,-21.998930,4.387968
blind,blind,-34.287144,-34.262630
blind,blind,-72.839539,11.735630
blind,blind,-22.334827,-24.103754
blind,blind,-17.914696,-10.174517
blind,blind,-38.114040,-43.390831
blind,blind,-3.180009,-20.542038
blind,blind,79.391800,-1.866247
blind,blind,-34.840286,-19.009422
blind,blind,-34.791801,-42.778320
blind,blind,-4.865873,-22.785719
blind,blind,-0.764193,47.179131
blind,blind,-16.232594,16.079758
blind,blind,-2.364139,-7.343355
blind,blind,-61.066765,4.512115
blind,blind,57.513660,32.007126
blind,blind,-25.355261,-32.962227
blind,blind,-11.870063,-11.038043
blind,blind,-50.311512,-3.703313
blind,blind,-65.071655,24.586561
blind,blind,-34.416702,12.706547
blind,blind,-75.525894,16.314259
blind,blind,-32.631645,-32.010094
blind,blind,-28.374695,-8.876041
blind,blind,-12.653110,-36.323540
blind,blind,-33.756714,32.270752
blind,blind,-10.422736,-36.064167
blind,blind,-24.795404,30.298269
blind,blind,77.043289,-6.506081
blind,blind,-19.430176,-15.305128
blind,blind,0.154411,44.925678
blind,blind,-58.502914,2.153680
blind,blind,-5.157835,-31.105246
blind,blind,-20.004942,-26.882189
blind,blind,-19.040081,-35.390553
blind,blind,-5.776198,21.762413
blind,blind,-24.909575,4.220315
blind,blind,-10.848026,-25.270645
blind,blind,-11.533530,-11.486086
blind,blind,-1.692701,-36.591156
blind,blind,-4.437472,-24.490330
blind,blind,-18.324121,-6.276884
blind,blind,70.115082,-1.517717
blind,blind,-56.039417,1.653018
blind,blind,-28.868708,-18.121735
blind,blind,-9.552964,8.261308
blind,blind,-25.953531,-38.317970
blind,blind,2.720680,-24.708797
blind,blind,-21.101147,27.455317
blind,blind,-22.710842,30.287144
blind,blind,-1.379209,44.516865
blind,blind,35.964584,-8.039957
blind,blind,80.837364,0.450987
blind,blind,-0.788675,1.814031
blind,blind,-22.823093,-9.306650
blind,blind,-14.267782,13.024740
blind,blind,-27.407326,38.479576
blind,blind,-10.277102,25.345394
blind,blind,2.645523,-10.362386
blind,blind,-68.092636,12.389866
blind,blind,-26.512150,30.174072
blind,blind,2.321770,1.747057
blind,blind,-11.396566,22.704525
blind,blind,-56.153870,26.860418
blind,blind,-53.285782,15.241742
blind,blind,-43.927242,26.186445
blind,blind,-20.031626,35.702408
blind,blind,-65.225128,27.807735
blind,blind,-2.863043,-30.639698
blind,blind,-0.182517,24.710840
blind,blind,-38.692535,-40.904896
blind,blind,-31.599874,-17.656981
blind,blind,-3.745627,48.854801
blind,blind,-16.634270,-1.438221
blind,blind,-33.397743,-39.886421
blind,blind,71.817184,-3.794113
blind,blind,-27.730574,-9.187747
blind,blind,-7.613194,-38.439400
blind,blind,-20.227066,29.779331
blind,blind,-11.054969,-22.597799
blind,blind,-60.939064,22.730209
blind,blind,45.793076,-12.286793
blind,blind,-34.748474,-41.869263
blind,blind,-18.576649,-3.615120
blind,blind,-36.127911,-6.144523
blind,blind,-23.102379,-2.152981
blind,blind,77.808647,0.792522
blind,blind,58.708153,13.592678
blind,blind,-56.778530,23.643232
blind,blind,-6.664592,0.234559
blind,blind,-66.240906,21.507524
blind,blind,-38.293091,-45.804043
blind,blind,-49.997559,-1.955791
blind,blind,-67.810509,13.511914
blind,blind,-65.449677,3.846726
blind,blind,-47.479897,28.396383
blind,blind,-41.829517,31.378162
blind,blind,-21.509563,3.726140
blind,blind,-37.150558,20.182018
blind,blind,-71.403778,23.397549
blind,blind,2.198960,-8.605077
blind,blind,-13.992716,9.636983
blind,blind,-15.394299,24.146551
blind,blind,77.307915,-0.656312
blind,blind,-1.005480,49.107838
blind,blind,-64.530907,-3.419300
blind,blind,74.451645,-3.957133
blind,blind,-66.966934,17.204844
blind,blind,-67.913734,2.064243
blind,blind,76.205299,-7.101459
blind,blind,-18.373404,31.789068
blind,blind,-8.265770,-6.406363
blind,blind,-20.890926,-13.228964
blind,blind,-54.639015,31.862379
blind,blind,-13.400229,38.335773
blind,blind,-7.614101,-17.410112
blind,blind,-28.537838,11.898718
blind,blind,-16.560297,39.010551
blind,blind,-29.038818,20.841263
blind,blind,-19.889009,15.804605
blind,blind,-30.906601,-20.531696
blind,blind,-31.378201,-43.992302
blind,blind,-1.557152,36.241192
blind,blind,-22.524092,1.515381
blind,blind,-21.838566,-15.633129
blind,blind,-16.436966,-36.052597
blind,blind,-49.711761,-1.110081
blind,blind,-17.678436,-29.175787
blind,blind,-67.736015,6.474551
blind,blind,-54.026955,-1.745924
blind,blind,-5.604042,-30.357546
blind,blind,-29.589323,19.633512
blind,blind,-28.473948,-14.844774
blind,blind,-3.565791,24.545996
blind,blind,-36.166573,-45.339542
blind,blind,-75.568344,11.844615
blind,blind,-31.694519,18.192709
blind,blind,-18.783604,13.624113
blind,blind,48.314892,-13.980330
blind,blind,-47.714790,28.159063
blind,blind,-5.293814,-34.529457
blind,blind,-31.956173,-14.137785
blind,blind,-19.787231,-11.713664
blind,blind,-18.269648,18.193043
blind,blind,-51.522602,1.017997
blind,blind,-48.627075,27.014513
blind,blind,-30.881060,-14.561993
blind,blind,-6.143577,24.324579
blind,blind,-9.355212,-3.623376
blind,blind,-23.085190,28.167681
blind,blind,-1.899946,44.213818
blind,blind,-55.189831,-6.868086
blind,blind,-25.004629,36.814339
blind,blind,-35.163944,22.940439
blind,blind,-26.514549,-4.489224
blind,blind,-65.344742,-4.673357
blind,blind,-14.448812,19.420103
blind,blind,-10.637731,-17.971310
blind,blind,-2.114467,-24.326405
blind,blind,-6.619922,-33.992947
blind,blind,-8.876535,25.542431
blind,blind,-69.320229,18.638208
blind,blind,-11.155221,13.941317
blind,blind,-47.879585,12.760930
blind,blind,-59.520554,7.791546
blind,blind,-28.743877,-38.919285
blind,blind,-69.901917,8.228614
blind,blind,-1.551526,-25.332193
blind,blind,45.447746,-13.117046
blind,blind,-30.737160,15.007690
blind,blind,-41.998005,35.078270
blind,blind,-38.265491,-15.608856
blind,blind,-61.067692,11.565995
blind,blind,80.006851,-4.417180
blind,blind,-58.543304,7.122386
blind,blind,-34.836601,13.969571
blind,blind,-52.712345,13.317465
blind,blind,-38.916836,2.984859
blind,blind,-30.324183,-39.280823
blind,blind,-8.115741,-26.540533
blind,blind,-24.373549,-36.480438
blind,blind,-56.771862,12.317329
blind,blind,-16.852417,32.904198
blind,blind,-54.323818,-3.842425
blind,blind,-26.793709,45.280544
blind,blind,-38.020554,-42.929516
blind,blind,-21.205173,33.889133
blind,blind,-57.267761,27.335920
blind,blind,-29.353231,-23.664438
blind,blind,-12.139100,19.940018
blind,blind,-28.615208,-2.427271
blind,blind,-51.255676,-7.656119
blind,blind,-74.850983,2.365792
blind,blind,-64.763489,15.758028
blind,blind,-38.355957,-39.517590
blind,blind,56.528660,33.273285
blind,blind,-9.341968,-33.875999
blind,blind,-6.215052,18.218092
blind,blind,-26.848982,45.280594
blind,blind,-36.005196,-33.447670
blind,blind,-59.694134,-2.562048
blind,blind,-12.623835,-30.913321
blind,blind,-17.425819,-14.932210
blind,blind,-6.462733,47.595020
blind,blind,-51.942638,9.483376
blind,blind,-16.436605,-37.804928
blind,blind,-20.192347,20.233810
blind,blind,-15.530067,20.100931
blind,blind,-50.917118,-1.425612
blind,blind,-62.069443,-0.309221
blind,blind,-45.422428,7.016914
blind,blind,-11.651715,-23.470913
blind,blind,-21.608463,33.193089
blind,blind,-68.217911,12.735781
blind,blind,-34.127541,36.943176
blind,blind,-2.316857,44.796062
blind,blind,-2.376093,19.105217
blind,blind,-8.567907,-6.341332
blind,blind,82.330788,-5.920347
blind,blind,-62.414268,20.662279
blind,blind,-73.571289,13.893530
blind,blind,-35.834858,-39.536694
blind,blind,-8.887380,-28.759338
blind,blind,-28.053785,20.305784
blind,blind,-3.252176,-29.209311
blind,blind,-30.228130,-44.459312
blind,blind,-19.630795,-12.397449
blind,blind,-4.337659,19.922588
blind,blind,-39.195297,29.942822
blind,blind,56.839741,32.237522
blind,blind,-10.989004,34.381924
blind,blind,-30.011078,-9.970822
blind,blind,-9.101478,26.066711
blind,blind,-33.059631,-43.328438
blind,blind,-65.897194,2.203260
blind,blind,-35.060585,-13.341333
blind,blind,-64.588287,-0.837504
blind,blind,-20.379416,28.783434
blind,blind,-70.322388,8.549150
blind,blind,-26.356676,-14.818212
blind,blind,-65.811859,-2.483854
blind,blind,-19.738470,15.895482
blind,blind,-71.692062,-5.651882
blind,blind,-45.661224,-2.977089
blind,blind,-24.492392,33.325199
blind,blind,39.969521,40.076820
blind,blind,-28.078201,-1.163224
blind,blind,-30.748011,-9.453456
blind,blind,-57.592571,-0.226999
blind,blind,-1.088797,44.431671
blind,blind,-6.775184,-35.571575
blind,blind,-69.401314,8.054019
blind,blind,-75.954483,6.511705
blind,blind,-10.315351,44.857113
blind,blind,74.233566,-6.121948
blind,blind,-22.806974,-6.373808
blind,blind,-69.719017,3.086318
blind,blind,-35.867908,-41.636608
blind,blind,-59.028019,28.301950
blind,blind,-57.559418,29.658436
blind,blind,-4.279655,19.584944
blind,blind,-1.085315,51.441010
blind,blind,78.280228,3.595657
blind,blind,6.821477,12.960365
blind,blind,3.813926,40.913414
blind,blind,-22.290775,35.676105
blind,blind,-12.516767,25.176403
blind,blind,-32.040386,-26.824667
blind,blind,-17.910988,40.464436
blind,blind,-12.464603,39.587730
blind,blind,-29.152653,-38.012630
blind,blind,-23.012358,-21.111320
blind,blind,-29.734110,-8.702491
blind,blind,-25.296595,-19.919886
blind,blind,-36.491447,-26.488382
blind,blind,-30.040991,15.998874
blind,blind,-1.246451,-36.032310
blind,blind,-9.896754,-14.948305
blind,blind,-27.918991,-45.601837
blind,blind,-59.686462,24.716862
blind,blind,-8.909307,19.152302
blind,blind,-16.808506,17.513250
blind,blind,-1.984482,-25.397362
blind,blind,-34.000229,-39.125973
blind,blind,-10.116980,-28.675840
blind,blind,-2.065704,-7.595579
blind,blind,1.656096,-5.993326
blind,blind,-10.427678,-1.977950
blind,blind,-35.371334,-42.332344
blind,blind,-62.025261,22.336462
blind,blind,-0.412254,48.646923
blind,blind,-17.134916,43.647530
blind,blind,71.629929,-1.335675
blind,blind,78.855171,-7.332793
blind,blind,-8.791034,-3.243518
blind,blind,-32.382843,-3.607112
blind,blind,-23.071527,34.948715
blind,blind,30.960123,23.217699
blind,blind,-19.656780,37.378742
blind,blind,-57.512585,13.062730
blind,blind,-12.490442,-18.145948
blind,blind,-22.090006,-4.951848
blind,blind,-76.444229,11.776656
blind,blind,-7.426215,-30.321438
blind,blind,-10.914988,-19.568308
blind,blind,43.073952,-14.882768
blind,blind,77.703270,-5.041409
blind,blind,-33.524998,14.915704
blind,blind,78.560753,1.035595
blind,blind,-30.404667,28.617348
blind,blind,-16.273676,35.989708
blind,blind,-66.912346,1.484494
blind,blind,-2.101321,45.393925
blind,blind,-30.175137,20.311350
blind,blind,-75.707993,14.440854
blind,blind,-54.599255,21.141386
blind,blind,-22.382202,31.345633
blind,blind,-2.048420,-33.959839
blind,blind,-33.881165,11.544479
blind,blind,44.909630,-20.293468
blind,blind,-46.522987,0.154558
blind,blind,-28.366835,14.869442
blind,blind,-39.585793,-45.206173
blind,blind,-61.997681,23.586954
blind,blind,-7.713253,-35.655819
blind,blind,78.009239,0.141105
blind,blind,-24.054707,-11.170006
blind,blind,-3.435795,37.190380
blind,blind,-61.331902,6.649258
blind,blind,-29.077829,24.367907
blind,blind,-40.172165,-39.467766
blind,blind,-21.837900,32.656574
blind,blind,-26.733736,-23.972376
blind,blind,-19.551208,-14.327814
blind,blind,-21.182047,42.180599
blind,blind,-31.665918,12.202888
blind,blind,-32.676414,10.049970
blind,blind,2.079625,-10.183783
blind,blind,60.572605,4.099372
blind,blind,-13.355177,21.126934
blind,blind,-54.379063,0.482255
blind,blind,79.750038,0.747439
blind,blind,76.121017,-6.750416
blind,blind,-23.981480,-11.313770
blind,blind,-36.030231,32.391983
blind,blind,-7.185472,-30.127356
blind,blind,-48.234310,20.072739
blind,blind,-39.102943,-40.067860
blind,blind,-21.819895,-10.008857
blind,blind,-14.728851,17.965265
blind,blind,-10.894489,-19.361786
blind,blind,-18.722807,25.798208
blind,blind,-54.390793,13.208674
blind,blind,-34.030083,-15.991674
blind,blind,-43.535282,11.265854
blind,blind,-65.778191,19.472191
blind,blind,-11.568291,-7.990636
blind,blind,-19.172966,15.465723
blind,blind,45.049721,-12.988505
blind,blind,-38.211536,-28.450886
blind,blind,-15.792208,35.511707
blind,blind,-64.759254,-1.634559
blind,blind,-13.472294,-20.590176
blind,blind,-30.801096,0.103142
blind,blind,0.903262,-21.221003
blind,blind,-25.415745,45.232056
blind,blind,58.194351,33.298779
blind,blind,-6.820221,-34.402020
blind,blind,-19.855392,32.518570
blind,blind,-70.421928,14.497700
blind,blind,-26.201359,28.846319
blind,blind,-43.306942,16.684370
blind,blind,-4.840225,-32.167645
blind,blind,77.692108,-7.351225
blind,blind,-21.135809,7.357821
blind,blind,-3.291710,3.232530
blind,blind,-22.306948,-36.815826
blind,blind,-28.324100,-3.810881
blind,blind,55.740490,30.560518
blind,blind,31.246811,-24.713476
blind,blind,-26.965334,-42.087265
blind,blind,-17.685566,36.235924
blind,blind,-19.647497,31.115696
blind,blind,-26.084049,-12.275064
blind,blind,64.463585,35.886307
blind,blind,-22.045139,23.358597
blind,blind,-21.991796,11.431566
blind,blind,-11.007381,-22.084829
blind,blind,-36.165276,-3.738115
blind,blind,-33.687752,-44.442333
blind,blind,-19.454676,-3.917704
blind,blind,-46.973824,12.166380
blind,blind,-38.087318,-42.749271
blind,blind,-19.957705,3.743619
blind,blind,-13.136742,-9.840685
blind,blind,-26.281574,-38.509872
blind,blind,-49.598717,20.930775
blind,blind,-13.012990,-20.583261
blind,blind,-11.289975,-19.805191
blind,blind,-20.033587,32.519596
blind,blind,-59.952705,-2.791555
blind,blind,-22.269276,28.972837
blind,blind,-3.581072,-17.745468
blind,blind,-1.163583,46.078823
blind,blind,-22.297598,31.928951
blind,blind,-27.466665,-1.208535
blind,blind,70.397621,-1.399699
blind,blind,-5.543681,-25.002647
blind,blind,-35.269058,-20.997501
blind,blind,-27.998180,-15.257046
blind,blind,34.343891,-23.952726
blind,blind,-2.007090,47.685696
blind,blind,-42.103439,31.707850
blind,blind,-13.722687,33.495838
blind,blind,45.667156,-12.206537
blind,blind,-33.049564,20.424442
blind,blind,-60.254620,29.285595
blind,blind,56.888420,32.544621
blind,blind,-8.104065,31.821558
blind,blind,-22.476570,-19.625162
blind,blind,-13.567057,-4.657815
blind,blind,-14.232084,41.969917
blind,blind,-19.024364,1.103890
blind,blind,-19.571770,42.557495
blind,blind,-29.591740,-40.191616
blind,blind,-3.145244,-21.046600
blind,blind,-12.875180,-15.615640
blind,blind,-73.323479,13.888227
blind,blind,-38.791046,32.605255
blind,blind,-46.590031,23.181608
blind,blind,-9.920977,30.626541
blind,blind,-59.492195,23.695807
blind,blind,-62.373589,21.645231
blind,blind,-27.887577,-20.088411
blind,blind,-20.834116,39.716759
blind,blind,-32.152153,19.247116
blind,blind,-6.359148,-32.509251
blind,blind,-18.215019,-11.479527
blind,blind,-33.336933,-7.075513
blind,blind,-10.987882,23.222759
blind,blind,-4.291185,-1.466438
blind,blind,-19.013069,34.232388
blind,blind,-53.917328,-5.509481
blind,blind,-23.386738,-20.923454
blind,blind,-53.526993,-1.092063
blind,blind,-34.218601,9.851833
blind,blind,-10.376287,8.275854
blind,blind,-1.703338,-36.671673
blind,blind,-64.007790,-0.410456
blind,blind,34.115971,-17.837152
blind,blind,-77.191689,14.462101
blind,blind,-39.160618,-39.269119
blind,blind,78.419930,-2.470783
blind,blind,-32.366325,-41.594433
blind,blind,-67.378090,-3.999498
blind,blind,-31.354950,-10.477220
blind,blind,57.061344,32.094364
blind,blind,-32.881016,-40.891331
blind,blind,-8.548038,47.308414
blind,blind,80.722473,3.488840
blind,blind,-44.845314,6.751619
blind,blind,-49.707272,4.903654
blind,blind,-51.676125,23.365360
blind,blind,-49.578560,27.485935
blind,blind,-4.349151,-33.432922
blind,blind,-66.185867,23.020067
blind,blind,-28.654961,-14.116948
blind,blind,-55.542057,-6.880445
blind,blind,-52.106621,19.136684
blind,blind,38.350914,0.412701
blind,blind,-16.903168,30.586105
blind,blind,73.318207,-0.686739
blind,blind,-11.112192,-30.998226
blind,blind,77.792107,-6.010885
blind,blind,-66.491600,25.657139
blind,blind,56.993351,31.229574
blind,blind,-45.805744,-2.976392
blind,blind,-20.877522,23.717655
blind,blind,-25.249531,-31.751942
blind,blind,-28.240658,-9.192567
blind,blind,-20.885637,-18.814989
blind,blind,-31.658644,34.190620
blind,blind,-4.679755,22.022884
blind,blind,-3.685582,-33.469040
blind,blind,-10.403176,-25.943367
blind,blind,-33.305302,-2.041805
blind,blind,-14.360212,13.176429
blind,blind,-4.470925,41.283455
blind,blind,-16.005857,19.552029
blind,blind,-13.191514,6.059809
blind,blind,-6.251671,18.757141
blind,blind,-22.280483,14.508656
blind,blind,-7.368846,-20.411617
blind,blind,0.899940,47.610886
blind,blind,-23.436979,10.398094
blind,blind,-73.148468,10.167837
blind,blind,77.191383,0.876567
blind,blind,-59.438305,-1.995365
blind,blind,-62.074451,-0.364877
blind,blind,-22.279528,-17.033249
blind,blind,-15.575258,29.668783
blind,blind,-19.821516,10.817197
blind,blind,-31.854418,12.329214
blind,blind,-19.726551,29.371546
blind,blind,-5.659647,11.126308
blind,blind,-8.624038,22.734955
blind,blind,-21.278456,14.907096
blind,blind,-10.631200,17.390379
blind,blind,-29.182072,-0.764825
blind,blind,-34.260494,-32.020100
blind,blind,-25.248501,-32.248390
blind,blind,-35.122154,-35.701134
blind,blind,-26.839762,-28.589731
blind,blind,-8.687318,-21.531689
blind,blind,-8.796034,-22.302008
blind,blind,-55.768757,25.865326
blind,blind,-21.552767,-27.010239
blind,blind,-68.875893,4.221363
blind,blind,-26.681889,-2.379105
blind,blind,-35.163349,-49.188473
blind,blind,57.681400,12.015315
blind,blind,-10.553051,-8.045816
blind,blind,-10.479950,-32.218563
blind,blind,-64.083557,0.607534
blind,blind,78.188705,-5.214552
blind,blind,-6.610919,24.122812
blind,blind,80.182465,4.385135
blind,blind,-22.772924,-13.519756
blind,blind,-25.795929,-21.356108
blind,blind,-4.646679,44.486553
blind,blind,-1.071114,18.696205
blind,blind,-11.223594,-16.343290
blind,blind,-13.512290,-9.492587
blind,blind,-15.986364,15.897714
blind,blind,-56.526173,29.325602
blind,blind,-14.458180,-30.991928
blind,blind,-19.938631,34.839100
blind,blind,-7.418083,-37.691006
blind,blind,-6.937352,-38.051945
blind,blind,-55.501278,-4.813817
blind,blind,-24.485720,36.493820
blind,blind,-11.156122,-40.569454
blind,blind,-31.087027,-2.056503
blind,blind,-59.084171,7.652869
blind,blind,-26.738285,-37.571445
blind,blind,-40.222561,18.188541
blind,blind,-8.547910,-16.950624
blind,blind,-64.632568,15.972533
blind,blind,-52.981972,1.473302
blind,blind,-57.128017,25.374849
blind,blind,-8.045614,16.951050
blind,blind,-8.554706,23.667307
blind,blind,-22.216906,43.447308
blind,blind,-63.401817,8.876275
blind,blind,-70.204979,0.782033
blind,blind,82.149391,-0.032428
blind,blind,-60.399914,16.214067
blind,blind,-21.703194,-9.076159
blind,blind,-38.782322,36.201527
blind,blind,-34.454269,-5.512297
blind,blind,-24.515968,-17.714865
blind,blind,-24.356121,27.391792
blind,blind,75.419601,-6.030480
blind,blind,-61.853973,19.362001
blind,blind,-36.091541,-40.648319
blind,blind,76.733017,2.803044
blind,blind,-15.559631,40.840004
blind,blind,-2.917025,-10.740728
blind,blind,-56.735096,-6.664402
blind,blind,-51.670181,-7.116394
blind,blind,0.446041,-3.581396
blind,blind,-4.674096,-25.199167
blind,blind,-54.937149,27.486731
blind,blind,-34.908295,-15.992384
blind,blind,82.127861,-3.378129
blind,blind,-23.952066,-7.218410
blind,blind,57.011021,32.908726
blind,blind,-34.925495,-49.369602
blind,blind,-38.425934,-32.813866
blind,blind,79.571495,2.325369
blind,blind,-33.119438,-41.958988
blind,blind,-25.572878,29.099701
blind,blind,-31.625504,-9.079930
blind,blind,-67.053322,2.323860
blind,blind,1.673579,42.083282
blind,blind,38.325142,0.510165
blind,blind,-8.877640,19.175365
blind,blind,-16.400507,36.397106
blind,blind,44.130718,-12.269314
blind,blind,-18.788134,-10.296295
blind,blind,-14.567204,-3.654966
blind,blind,-56.461243,-5.587704
blind,blind,-36.522041,-40.282745
blind,blind,-0.936071,14.624920
blind,blind,-77.873047,9.233046
blind,blind,-12.039088,-8.950260
blind,blind,-46.116634,5.942698
blind,blind,-19.863367,38.151230
blind,blind,-56.224148,30.685144
blind,blind,-8.947427,23.772469
blind,blind,-20.727783,-16.510164
blind,blind,-9.815430,-37.626572
blind,blind,-2.780742,47.927437
blind,blind,-33.357391,19.152449
blind,blind,-26.900412,36.546204
blind,blind,-31.118229,15.602593
blind,blind,-21.829626,-37.406277
blind,blind,-62.590889,17.864576
blind,blind,-48.289959,18.445982
blind,blind,-34.286064,-45.021538
blind,blind,-29.198776,22.401617
blind,blind,-14.840224,-19.833014
blind,blind,-34.705406,-22.514854
blind,blind,82.997902,-1.588695
blind,blind,-8.518402,1.233735
blind,blind,-37.653252,26.834682
blind,blind,-17.173475,25.568996
blind,blind,-33.461639,-43.683228
blind,blind,-31.495962,27.166653
blind,blind,-26.178015,-15.822540
blind,blind,-18.987736,-19.717230
blind,blind,-17.118221,-14.862432
blind,blind,59.361340,3.957305
blind,blind,-32.072502,-48.396049
blind,blind,-44.117218,8.640520
blind,blind,-57.819469,28.525089
blind,blind,-67.205025,19.219479
blind,blind,-23.275839,5.140368
blind,blind,-26.339802,-16.849319
blind,blind,-41.274345,9.807808
blind,blind,-33.914127,-33.235153
blind,blind,-33.498940,-45.191975
blind,blind,-31.787201,-45.505413
blind,blind,-12.561721,-33.479713
blind,blind,-5.979616,-29.299908
blind,blind,-71.525826,-5.179676
blind,blind,74.565941,-4.092280
blind,blind,-33.456078,-22.692760
blind,blind,76.978523,4.633090
blind,blind,-60.433804,3.709758
blind,blind,-68.817726,13.328183
blind,blind,-13.100427,-22.915976
blind,blind,-67.349815,11.846399
blind,blind,79.869934,1.666294
blind,blind,-11.940392,13.750431
blind,blind,-25.291224,-6.778904
blind,blind,-9.912338,-23.568466
blind,blind,-37.605404,40.304581
blind,blind,1.247941,45.133858
blind,blind,-3.745401,45.408226
blind,blind,-23.136932,33.185543
blind,blind,-30.712673,20.428308
blind,blind,-56.383022,-6.258006
blind,blind,-26.816750,-28.597422
blind,blind,-27.034739,10.011101
blind,blind,-14.771115,21.075798
blind,blind,1.518472,-5.792284
blind,blind,-16.825888,-11.830685
blind,blind,-4.605757,-29.528667
blind,blind,-75.457985,9.859180
blind,blind,-28.221100,-43.900829
blind,blind,-27.880772,1.751888
blind,blind,-44.048817,10.775969
blind,blind,34.215759,-18.033848
blind,blind,-33.468014,22.993301
blind,blind,-37.197849,32.917469
blind,blind,-19.461578,22.342602
blind,blind,-12.756978,-7.898733
blind,blind,-16.141029,-18.995333
blind,blind,-65.834709,20.891146
blind,blind,-69.700859,18.519606
blind,blind,-17.668291,-29.183149
blind,blind,-71.726547,0.574229
blind,blind,-11.811045,-12.753010
blind,blind,30.993013,-24.724134
blind,blind,47.388123,-13.400229
blind,blind,-12.712184,-3.898644
blind,blind,-66.943375,4.362808
blind,blind,-76.904961,11.436060
blind,blind,-33.037350,9.152802
blind,blind,0.650954,-32.204308
blind,blind,-26.308201,-10.779490
blind,blind,-13.833258,50.237858
blind,blind,-23.626564,33.392792
blind,blind,-56.969540,22.063969
blind,blind,-30.223621,-16.436623
blind,blind,-20.401827,3.782779
blind,blind,-54.326717,11.785007
blind,blind,-21.376997,-13.709961
blind,blind,-17.208916,26.376724
blind,blind,-31.300678,23.222624
blind,blind,-28.721861,-18.304350
blind,blind,-33.057869,-14.823507
blind,blind,-21.924669,8.065092
blind,blind,-29.376913,22.627659
blind,blind,-28.554581,-8.301670
blind,blind,-29.044729,-31.625433
blind,blind,-60.489384,13.896261
blind,blind,-38.632648,31.984613
blind,blind,-30.088917,12.404482
blind,blind,-19.057909,-17.109791
blind,blind,-6.658244,24.644241
blind,blind,-34.555618,9.115618
blind,blind,59.587132,4.990124
blind,blind,-56.039055,-0.266410
blind,blind,-63.581413,1.410547
blind,blind,-33.963886,19.996386
blind,blind,-34.243664,-34.021694
blind,blind,-4.223264,-24.289434
blind,blind,-14.049670,30.368521
blind,blind,-48.631844,-5.133162
blind,blind,-4.341023,-31.163149
blind,blind,-13.003222,-11.940220
blind,blind,-5.874599,-21.434612
blind,blind,-18.712713,-7.454802
blind,blind,-34.845219,-4.244393
blind,blind,-54.957676,10.266295
blind,blind,-73.519669,10.924191
blind,blind,-17.170881,20.504990
blind,blind,78.896332,0.784164
blind,blind,-0.611846,45.378231
blind,blind,74.921356,-0.422524
blind,blind,-20.854342,31.610529
blind,blind,-31.907721,19.808825
blind,blind,-6.421793,22.921034
blind,blind,80.762146,-5.058618
blind,blind,-18.535515,37.541615
blind,blind,80.115898,4.381182
blind,blind,-8.122441,-27.519323
blind,blind,-23.894138,15.411576
blind,blind,-14.078229,-23.479555
blind,blind,-30.601276,23.520035
blind,blind,-51.735348,16.657522
blind,blind,-60.295341,0.806070
blind,blind,-1.658823,-8.355307
blind,blind,-6.833144,40.829624
blind,blind,-65.366547,17.542950
blind,blind,-57.018864,-2.050159
blind,blind,-3.765808,-33.485569
blind,blind,-46.295750,9.617776
blind,blind,-45.538528,17.088364
blind,blind,-7.403156,-28.539299
blind,blind,-69.068398,20.722168
blind,blind,-23.694361,-19.092817
blind,blind,-21.235790,22.602779
blind,blind,-66.220787,24.442137
blind,blind,82.169777,2.892072
blind,blind,-27.554832,-14.174550
blind,blind,-9.892931,30.628048
blind,blind,-29.836042,-46.285618
blind,blind,-6.094738,-36.750015
blind,blind,-60.613010,12.872001
blind,blind,-30.928267,24.870398
blind,blind,-65.639572,-3.348164
blind,blind,-19.006077,27.106405
blind,blind,-63.837997,22.258387
blind,blind,-27.087992,10.075994
blind,blind,-8.116653,-33.282383
blind,blind,-19.463474,31.097092
blind,blind,-7.587493,24.418911
blind,blind,-57.125996,12.326813
blind,blind,-7.637608,-19.003819
blind,blind,-56.416706,-3.230570
blind,blind,-24.833729,-5.682447
blind,blind,-12.006218,-27.192116
blind,blind,-20.383410,-26.124952
blind,blind,-7.695143,23.028719
blind,blind,-20.085167,4.932446
blind,blind,-13.206908,28.082836
blind,blind,-27.585812,1.654442
blind,blind,4.062485,-21.997168
blind,blind,-12.014205,12.409067
blind,blind,-64.280739,0.643688
blind,blind,-25.465458,-15.543832
blind,blind,-8.105493,20.358761
blind,blind,-36.706913,26.783089
blind,blind,39.044189,0.115466
blind,blind,-3.762339,43.471432
blind,blind,79.138596,-4.317213
blind,blind,-9.229242,10.630992
blind,blind,-6.324784,26.872763
blind,blind,-7.927614,-22.663967
blind,blind,-61.916607,24.783703
blind,blind,-29.210403,36.298985
blind,blind,-25.498272,-1.577186
blind,blind,-12.969654,28.114071
blind,blind,-57.334961,-4.144018
blind,blind,79.858368,-0.068517
blind,blind,-0.432191,-5.181618
blind,blind,-53.373787,13.884977
blind,blind,-57.610626,18.641449
blind,blind,-11.644342,7.161357
blind,blind,-0.241243,-23.521435
blind,blind,-4.477879,37.415257
blind,blind,-3.410490,46.839100
blind,blind,-35.353889,-44.346752
blind,blind,-35.239918,-49.186111
blind,blind,-10.617691,-21.241156
blind,blind,-22.484013,-39.327496
blind,blind,-37.338158,-44.763294
blind,blind,-57.296715,-8.422564
blind,blind,-18.606018,28.443962
blind,blind,-12.800485,38.439453
blind,blind,-29.942493,-25.649967
blind,blind,-5.335292,18.087973
blind,blind,-5.185223,-13.873865
blind,blind,-20.172205,24.454931
blind,blind,80.889496,-4.871241
blind,blind,-38.917332,-38.353165
blind,blind,-27.054564,-16.031157
blind,blind,-10.915871,47.925369
blind,blind,-1.328557,35.169609
blind,blind,-40.992516,25.281933
blind,blind,82.181168,-2.030647
blind,blind,-47.977386,27.996674
blind,blind,76.751884,0.464422
blind,blind,-12.119411,32.973385
blind,blind,-25.017220,-3.082257
blind,blind,-23.495251,-0.294847
blind,blind,70.555405,-2.588377
blind,blind,-56.536640,-5.699392
blind,blind,80.343346,-5.868963
blind,blind,71.866920,-3.640083
blind,blind,-67.449966,0.224282
blind,blind,-28.661186,20.550837
blind,blind,-13.843928,15.414485
blind,blind,-36.768417,33.591232
blind,blind,-38.207706,-14.514461
blind,blind,-6.003586,16.698391
blind,blind,-21.960394,-31.264795
blind,blind,-59.022156,7.802095
blind,blind,-37.071041,-47.874729
blind,blind,-51.635113,36.338131
blind,blind,-54.703705,3.819296
blind,blind,-63.983124,26.106483
blind,blind,-33.291546,15.874231
blind,blind,-0.337548,-3.320580
blind,blind,-57.689629,13.850222
blind,blind,-6.975108,44.425354
blind,blind,-22.240826,32.562347
blind,blind,-70.754044,6.737589
blind,blind,46.177841,-13.620244
blind,blind,-8.944798,10.637579
blind,blind,-8.894608,-17.714481
blind,blind,-10.242128,21.791811
blind,blind,-31.835447,21.659142
blind,blind,79.138344,-6.586353
blind,blind,-20.356432,3.463972
blind,blind,-7.126708,-25.974722
blind,blind,-60.033443,20.262285
blind,blind,-36.905952,-10.044025
blind,blind,1.568687,-18.451244
blind,blind,-64.130524,0.714411
blind,blind,-36.174347,15.300647
blind,blind,-59.567688,5.056047
blind,blind,-18.447813,-19.960070
blind,blind,50.059067,-13.352681
blind,blind,72.502533,10.935871
blind,blind,-25.597483,-24.905344
blind,blind,-22.096691,-37.133823
blind,blind,-75.812279,12.822053
blind,blind,-6.927900,23.310726
blind,blind,-6.500278,46.110012
blind,blind,-29.485926,-1.016932
blind,blind,-62.982983,14.678923
blind,blind,-58.004810,16.276091
blind,blind,-1.380847,35.348003
blind,blind,-18.189192,-12.683120
blind,blind,-32.003841,-9.737557
blind,blind,-2.388646,-26.509745
blind,blind,3.855479,40.898594
blind,blind,-42.482304,31.056625
blind,blind,-15.623039,-5.030520
blind,blind,-73.421455,8.422259
blind,blind,-54.033802,25.331970
blind,blind,-61.338818,20.546581
blind,blind,52.187206,32.655922
blind,blind,-4.740267,-1.720282
blind,blind,1.819734,44.853260
blind,blind,-39.622883,32.400337
blind,blind,-2.762199,48.279736
blind,blind,-56.419258,-4.745182
blind,blind,-0.414263,-20.634253
blind,blind,-20.263178,-22.157299
blind,blind,-54.990780,10.000242
blind,blind,-18.247749,-16.734369
blind,blind,-35.342384,-46.515186
blind,blind,0.087226,-28.543686
blind,blind,-8.493507,11.000948
blind,blind,-36.277195,13.274722
blind,blind,-25.733137,37.361633
blind,blind,-21.213610,-28.843794
blind,blind,-60.985233,-12.001657
blind,blind,-21.950197,-31.250166
blind,blind,-19.480633,10.261090
blind,blind,-34.866932,17.265411
blind,blind,76.187622,3.385588
blind,blind,-52.668774,-0.096353
blind,blind,-34.063656,-35.169102
blind,blind,42.871246,-13.198728
blind,blind,-4.492575,46.619919
blind,blind,-48.199162,12.863734
blind,blind,-31.842516,21.685434
blind,blind,-22.441278,3.465660
blind,blind,55.689758,30.529297
blind,blind,-46.545532,23.194933
blind,blind,-50.070248,16.245237
blind,blind,-21.882608,29.286489
blind,blind,50.008057,-29.282679
blind,blind,-14.151651,-32.630867
blind,blind,4.493889,-7.839183
blind,blind,-71.524773,4.969422
blind,blind,-23.189734,-5.493751
blind,blind,74.648003,-4.004591
blind,blind,-74.206902,14.724487
blind,blind,-49.425259,26.482317
blind,blind,-3.767733,-27.751459
blind,blind,-65.866898,12.545186
blind,blind,-60.011223,27.613161
blind,blind,-52.623772,20.781609
blind,blind,-68.013428,2.254333
blind,blind,-49.409496,27.830387
blind,blind,-75.017586,10.737272
blind,blind,-24.508831,-36.861832
blind,blind,-34.362442,24.252125
blind,blind,-2.038844,-11.070288
blind,blind,-52.606892,4.922198
blind,blind,-13.942986,-16.191532
blind,blind,0.505138,-30.877069
blind,blind,-34.011372,-16.181135
blind,blind,1.254464,2.344697
blind,blind,-27.881033,1.430918
blind,blind,-53.638039,-1.891025
blind,blind,-54.043213,-2.621634
blind,blind,-10.974245,47.929989
blind,blind,-19.319544,10.810412
blind,blind,33.936302,-20.981575
blind,blind,-16.619341,13.215040
blind,blind,57.879532,32.672672
blind,blind,-77.799461,9.284775
blind,blind,-9.520811,-23.193754
blind,blind,-26.740065,35.637878
blind,blind,-14.329011,-18.009056
blind,blind,-67.393486,20.302948
blind,blind,80.226341,1.250717
blind,blind,-39.232079,30.005075
blind,blind,-13.183427,-21.145996
blind,blind,-52.209446,20.210117
blind,blind,-54.512337,-0.261551
blind,blind,-33.354713,-6.827069
blind,blind,-5.295372,47.704037
blind,blind,-30.643852,1.318452
blind,blind,-0.952275,41.845562
blind,blind,-3.043805,18.652555
blind,blind,-39.753895,15.976069
blind,blind,-54.768288,31.996857
blind,blind,-38.045589,31.035637
blind,blind,-63.364746,-4.123660
blind,blind,-25.785490,-10.368414
blind,blind,-72.797752,11.647094
blind,blind,-22.151602,8.744171
blind,blind,-16.349781,21.249809
blind,blind,-66.476326,3.154820
blind,blind,-56.658131,19.994043
blind,blind,-37.891644,13.321159
blind,blind,-14.181155,-12.986613
blind,blind,0.503119,42.983829
blind,blind,-14.937349,-27.569851
blind,blind,-8.838374,12.494861
blind,blind,77.200340,-11.525818
blind,blind,-37.372684,-37.456867
blind,blind,-13.221566,-11.664528
blind,blind,-65.778748,5.884135
blind,blind,-22.412502,14.324142
blind,blind,-32.106339,-11.948386
blind,blind,-38.523117,-32.667618
blind,blind,-21.813696,-8.400596
blind,blind,-65.480316,-5.319406
blind,blind,-23.223988,-23.464363
blind,blind,-22.817915,33.892883
blind,blind,-33.346092,-9.798613
blind,blind,-5.923004,8.975690
blind,blind,-51.830837,9.298567
blind,blind,-42.016033,31.748180
blind,blind,-61.961491,23.493849
blind,blind,-49.441414,16.082230
blind,blind,-11.247289,-17.176411
blind,blind,74.399498,3.939493
blind,blind,-21.196920,13.519445
blind,blind,-19.316021,-5.269246
blind,blind,-1.266487,40.613262
blind,blind,73.754150,-2.951183
blind,blind,1.269053,-24.976271
blind,blind,-47.828312,27.980198
blind,blind,-64.239761,-1.625584
blind,blind,-13.098812,35.212421
blind,blind,-52.212421,-7.276812
blind,blind,-63.153946,1.483293
blind,blind,-32.096363,27.740799
blind,blind,-18.243967,28.565367
blind,blind,-55.215919,27.939259
blind,blind,-38.966679,-14.582428
blind,blind,-4.731063,24.953655
blind,blind,-20.878637,-7.407511
blind,blind,-26.965771,28.475122
blind,blind,-3.519385,43.893764
blind,blind,33.865913,-20.546686
blind,blind,-18.368921,30.463289
blind,blind,-28.483961,13.975508
blind,blind,-18.801731,-19.942593
blind,blind,-31.025494,-43.962475
blind,blind,-5.100782,-37.174587
blind,blind,-68.085899,2.093794
blind,blind,-53.617924,-0.219464
blind,blind,-16.476337,38.982948
blind,blind,-37.264893,-37.578003
blind,blind,-61.028999,4.235406
blind,blind,-8.581660,47.251144
blind,blind,-22.190222,9.230318
blind,blind,-1.431192,25.638805
blind,blind,-67.644905,23.159525
blind,blind,-30.250975,-12.492289
blind,blind,-54.222954,29.149199
blind,blind,-42.824219,10.894594
blind,blind,-2.572793,50.754223
blind,blind,-15.742081,-19.867975
blind,blind,-30.645803,20.576374
blind,blind,-6.631938,20.404003
blind,blind,-48.773056,23.111559
blind,blind,-23.438366,5.982057
blind,blind,-10.414517,-11.270345
blind,blind,-11.649803,-21.956629
blind,blind,63.050125,16.632858
blind,blind,-0.119610,49.811901
blind,blind,-34.679047,-8.419641
blind,blind,-3.789510,-29.164932
blind,blind,-15.085821,36.803410
blind,blind,-41.563255,31.062494
blind,blind,-19.134033,-1.193185
blind,blind,47.558270,-13.554988
blind,blind,48.940765,-29.661552
blind,blind,-55.165695,13.857512
blind,blind,-32.002407,-43.196053
blind,blind,-34.546032,-46.659649
blind,blind,-58.019093,4.702788
blind,blind,-23.775227,30.583832
blind,blind,-13.160579,33.198196
blind,blind,-56.636478,23.855209
blind,blind,43.711174,-13.411146
blind,blind,-19.874617,-25.610111
blind,blind,-27.893299,38.694572
blind,blind,-31.743053,-7.153643
blind,blind,-68.138794,2.096752
blind,blind,-4.126286,43.701485
blind,blind,-19.822836,-4.049532
blind,blind,-0.937632,-27.295788
blind,blind,-30.601498,-8.412636
blind,blind,2.724463,-21.974272
blind,blind,-14.564375,40.744007
blind,blind,-18.565706,37.632023
blind,blind,-31.589230,-3.367622
blind,blind,-27.218431,23.600370
blind,blind,-25.077812,-5.587020
blind,blind,-57.340439,2.918478
blind,blind,-26.436365,32.454559
blind,blind,-3.357677,47.727909
blind,blind,-11.862926,-27.215115
blind,blind,57.717346,30.875917
blind,blind,-8.084707,-20.722813
blind,blind,-12.089777,-20.896843
blind,blind,37.019676,-5.634836
blind,blind,-19.455463,-15.911375
blind,blind,-70.299545,8.282294
blind,blind,-19.649952,-10.332510
blind,blind,-39.932060,18.545530
blind,blind,-21.372627,14.692410
blind,blind,82.013557,4.321934
blind,blind,-6.478976,47.258572
blind,blind,-26.664116,-21.482367
blind,blind,-52.234493,-7.016502
blind,blind,-69.470535,14.716250
blind,blind,-43.307755,10.014939
blind,blind,-22.049681,-21.929659
blind,blind,-6.553475,-34.714928
blind,blind,-44.184788,23.603449
blind,blind,-49.669579,20.868515
blind,blind,-21.439137,-34.872311
blind,blind,-55.256714,16.976038
blind,blind,-23.246374,-6.376210
blind,blind,-8.262906,-34.093124
blind,blind,-34.171597,-43.228512
blind,blind,-59.630535,7.712397
blind,blind,46.771004,-14.424789
blind,blind,-7.976072,32.517006
blind,blind,-7.959121,49.530396
blind,blind,46.744427,-13.548803
blind,blind,-68.578217,19.500507
blind,blind,-16.678040,28.864559
blind,blind,-35.373608,-9.498058
blind,blind,-10.021410,-18.409519
blind,blind,-59.876373,18.643160
blind,blind,-74.989059,12.774091
blind,blind,-18.950104,-14.728609
blind,blind,-7.883807,10.920896
blind,blind,-12.512368,-10.517426
blind,blind,-9.574351,-21.939333
blind,blind,-18.270941,-4.777998
blind,blind,-20.388792,24.324753
blind,blind,71.646599,-3.103977
blind,blind,-65.046394,2.594958
blind,blind,-54.135765,32.140938
blind,blind,-73.363182,9.815876
blind,blind,32.641468,24.979765
blind,blind,-11.238470,-9.865721
blind,blind,-31.784430,-15.602901
blind,blind,-23.473003,-0.205885
blind,blind,-38.470818,-39.280411
blind,blind,-15.128689,32.278385
blind,blind,-0.603203,41.501633
blind,blind,-35.832634,12.746883
blind,blind,-24.483164,-22.035152
blind,blind,0.471675,41.111729
blind,blind,-60.328079,16.699516
blind,blind,-72.274780,15.407445
blind,blind,-55.407726,-2.361940
blind,blind,-47.682987,33.790623
known,active,52.262966,6.175854
known,active,52.425709,6.206166
known,inactive,58.443039,-36.903984
known,inactive,47.655975,10.654027
known,active,35.647846,24.843679
known,inactive,35.108147,24.522327
known,active,35.140839,24.606052
known,inactive,35.171516,24.801476
known,active,34.350540,25.160276
known,inactive,46.304855,15.126183
known,inactive,46.279160,14.985975
known,inactive,37.312908,10.401375
known,active,46.308857,23.337376
known,active,51.691051,31.801659
known,active,57.419800,16.588276
known,inactive,16.222294,-51.058922
known,inactive,21.125242,4.185940
known,inactive,73.547913,16.866911
known,inactive,53.681473,30.756569
known,inactive,47.383438,-7.989796
known,inactive,47.359234,-8.081489
known,active,64.666618,9.470393
known,active,64.344887,8.600431
known,active,62.245117,2.702923
known,active,63.376568,4.217027
known,active,62.324043,2.728941
known,active,62.049156,2.962602
known,active,63.228924,5.349901
known,active,41.570160,27.504675
known,inactive,43.521782,35.199650
known,inactive,50.115932,37.933411
known,inactive,29.653572,-16.630262
known,active,65.647980,9.442301
known,inactive,50.166103,-0.881940
known,active,21.424921,-58.685982
known,active,24.510233,-67.341827
known,active,43.071606,2.794028
known,inactive,54.545414,12.499056
known,inactive,34.242748,-13.271216
known,active,34.203548,16.651760
known,active,33.962406,17.288155
known,active,33.413761,17.638250
known,inactive,28.939224,-1.237460
known,inactive,29.038624,-10.922436
known,active,33.645412,19.639355
known,active,33.185272,19.893627
known,inactive,62.945473,-3.683247
known,inactive,54.572258,12.522888
known,inactive,54.608833,12.548442
known,active,41.816723,36.363167
known,active,41.590992,36.367420
known,active,63.331055,5.459727
known,active,64.765549,5.340670
known,inactive,57.864494,-23.908110
known,active,24.180450,-67.199577
known,inactive,62.948708,-3.686335
known,active,57.610481,-11.318207
known,inactive,81.654289,8.584331
known,active,81.840477,8.493862
known,inactive,53.878048,16.433603
known,inactive,38.246140,30.489607
known,active,45.411232,26.867899
known,inactive,23.963816,-67.645981
known,active,50.114983,11.899555
known,active,23.899042,-67.731529
known,inactive,23.908028,9.814010
known,active,49.317562,19.060823
known,inactive,55.616333,-25.446209
known,inactive,26.685478,-57.578815
known,active,28.476891,-51.559811
known,inactive,53.105022,-3.976390
known,inactive,53.108982,-3.970767
known,inactive,53.095001,-3.984840
known,inactive,53.101086,-3.980337
known,inactive,32.488472,-9.492715
known,inactive,32.634533,-9.811377
known,inactive,37.468498,-13.144967
known,inactive,37.435162,-13.177526
known,inactive,37.425350,-13.123366
known,inactive,74.181732,16.676952
known,inactive,73.527489,16.865114
known,inactive,73.944901,16.925930
known,inactive,71.901108,14.882938
known,inactive,73.155403,17.217569
known,inactive,74.146683,17.036974
known,inactive,56.754284,-23.972000
known,inactive,61.797760,25.280722
known,active,43.134052,-10.233507
known,inactive,32.398911,9.106310
known,inactive,38.460144,28.841829
known,inactive,52.967239,30.722006
known,inactive,22.043098,3.566705
known,inactive,50.717304,19.597504
known,inactive,76.908394,-11.979717
known,inactive,81.760963,-10.260635
known,inactive,81.645561,-10.248186
known,inactive,21.945694,3.703642
known,inactive,45.654694,3.960621
known,active,38.496113,23.667406
known,inactive,46.013084,30.452440
known,active,53.491100,-20.731947
known,inactive,21.935467,3.773224
known,inactive,57.905285,27.629179
known,active,29.524126,-55.666672
known,active,29.326643,-55.128933
known,active,29.524130,-55.666668
known,active,29.326643,-55.128933
known,active,30.180443,-55.081989
known,active,30.058037,-55.289654
known,active,32.232498,-53.361965
known,active,32.181435,-53.366951
known,active,62.931877,6.422913
known,inactive,73.515831,16.855528
known,inactive,43.124882,5.471456
known,inactive,-0.714169,18.262821
known,inactive,26.281712,10.704676
known,inactive,49.723709,29.036213
known,inactive,26.257317,10.725264
known,inactive,48.868759,29.298698
known,inactive,48.869541,29.241032
known,active,48.810635,29.296585
known,active,48.747658,29.302559
known,inactive,59.679615,-16.915070
known,active,43.925892,21.594181
known,inactive,46.113598,4.780310
known,active,52.867859,-8.180019
known,active,28.350769,12.601604
known,active,44.236347,36.842213
known,active,28.924055,-55.787785
known,inactive,48.932377,25.829916
known,inactive,60.566010,42.161018
known,inactive,66.562752,-2.301767
known,inactive,68.270607,30.177233
known,inactive,56.652229,20.379351
known,inactive,20.820295,4.404705
known,active,51.707108,21.800037
known,inactive,57.590546,-22.633722
known,inactive,52.702850,30.331533
known,inactive,52.995274,30.752378
known,inactive,52.912865,30.478645
known,inactive,53.766666,27.984959
known,inactive,53.729023,28.037336
known,inactive,53.878704,-20.054432
known,inactive,81.352448,-9.719409
known,inactive,53.588154,1.585997
known,active,31.911736,-17.131697
known,inactive,32.387566,-17.404980
known,inactive,26.884710,-53.550594
known,active,42.453182,39.655415
known,inactive,66.487274,-16.725370
known,active,26.808722,-56.315620
known,inactive,61.047607,27.665281
known,active,25.944130,-54.423603
known,inactive,29.260450,-53.581581
known,inactive,52.255310,-8.194512
known,inactive,42.820259,2.921786
known,inactive,57.559559,29.241055
known,inactive,54.221546,22.841667
known,inactive,41.818485,-3.051232
known,active,25.510155,-52.622330
known,inactive,73.311699,16.600479
known,inactive,22.484962,-47.657810
known,inactive,22.476297,-47.651905
known,inactive,22.797703,-47.866493
known,inactive,22.219049,-47.545811
known,inactive,22.806345,-47.876476
known,inactive,22.829090,-47.883537
known,inactive,-0.608638,9.768277
known,inactive,25.404629,-62.915237
known,inactive,25.072033,-63.198177
known,inactive,52.839428,15.485756
known,inactive,42.721359,41.374836
known,inactive,46.741440,32.389606
known,active,41.681850,-3.242477
known,inactive,59.221775,-18.154222
known,inactive,57.572712,-24.054831
known,inactive,42.606312,41.553226
known,active,51.681282,-20.515324
known,inactive,41.109882,10.420391
known,active,51.676590,-20.506279
known,inactive,23.970203,-58.149017
known,inactive,24.161398,-59.253735
known,inactive,24.560400,-56.454391
known,inactive,23.989195,-59.274818
known,active,32.798107,23.571354
known,inactive,48.827705,-27.716843
known,active,54.740398,-14.573218
known,active,45.235695,23.535448
known,inactive,38.642700,12.265638
known,inactive,40.012905,6.312323
known,inactive,40.308594,6.301165
known,inactive,40.524841,6.279665
known,inactive,40.330395,6.301561
known,inactive,41.151917,3.121848
known,inactive,41.214432,3.149860
known,inactive,41.329540,3.166655
known,active,26.501709,-61.372662
known,active,27.023315,-60.814045
known,inactive,27.076382,-60.452068
known,inactive,26.645439,-59.898060
known,inactive,64.139145,31.980980
known,inactive,62.586258,-13.922115
known,inactive,43.307629,-29.791040
known,inactive,43.322208,-29.779606
known,active,26.698112,-61.620865
known,active,27.079571,-61.052994
known,inactive,49.389820,-24.751839
known,inactive,29.708399,-16.551352
known,inactive,58.807781,-24.178228
known,inactive,41.595417,5.778752
known,inactive,32.734177,-3.264959
known,inactive,32.731701,-3.265172
known,inactive,16.384577,-42.755608
known,inactive,16.449974,-42.792057
known,active,37.136662,-14.319359
known,inactive,43.151249,17.881300
known,inactive,56.551968,20.230371
known,inactive,55.141834,25.040339
known,inactive,31.278730,5.813993
known,inactive,45.096790,-1.120228
known,inactive,37.009052,-2.300105
known,active,37.107121,-14.356057
known,inactive,37.026218,-2.323961
known,active,49.733868,11.282305
known,active,22.374674,-43.311043
known,active,22.364786,-43.303570
known,active,11.337466,-61.255165
known,active,17.171957,-50.410755
known,inactive,39.658714,-9.756686
known,inactive,40.160378,-10.150602
known,inactive,39.608829,-9.835941
known,inactive,28.649883,-5.941298
known,inactive,47.989128,-22.660988
known,inactive,47.994328,-22.788130
known,inactive,47.989487,-22.785965
known,active,45.036007,5.747904
known,active,46.046135,7.018284
known,inactive,82.573547,-12.379562
known,inactive,42.111542,13.688417
known,active,26.560299,-61.362621
known,active,48.800770,15.021283
known,active,45.134003,-1.219466
known,active,44.881668,7.321323
known,active,53.566162,1.680181
known,active,43.973694,23.226940
known,active,44.103157,21.583456
known,active,67.530754,-1.086393
known,inactive,43.486271,36.068691
known,inactive,43.395142,36.071701
known,inactive,41.329308,31.624166
known,inactive,48.952946,14.791181
known,inactive,48.960903,14.775944
known,active,46.577023,43.331299
known,active,67.121788,-1.148715
known,inactive,60.749401,-12.740766
known,active,29.877703,-56.617802
known,inactive,43.792297,-1.579103
known,inactive,46.856926,-6.832776
known,inactive,46.801228,-6.691474
known,active,20.653811,-53.600246
known,inactive,56.297874,22.594082
known,inactive,56.263947,22.528444
known,inactive,39.319473,31.315365
known,inactive,34.771610,-1.023016
known,active,62.621174,17.259201
known,inactive,23.520988,8.161909
known,inactive,23.432068,8.108981
known,inactive,59.455391,35.664738
known,inactive,31.096138,6.221390
known,inactive,30.910357,6.124003
known,inactive,31.184637,6.124399
known,inactive,31.240976,6.144821
known,inactive,31.241741,6.125623
known,inactive,31.311911,6.764922
known,active,26.820564,-61.580238
known,active,27.161631,-61.033436
known,active,46.015388,43.324070
known,active,41.922997,36.859509
known,inactive,47.721828,43.396702
known,inactive,47.040901,43.827591
known,inactive,47.040844,43.827866
known,active,28.988792,-54.505196
known,inactive,44.107643,36.448269
known,inactive,43.661285,37.044514
known,active,43.785347,36.951084
known,inactive,44.252922,39.217392
known,active,45.075207,37.423489
known,active,44.274349,37.927917
known,inactive,44.415527,37.772141
known,active,44.214462,39.182770
known,active,44.424187,37.912540
known,active,44.621769,36.865623
known,inactive,44.560291,36.914982
known,active,42.145916,36.770428
known,active,40.823658,39.695885
known,active,44.626484,37.007339
known,active,44.374409,37.053719
known,inactive,43.326759,37.866009
known,inactive,41.108841,39.546585
known,inactive,43.350475,37.987450
known,inactive,41.702858,39.279900
known,active,44.566765,36.854515
known,inactive,44.409962,41.476002
known,inactive,51.883366,26.665632
known,inactive,60.310787,29.126514
known,inactive,44.639061,-1.330109
known,inactive,43.093136,41.610416
known,active,46.014847,43.324074
known,inactive,47.721809,43.396339
known,inactive,47.041161,43.827946
known,inactive,47.041119,43.827656
known,active,28.988792,-54.505196
known,inactive,50.889004,21.841494
known,inactive,52.174088,25.981997
known,inactive,52.190887,25.605429
known,inactive,43.621876,30.619232
known,inactive,43.637367,30.655844
known,active,39.284863,26.746559
known,inactive,39.571972,27.141224
known,inactive,61.694622,25.414295
known,inactive,29.553818,-16.253159
known,inactive,29.704922,-16.487349
known,inactive,63.406910,-26.625309
known,inactive,30.085655,-7.356775
known,active,66.635674,18.585835
known,inactive,43.137108,5.476679
known,inactive,59.411896,35.719868
known,inactive,58.644878,23.737476
known,inactive,61.228664,36.952728
known,inactive,61.341835,36.857315
known,inactive,61.672455,36.932556
known,inactive,61.672398,36.932915
known,inactive,61.589809,36.932484
known,inactive,61.023201,36.233280
known,inactive,61.042252,36.246025
known,inactive,61.015594,36.349281
known,inactive,61.028912,36.303440
known,inactive,60.669590,36.490395
known,inactive,59.828522,36.120514
known,inactive,59.227978,36.497654
known,inactive,59.154755,36.468884
known,inactive,59.239330,36.496651
known,inactive,49.377266,-4.780196
known,inactive,49.352062,-4.713195
known,active,59.030827,38.777752
known,inactive,59.028114,38.787319
known,inactive,59.032120,38.777721
known,inactive,59.034019,38.737225
known,inactive,41.077541,17.561346
known,inactive,41.083538,17.540937
known,inactive,59.139744,28.022333
known,inactive,47.515934,-4.596379
known,inactive,57.579262,-22.685780
known,inactive,58.815300,-24.178406
known,active,45.335743,38.580029
known,inactive,42.155499,13.723027
known,inactive,42.155499,13.723027
known,inactive,42.150955,20.405872
known,inactive,47.197239,-8.119923
known,active,24.182823,-66.744514
known,active,58.153240,16.395599
known,active,62.014927,17.624228
known,inactive,46.900852,-11.349299
known,inactive,28.342094,-51.606140
known,inactive,47.082661,6.948720
known,active,25.480263,-43.288063
known,inactive,37.113552,-14.328155
known,inactive,56.487797,25.676443
known,inactive,59.175282,36.764107
known,inactive,33.187851,2.060552
known,inactive,43.919300,-3.385765
known,inactive,67.187859,24.298296
known,inactive,66.861595,24.380886
known,inactive,25.480364,-43.288151
known,inactive,47.611580,17.246264
known,inactive,47.787476,16.903744
known,inactive,49.180195,-10.040289
known,inactive,27.927288,-13.642870
known,inactive,46.503273,5.819075
known,inactive,21.830431,3.878043
known,active,57.122223,20.643984
known,active,25.614090,-60.761784
known,inactive,37.090076,-14.340286
known,active,67.584938,13.351473
known,active,49.842625,11.205984
known,active,49.829933,11.191833
known,inactive,50.216831,10.866472
known,active,49.855282,11.050944
known,inactive,33.127384,2.101218
known,inactive,33.185406,2.147636
known,inactive,32.039585,2.831270
known,inactive,34.077286,8.368385
known,inactive,34.105679,8.362498
known,inactive,34.646675,7.390093
known,inactive,17.122208,-50.440018
known,inactive,16.956852,-50.527996
known,inactive,29.625622,-45.977119
known,active,27.948599,-40.752586
known,active,27.834423,-40.720005
known,active,27.967932,-40.705002
known,inactive,40.352322,-10.184842
known,inactive,39.826069,-9.604916
known,inactive,25.523888,-55.507275
known,active,66.046814,8.547320
known,inactive,24.678078,-51.459496
known,active,25.610241,-55.350868
known,active,65.913704,8.764223
known,active,65.318626,9.700193
known,active,67.119644,-6.778921
known,inactive,71.971153,14.478466
known,inactive,61.151848,27.666176
known,inactive,61.218098,27.680225
known,inactive,61.402863,27.474686
known,inactive,26.251158,-56.435352
known,active,25.947920,-55.481014
known,inactive,24.685751,-51.476143
known,active,40.676525,-13.875976
known,inactive,40.745731,-13.875796
known,inactive,32.865490,1.422030
known,inactive,31.106424,-11.624155
known,inactive,28.008883,-7.649807
known,inactive,29.164293,-6.206506
known,active,47.290306,-26.879740
known,active,47.321178,-26.869200
known,inactive,41.262859,12.960217
known,active,61.453022,8.338507
known,active,53.656986,-20.511839
known,inactive,49.167294,-0.896125
known,inactive,49.817024,-0.891076
known,inactive,49.241394,-0.881071
known,inactive,49.237640,-0.884859
known,inactive,41.393303,-5.723940
known,active,19.533527,-60.543728
known,active,19.604744,-60.416878
known,active,19.639307,-60.391514
known,active,19.915962,-59.975052
known,active,45.809883,8.574725
known,inactive,45.472816,6.423674
known,active,45.787579,7.955774
known,active,46.099869,7.047180
known,inactive,43.567596,17.552116
known,active,20.163942,-59.568283
known,inactive,20.185097,-59.529583
known,inactive,26.365393,-45.009911
known,active,20.129396,-59.641415
known,active,24.706175,-51.488434
known,active,67.119644,-6.778921
known,active,24.706175,-51.488434
known,inactive,57.061329,41.538254
known,active,57.047356,41.486729
known,active,57.051186,41.485947
known,active,57.042549,41.485512
known,active,55.690819,39.989796
known,active,55.690449,39.986923
known,inactive,52.256321,32.672260
known,active,82.556107,-12.341509
known,inactive,31.390587,-2.272814
known,inactive,28.421978,-40.209179
known,inactive,63.271591,-26.159653
known,active,39.414680,4.849437
known,inactive,24.024824,9.721543
known,inactive,59.011684,-15.452271
known,inactive,27.665899,-5.701513
known,active,44.874649,-27.192408
known,inactive,34.727055,7.211566
known,active,55.203648,34.260868
known,inactive,52.391342,19.765930
known,inactive,54.371246,12.386305
known,active,42.913654,6.582654
known,inactive,42.544849,6.491969
known,inactive,33.862080,32.223545
known,inactive,33.864876,32.224655
known,active,63.016739,4.450331
known,active,62.985863,4.419113
known,active,62.545719,4.192513
known,active,62.375557,5.060740
known,active,62.375557,5.060740
known,active,62.086494,3.253636
known,active,61.370667,6.035633
known,active,60.555458,6.547372
known,active,61.035736,6.488052
known,active,61.097988,6.488796
known,active,61.050285,6.535744
known,active,61.425991,4.907045
known,active,62.277866,4.710893
known,active,61.793762,3.696022
known,active,61.888657,5.520962
known,active,61.779282,3.517629
known,inactive,63.840343,-26.542160
known,inactive,63.840343,-26.542160
known,inactive,63.789429,-26.528095
known,inactive,63.789429,-26.528095
known,inactive,39.410793,4.861549
known,inactive,46.225349,-32.656578
known,inactive,61.794907,46.128555
known,active,26.386360,-61.704376
known,active,37.946976,35.016026
known,inactive,31.981134,-3.636041
known,active,27.770245,-51.474438
known,inactive,32.184330,6.124359
known,active,32.582214,6.292555
known,active,37.947369,35.016026
known,active,44.929684,7.210059
known,inactive,45.780354,21.071449
known,active,45.951214,22.040308
known,active,43.569687,21.702522
known,active,45.476704,20.724451
known,active,45.163845,21.528646
known,active,43.940731,22.806585
known,active,42.924454,22.926254
known,active,45.478409,22.564114
known,active,43.194828,23.570013
known,active,44.888035,22.597244
known,active,44.570507,22.448975
known,active,44.887215,22.595097
known,active,44.923786,23.123367
known,active,44.343967,23.101553
known,active,44.367599,22.465410
known,active,44.033695,22.968529
known,active,44.453217,23.068018
known,active,43.900894,22.816315
known,active,44.930832,22.061911
known,active,46.119148,22.026028
known,active,46.090710,21.523537
known,active,43.955612,22.304121
known,active,42.220295,22.245350
known,active,45.221622,21.354330
known,active,42.140812,22.270632
known,active,45.352272,22.225212
known,active,45.511005,21.703215
known,active,44.178600,21.385481
known,active,44.211449,21.531557
known,active,44.508530,20.819693
known,active,42.933128,22.697664
known,active,45.002758,22.759171
known,active,45.316746,22.905952
known,active,26.431383,-53.494503
known,inactive,33.439224,-57.777374
known,inactive,32.442326,9.052503
known,inactive,51.034740,-19.723835
known,inactive,30.005718,-6.954758
known,inactive,29.866074,-7.076214
known,inactive,30.023754,-7.015136
known,inactive,27.985291,-14.111585
known,inactive,29.133282,-6.615379
known,inactive,29.858053,-6.887668
known,inactive,24.568851,-3.018041
known,inactive,29.085924,-6.762496
known,active,30.108572,-53.400219
known,active,30.478529,-52.218391
known,active,29.668772,-52.623722
known,active,29.643425,-52.518051
known,inactive,37.908024,35.069561
known,active,29.801939,-53.816467
known,active,30.108572,-53.400219
known,active,30.478542,-52.218044
known,inactive,49.030212,33.394318
known,active,44.488472,-27.013060
known,active,44.655506,-27.201267
known,inactive,44.463135,-27.936880
known,active,44.655376,-27.201431
known,inactive,33.871784,-46.883583
known,inactive,18.458082,-60.936829
known,inactive,63.721958,-26.867556
known,inactive,65.729630,-1.514405
known,active,44.832050,23.491899
known,inactive,61.778481,46.114677
known,inactive,41.580982,-6.546824
known,active,27.835854,-53.736359
known,active,26.986597,-52.422157
known,active,27.134550,-52.331104
known,active,24.213486,-66.764664
known,active,1.774295,-18.613476
known,inactive,51.166927,35.131874
known,inactive,40.639698,12.614464
known,active,30.951586,-54.519039
known,inactive,27.829813,-53.450703
known,inactive,40.612667,-5.737697
known,active,52.651138,40.376488
known,inactive,57.316940,7.470047
known,inactive,64.022240,20.234722
known,active,49.498131,23.089766
known,active,32.222576,13.175535
known,active,53.457508,4.208844
known,active,19.206902,-49.737827
known,inactive,31.951870,-56.172977
known,inactive,29.441719,-57.870029
known,inactive,30.135557,-58.485458
known,inactive,29.648323,-57.378281
known,active,30.189302,-57.969326
known,active,29.053946,-58.091972
known,active,29.388523,-58.421391
known,active,28.358969,-61.447777
known,active,28.531570,-61.175678
known,active,28.298218,-61.465034
known,active,28.464071,-61.192173
known,inactive,31.443130,-61.296104
known,inactive,31.440180,-61.261028
known,inactive,30.118519,-60.546413
known,inactive,30.234135,-60.442558
known,active,30.530897,-60.655327
known,active,30.652548,-60.567604
known,active,30.306133,-57.254959
known,active,30.830534,-58.216900
known,active,30.387384,-59.245441
known,active,30.668737,-59.226238
known,active,30.030058,-56.521004
known,active,30.864777,-57.817757
known,active,31.577869,-58.112907
known,inactive,31.645247,-58.100796
known,inactive,31.688879,-58.096920
known,inactive,31.788683,-58.083126
known,active,31.395681,-55.570683
known,active,30.121346,-58.957806
known,active,30.563976,-58.985725
known,active,30.723747,-56.267662
known,active,31.288870,-57.057777
known,inactive,30.135942,-56.566784
known,inactive,30.732834,-57.534542
known,inactive,30.833881,-56.399448
known,active,27.831106,-51.932381
known,active,30.031847,-56.521564
known,active,27.831129,-51.932224
known,active,28.241627,-56.181496
known,active,26.733570,-54.896736
known,active,27.942120,-56.004227
known,active,26.590164,-54.961689
known,active,28.150686,-55.448326
known,active,33.096558,-55.387039
known,inactive,37.811958,35.160152
known,active,10.250002,-15.498420
known,active,10.248948,-15.499594
known,active,28.241627,-56.181496
known,active,26.733686,-54.896431
known,active,27.942120,-56.004227
known,active,27.941719,-56.003845
known,active,26.590164,-54.961689
known,active,26.319071,-54.763798
known,active,28.150686,-55.448326
known,active,26.590164,-54.961689
known,active,26.319067,-54.763802
known,active,28.150692,-55.448318
known,active,26.283459,-54.831169
known,inactive,10.646107,26.670509
known,inactive,10.645459,26.671574
known,active,33.096558,-55.387039
known,active,67.486839,-6.565970
known,inactive,24.884474,9.483534
known,inactive,48.818329,33.446182
known,active,38.000141,29.111834
known,inactive,-26.254839,-49.916767
known,active,55.053711,42.429520
known,active,55.032581,42.439957
known,inactive,67.476768,-6.636416
known,inactive,44.294380,-2.914306
known,active,41.026989,-21.884615
known,active,44.090786,-2.727807
known,inactive,71.757835,4.687695
known,active,15.217235,-60.966331
known,active,15.243807,-61.066631
known,inactive,15.230933,-61.049797
known,active,14.499455,-58.417500
known,inactive,52.954891,17.821396
known,inactive,62.342491,33.147369
known,inactive,43.797752,-1.608150
known,inactive,43.817993,-1.467797
known,inactive,38.956829,6.402497
known,inactive,38.945358,6.383315
known,inactive,62.350159,33.042065
known,inactive,62.348858,33.045208
known,inactive,66.493591,-7.688143
known,active,43.224934,7.735965
known,inactive,33.190716,6.700402
known,active,43.108574,7.560474
known,active,45.365108,9.030024
known,active,45.333508,8.963452
known,active,44.402992,9.442466
known,inactive,41.664783,7.925414
known,inactive,41.802883,7.664498
known,inactive,41.943459,7.749929
known,inactive,42.452564,8.138844
known,inactive,41.550156,-5.703298
known,active,45.387615,8.928345
known,active,44.245293,9.280993
known,active,44.278530,9.304512
known,active,44.264168,9.229276
known,active,44.138779,8.785272
known,active,44.164501,8.751258
known,inactive,51.044445,24.313408
known,inactive,57.169235,22.330698
known,inactive,48.395672,2.980382
known,inactive,48.468826,3.123429
known,inactive,48.798409,5.311738
known,inactive,48.842075,5.315104
known,inactive,45.721081,34.232502
known,inactive,45.761013,34.133984
known,inactive,41.776417,0.401926
known,inactive,49.155552,6.709569
known,inactive,49.188438,6.573667
known,active,44.211884,9.505786
known,inactive,43.526760,10.398463
known,inactive,47.648689,-7.497550
known,active,47.468296,-28.591738
known,inactive,34.551067,-1.471404
known,inactive,34.460258,-1.667827
known,inactive,44.572361,-5.314004
known,inactive,45.478844,17.823074
known,active,8.939052,-57.622688
known,inactive,38.200546,5.973135
known,inactive,38.297287,6.053086
known,inactive,38.192745,6.047254
known,inactive,38.361542,6.022048
known,inactive,38.334671,6.014742
known,inactive,43.207790,27.127110
known,inactive,44.546852,-5.302657
known,inactive,62.046436,44.065945
known,inactive,63.292339,44.207733
known,inactive,63.350151,44.438545
known,inactive,63.166092,44.457890
known,inactive,62.252670,44.331211
known,inactive,63.819271,44.470932
known,inactive,62.187782,44.297379
known,inactive,62.202362,44.324863
known,inactive,62.202362,44.324863
known,inactive,46.528534,17.459377
known,inactive,45.715542,17.718897
known,inactive,47.327343,17.348827
known,inactive,68.263924,30.181217
known,inactive,69.660789,20.022551
known,inactive,71.541016,18.907753
known,inactive,52.309204,19.777174
known,inactive,40.476112,-8.517597
known,active,53.491020,5.870840
known,active,53.533752,5.923656
known,inactive,61.881943,-18.904716
known,active,34.638199,19.955048
known,inactive,69.795296,19.965839
known,active,35.146683,18.035995
known,active,35.160622,17.968340
known,active,35.658745,20.764782
known,active,33.087162,22.179558
known,inactive,38.427876,21.240679
known,active,36.535641,20.348244
known,active,37.085278,20.007479
known,active,36.519032,20.392996
known,inactive,57.391476,-2.210835
known,inactive,52.974968,31.273487
known,inactive,59.362244,25.131243
known,inactive,59.350777,25.531750
known,inactive,59.119770,25.505211
known,inactive,59.212406,25.130299
known,inactive,30.083954,-3.515271
known,inactive,41.517006,31.959314
known,inactive,45.951603,19.754444
known,inactive,18.983112,-53.574539
known,inactive,18.394691,-55.871056
known,inactive,18.374794,-55.977596
known,inactive,18.367477,-56.001408
known,active,15.249637,-61.069042
known,active,14.335637,-58.380161
known,inactive,14.458481,-58.336555
known,inactive,19.188223,-54.494297
known,inactive,19.207005,-54.464985
known,inactive,18.870768,-53.341698
known,inactive,55.891144,-22.818375
known,inactive,56.464020,-23.165846
known,active,42.657696,-8.207793
known,inactive,42.947777,-11.234244
known,inactive,26.194143,-46.579494
known,active,9.035542,-57.712219
known,inactive,61.806503,-15.973919
known,active,63.181522,1.655474
known,inactive,72.682442,-10.076076
known,active,41.779514,-2.255380
known,inactive,36.225002,-36.024635
known,inactive,31.348269,-3.404951
known,inactive,31.350193,-3.464047
known,active,24.131594,-59.353069
known,inactive,48.261002,2.799257
known,inactive,46.914562,22.307884
known,inactive,65.973091,-3.023494
known,inactive,37.120190,29.095816
known,active,41.102722,28.638683
known,active,59.664005,7.149253
known,inactive,30.737988,-44.762959
known,inactive,56.255318,22.447432
known,active,70.471985,10.637240
known,active,60.241112,20.057114
known,inactive,29.558590,-16.180510
known,inactive,47.629158,38.846619
known,active,42.616970,29.334749
known,active,41.698093,29.379412
known,active,41.727684,29.172192
known,active,42.401127,28.913267
known,active,42.531853,28.807289
known,inactive,78.186729,6.173926
known,inactive,78.135033,6.279086
known,active,39.265366,31.312296
known,active,39.284851,31.307850
known,inactive,39.260719,31.320915
known,inactive,39.260910,31.309135
known,inactive,33.877815,-59.965534
known,inactive,33.912556,-59.972176
known,active,41.684479,29.407030
known,active,43.085407,32.609383
known,active,43.152431,32.648125
known,inactive,27.629635,10.389421
known,inactive,63.848160,29.016872
known,inactive,63.850296,29.028646
known,inactive,34.054077,-12.132829
known,inactive,34.056164,-12.246942
known,inactive,31.354916,-11.779857
known,inactive,31.551638,-11.931483
known,inactive,32.599976,-12.542400
known,inactive,33.323158,-12.835295
known,inactive,33.425400,-12.965589
known,inactive,43.215164,27.199846
known,inactive,43.221825,27.223127
known,inactive,44.602612,39.905933
known,inactive,45.987560,38.291458
known,active,45.410217,39.280716
known,inactive,44.632137,40.196156
known,inactive,43.429909,38.599476
known,inactive,43.412186,38.691498
known,inactive,41.811169,39.455692
known,inactive,44.638500,41.618240
known,inactive,63.100212,44.677231
known,inactive,62.334431,44.534023
known,inactive,45.756142,12.057282
known,inactive,58.656326,-12.271921
known,inactive,58.516232,-12.211061
known,inactive,64.518127,31.915117
known,inactive,39.898968,30.805851
known,inactive,53.426517,5.972139
known,inactive,53.459442,6.009554
known,inactive,33.063644,22.310253
known,active,36.498486,20.317421
known,inactive,37.031174,19.997505
known,active,36.522152,20.344702
known,inactive,64.003166,32.124512
known,inactive,63.578274,32.048367
known,inactive,64.642525,32.469910
known,inactive,63.989258,32.206970
known,inactive,63.990738,32.205242
known,inactive,28.699043,10.712837
known,inactive,64.004036,32.222801
known,inactive,64.121040,32.072521
known,inactive,62.724854,32.951370
known,inactive,56.549358,-23.116735
known,inactive,56.724457,-12.010253
known,inactive,62.529217,-14.016992
known,inactive,62.088573,-13.536617
known,inactive,63.126156,-14.275232
known,inactive,61.139202,-12.991011
known,inactive,56.526443,-25.310133
known,inactive,33.379745,-13.249599
known,inactive,57.661499,-25.003241
known,inactive,62.856964,-14.785150
known,inactive,63.131035,-14.694963
known,inactive,62.584576,46.317215
known,inactive,31.087381,-15.324618
known,inactive,56.708893,20.452478
known,active,46.299488,13.801675
known,active,50.939823,15.641900
known,inactive,41.045483,28.734299
known,active,41.366550,29.170250
known,active,41.246658,29.205753
known,inactive,15.578832,-58.112854
known,active,28.741772,8.193090
known,active,54.418442,2.834998
known,inactive,54.318295,2.806236
known,inactive,56.580154,-22.884384
known,inactive,26.080776,-46.594112
known,active,35.505405,-20.766085
known,inactive,45.482281,13.539891
known,inactive,48.021420,2.340202
known,inactive,61.970219,25.284124
known,inactive,49.767380,4.096280
known,active,46.844982,-28.225677
known,inactive,25.068066,-57.141582
known,active,69.166100,8.813188
known,active,69.188583,8.821374
known,active,35.125240,21.045374
known,active,35.297588,20.878969
known,active,33.530212,21.689089
known,inactive,66.744759,9.937989
known,inactive,45.986767,-29.821068
known,active,46.492241,-28.761395
known,inactive,46.401264,-28.836426
known,inactive,46.067375,-27.778584
known,active,46.082195,-27.734838
known,active,46.968922,-27.540831
known,active,45.960987,-28.020552
known,active,46.516304,-27.541172
known,active,46.555420,-27.953423
known,active,46.460880,-28.260746
known,inactive,47.142418,-28.036110
known,active,45.594879,-28.208508
known,active,46.865616,-28.864252
known,active,46.171726,-28.789724
known,active,45.861935,-28.671551
known,active,45.860664,-28.869471
known,active,45.935966,-28.891722
known,inactive,46.555420,-27.953423
known,active,46.555420,-27.953423
known,inactive,45.485592,-28.408480
known,active,45.173580,-28.456686
known,inactive,57.898140,27.636881
known,inactive,38.461338,12.479379
known,inactive,37.497711,13.160952
known,inactive,37.623421,11.983750
known,inactive,37.882698,11.873296
known,inactive,37.957523,12.517662
known,inactive,37.936600,12.574844
known,inactive,37.835461,11.996533
known,inactive,37.918789,12.574325
known,inactive,37.698689,12.524416
known,inactive,37.008392,12.637619
known,inactive,37.477299,12.592413
known,inactive,37.305908,13.091831
known,inactive,37.341522,12.023716
known,inactive,67.481598,0.215929
known,inactive,50.686687,19.550621
known,active,23.793751,-67.998734
known,inactive,32.023308,13.710115
known,inactive,31.344337,14.167871
known,active,32.023151,14.410558
known,active,31.939623,14.505090
known,inactive,18.214493,5.488051
known,inactive,31.727203,14.670032
known,inactive,30.669117,13.950814
known,inactive,56.248692,-26.578079
known,inactive,26.045605,11.684360
known,active,27.137701,9.723753
known,inactive,26.096498,11.680676
known,inactive,29.074743,10.115853
known,inactive,27.159231,13.499694
known,inactive,31.979164,8.639003
known,active,26.669468,-61.869026
known,inactive,26.104368,-46.686111
known,inactive,46.002941,38.312298
known,inactive,44.620026,40.223919
known,inactive,43.196346,17.990854
known,inactive,54.556553,-15.585656
known,active,27.392698,-53.888794
known,inactive,51.665794,26.881956
known,inactive,26.284456,10.831972
known,inactive,66.487274,-16.725370
known,inactive,60.024982,45.527634
known,inactive,59.997658,45.676540
known,inactive,60.072304,45.509274
known,inactive,59.993195,45.684254
known,inactive,60.012699,45.733410
known,active,47.060783,39.006859
known,active,28.273886,-55.349197
known,inactive,52.839500,15.485756
known,inactive,38.590580,19.582808
known,inactive,53.855232,-0.983944
known,active,26.905802,-56.445068
known,inactive,43.836075,3.841853
known,inactive,65.432961,36.335522
known,inactive,48.926929,26.288441
known,inactive,48.895924,26.089998
known,inactive,48.941311,26.353924
known,inactive,48.892117,26.191132
known,inactive,48.965748,25.813307
known,inactive,63.334457,19.386242
known,active,24.271475,-66.681145
known,active,38.050724,34.880264
known,inactive,65.817032,24.714022
known,inactive,16.278238,-42.672443
known,inactive,20.720388,1.462289
known,active,56.973999,41.764969
known,inactive,39.262661,19.306513
known,inactive,40.576015,-7.584046
known,inactive,46.705547,-2.775355
known,inactive,28.727169,7.618437
known,inactive,71.153145,6.467482
known,active,64.310272,12.462840
known,inactive,37.464363,18.574778
known,inactive,37.581032,18.292212
known,inactive,62.337765,-27.586353
known,inactive,62.369312,-27.569168
known,active,66.100563,20.257444
known,inactive,46.863255,-9.141114
known,active,52.156456,17.350714
known,inactive,66.381409,-2.423348
known,inactive,26.177158,-6.003283
known,inactive,26.201778,-6.014265
known,active,64.581345,0.037596
known,inactive,70.342102,27.294935
known,inactive,57.134624,-12.037724
known,inactive,49.139328,-25.060080
known,inactive,49.141235,-25.052952
known,inactive,20.709942,4.898059
known,active,46.550888,5.476687
known,inactive,45.960712,5.922209
known,inactive,46.860981,4.974439
known,inactive,32.518181,6.690547
known,active,44.014896,7.064617
known,inactive,62.555485,-27.491331
known,inactive,63.292881,-26.768198
known,inactive,63.270565,-26.815290
known,inactive,63.228291,-27.231712
known,inactive,71.893318,-12.067542
known,inactive,60.767200,-4.096426
known,inactive,60.770428,-4.096100
known,inactive,54.570122,36.181812
known,inactive,54.610439,36.174229
known,active,48.703640,-29.917986
known,inactive,40.524662,-8.126821
known,inactive,48.215397,21.863501
known,inactive,79.108253,4.090884
known,inactive,63.918365,41.928810
known,inactive,36.257759,-12.890264
known,inactive,60.303585,-17.606609
known,inactive,60.640728,-18.372425
known,inactive,60.346756,-17.565723
known,inactive,60.319248,-17.576748
known,inactive,56.762573,-23.702545
known,active,57.184013,-12.076528
known,active,44.901947,-25.672024
known,active,24.644688,-59.657230
known,active,24.582451,-54.065166
known,active,24.602919,-54.128162
known,active,24.492924,-54.155510
known,inactive,48.865849,13.560143
known,inactive,48.876957,13.421077
known,active,49.600319,12.500084
known,inactive,49.634945,12.460536
known,inactive,30.946335,-5.240427
known,inactive,30.617491,-5.410266
known,inactive,30.992077,-3.615398
known,inactive,59.150848,-18.171869
known,inactive,55.221657,-18.642715
known,inactive,55.150742,-18.689814
known,inactive,55.259636,-19.356842
known,inactive,57.998047,-18.947208
known,inactive,57.920856,-18.998915
known,inactive,59.162640,-18.138725
known,active,24.474604,-59.370346
known,active,24.374344,-59.333847
known,active,24.422218,-59.286465
known,inactive,24.584263,-55.956093
known,inactive,71.442429,-11.581681
known,inactive,50.726116,7.204953
known,active,70.918343,0.302186
known,inactive,28.989372,7.464656
known,inactive,63.656334,14.910899
known,inactive,26.519857,10.039948
known,active,38.133213,-33.225506
known,active,48.690399,17.009905
known,inactive,57.848110,25.313211
known,inactive,57.808811,25.435949
known,inactive,57.830292,26.314068
known,inactive,21.881058,3.693457
known,inactive,46.745419,36.480022
known,inactive,29.664211,-16.444183
known,inactive,60.315308,-18.679379
known,inactive,71.271973,19.919733
known,inactive,76.214577,9.985532
known,inactive,58.932899,26.723007
known,inactive,29.917221,-9.590592
known,inactive,56.693966,-23.560411
known,inactive,31.348776,-3.429438
known,active,31.097141,-3.679382
known,active,44.803543,1.675571
known,inactive,48.134514,2.355347
known,inactive,61.649090,25.430546
known,inactive,20.534996,4.703913
known,active,34.080807,23.478500
known,inactive,56.975452,-23.690748
known,inactive,53.154552,2.898893
known,inactive,46.099621,3.900927
known,active,38.277321,28.747738
known,active,48.372059,12.197397
known,inactive,49.080719,11.559329
known,active,48.285152,12.000618
known,active,49.821014,12.106208
known,inactive,55.280624,-20.265804
known,inactive,25.299606,-42.094074
known,active,23.972126,-53.984253
known,inactive,31.493818,7.680307
known,inactive,45.584625,3.990664
known,active,49.042885,11.504127
known,active,24.288221,-54.142990
known,inactive,41.085773,-6.731806
known,inactive,43.908123,4.301643
known,active,74.721100,-8.576932
known,active,66.208252,-21.908257
known,active,66.247856,-21.877239
known,inactive,50.387539,40.964233
known,inactive,50.321377,40.797756
known,active,50.147015,40.369030
known,inactive,50.024956,40.258930
known,inactive,50.100929,40.295898
known,active,68.875450,-2.499585
known,active,65.145683,17.811821
known,inactive,46.863594,35.896484
known,active,49.068218,11.405545
known,inactive,49.408314,12.435914
known,inactive,44.871792,6.823805
known,inactive,44.837257,6.434227
known,active,63.938759,18.444912
known,active,64.321152,17.922321
known,active,64.345428,18.020206
known,active,64.513512,18.019026
known,active,64.462311,17.995770
known,active,63.856918,18.099598
known,inactive,47.856819,18.026190
known,inactive,54.796734,-18.420315
known,active,64.783890,18.636816
known,active,64.585045,18.072044
known,active,64.690514,18.175144
known,active,64.749275,18.312958
known,active,73.816879,4.768737
known,inactive,73.835915,4.751212
known,active,73.498154,5.079689
known,active,13.260239,-54.851429
known,inactive,14.591305,-55.345497
known,active,14.577547,-55.317322
known,inactive,27.394173,9.441669
known,active,46.069160,-27.614187
known,active,53.494358,29.771601
known,inactive,57.877876,27.589115
known,inactive,57.821636,27.561153
known,inactive,28.692438,7.652632
known,inactive,50.059959,32.421478
known,inactive,47.049026,31.042574
known,inactive,61.414894,-16.422606
known,inactive,61.308060,-16.545038
known,inactive,61.498646,-16.525284
known,inactive,67.041420,27.939682
known,inactive,48.944313,11.067607
known,active,50.330444,12.086193
known,active,65.124252,11.536062
known,active,57.640469,15.415214
known,active,52.307068,6.170013
known,inactive,69.568260,27.432821
known,active,57.676083,15.458571
known,active,46.596901,37.942440
known,inactive,43.420757,5.718640
known,inactive,49.265060,39.460987
known,inactive,59.106934,25.665953
known,active,53.397114,7.763076
known,active,53.345108,7.720407
known,active,52.460880,6.195972
known,active,52.477261,6.217420
known,active,54.039177,7.716051
known,inactive,56.802608,20.461758
known,inactive,69.567261,27.431925
known,inactive,69.561668,27.436096
known,active,51.619854,5.994232
known,inactive,37.353741,21.176857
known,inactive,46.310814,38.369106
known,inactive,46.326279,38.943821
known,inactive,47.370979,40.427998
known,inactive,45.197533,36.277164
known,active,64.799934,10.632636
known,inactive,59.193161,36.596863
known,inactive,37.950085,-33.041309
known,inactive,45.034584,31.582764
known,inactive,56.286564,-11.375006
known,inactive,49.979004,32.415455
known,inactive,66.313644,26.196308
known,inactive,56.316414,23.112106
known,inactive,78.833694,5.585515
known,inactive,78.713287,5.539409
known,inactive,78.693710,5.529368
known,active,42.764969,-14.669892
known,inactive,46.168827,37.432819
known,inactive,72.506943,13.351786
known,inactive,72.842285,13.004127
known,inactive,71.928215,13.278543
known,inactive,71.835991,13.416047
known,inactive,72.172455,13.520013
known,inactive,72.569519,13.416275
known,inactive,71.942581,14.331821
known,inactive,46.778183,-2.836129
known,active,27.103292,9.696054
known,inactive,31.951065,-3.274853
known,inactive,67.012108,1.027018
known,active,25.613174,-44.097366
known,active,25.614832,-43.820187
known,inactive,30.634157,-44.778549
known,active,13.328075,-54.540077
known,active,14.765872,-54.733318
known,active,14.706053,-54.729542
known,inactive,72.856758,12.851001
known,active,23.595127,-55.237133
known,inactive,13.309040,-54.372498
known,inactive,14.749318,-54.445099
known,inactive,14.695578,-54.435585
known,inactive,-50.726871,-15.244063
known,inactive,53.921806,-7.045409
known,inactive,13.405166,-54.234821
known,inactive,14.897791,-54.030125
known,inactive,14.864347,-54.028862
known,active,13.366415,-54.354858
known,active,15.203030,-54.522129
known,active,15.178308,-54.504715
known,inactive,-50.721077,-15.250268
known,active,13.388783,-54.225998
known,active,14.809392,-53.979824
known,active,14.766908,-54.003563
known,active,23.964651,-56.799564
known,inactive,42.591694,4.830434
known,inactive,42.269558,4.130488
known,inactive,56.947395,21.270107
known,active,45.217876,40.863724
known,active,51.451004,5.372312
known,inactive,46.002399,41.097340
known,inactive,58.686523,24.760426
known,inactive,50.193863,-0.629100
known,active,44.645813,-14.278608
known,active,45.728531,41.317223
known,inactive,58.709953,24.685228
known,inactive,45.155609,41.882584
known,active,51.495090,5.421949
known,inactive,56.739761,21.786873
known,active,63.958714,12.372984
known,active,64.253105,12.475603
known,active,65.083458,11.552380
known,inactive,61.986610,29.309923
known,inactive,68.268440,30.181784
known,inactive,81.411781,8.739835
known,inactive,61.908421,29.377848
known,inactive,62.691967,26.875053
known,inactive,62.726845,26.732327
known,inactive,62.949532,26.954920
known,inactive,62.889030,26.832443
known,inactive,62.994907,26.515169
known,inactive,62.704510,26.810383
known,inactive,62.726665,26.995768
known,inactive,62.350094,28.679436
known,inactive,62.083527,29.592808
known,inactive,59.045177,25.411964
known,inactive,57.422112,24.913996
known,inactive,61.698078,25.380209
known,inactive,44.568790,40.354637
known,inactive,51.949860,17.471022
known,inactive,45.620510,11.469354
known,inactive,45.626080,11.408679
known,inactive,45.602390,11.394151
known,inactive,53.182770,12.033294
known,active,54.374691,2.601905
known,inactive,54.764656,2.467077
known,active,54.380390,2.692033
known,active,33.420540,-59.807354
known,inactive,52.213318,-8.222295
known,active,29.749319,-48.761482
known,inactive,55.683697,2.216457
known,inactive,39.060619,-17.962597
known,inactive,39.521095,-18.036856
known,inactive,39.341499,-17.885239
known,inactive,39.543453,-18.008772
known,inactive,39.632874,-18.119688
known,inactive,39.429676,-17.888847
known,active,40.176170,28.426266
known,active,39.951942,28.514296
known,active,39.873436,28.513622
known,active,62.366367,-19.065594
known,inactive,52.076012,40.457409
known,inactive,30.282490,-9.846585
known,inactive,61.562752,24.808596
known,active,59.361256,9.187671
known,inactive,56.504494,27.250204
known,active,34.575977,-46.728344
known,inactive,49.337868,31.440306
known,active,49.298855,31.451012
known,inactive,30.180449,-9.532457
known,inactive,56.270714,-12.456890
known,inactive,29.159004,-17.144238
known,inactive,48.865665,2.078642
known,inactive,56.397598,20.489552
known,inactive,29.671213,-11.810215
known,active,43.620872,20.761620
known,active,18.660442,-50.103394
known,inactive,62.654644,24.564852
known,inactive,62.660763,24.543388
known,active,34.324314,16.535885
known,active,34.100952,17.027138
known,inactive,38.764065,-16.923668
known,inactive,68.068863,-14.291438
known,inactive,45.999249,28.484503
known,inactive,57.088390,-2.683972
known,active,57.188377,-2.512494
known,inactive,68.061729,-14.295742
known,active,59.652321,-9.789320
known,active,45.887268,28.434505
known,active,59.772926,-9.025297
known,inactive,59.820110,-8.889121
known,active,59.803276,-8.989535
known,active,59.218815,-8.669684
known,inactive,60.336723,-9.145077
known,inactive,60.840099,-8.906093
known,inactive,60.694710,-9.239885
known,active,60.562729,-9.302992
known,inactive,60.682140,-8.804758
known,active,60.429531,-9.214972
known,active,61.061089,-8.737672
known,active,60.899097,-9.074398
known,inactive,60.813713,-8.674273
known,active,59.821770,-8.531076
known,active,35.933075,15.938280
known,inactive,57.842823,-10.916282
known,active,63.312531,9.966714
known,inactive,65.639969,23.434160
known,inactive,44.804283,1.690681
known,inactive,61.948029,24.743183
known,inactive,56.576855,27.238956
known,inactive,35.566231,-46.253677
known,active,59.330486,-7.472931
known,inactive,50.607277,7.306402
known,inactive,50.532093,7.517536
known,inactive,37.219055,30.693644
known,inactive,54.096455,16.368809
known,active,61.458115,3.251631
known,inactive,46.528263,30.358967
known,inactive,38.807621,-23.419157
known,active,44.263885,24.107754
known,active,44.102314,24.020756
known,inactive,57.285709,-2.353740
known,active,48.010334,-8.586393
known,inactive,62.028870,46.905956
known,inactive,62.031498,46.938812
known,inactive,62.335255,46.575405
known,active,33.986862,-47.901413
known,active,65.973259,-22.059126
known,active,65.601936,-22.273289
known,inactive,26.219025,12.288754
known,inactive,45.440678,31.643719
known,active,26.335075,-62.046719
known,active,58.141766,16.429892
known,inactive,62.385277,-14.292702
known,active,27.557491,-51.119091
known,active,53.072575,21.567871
known,active,46.331997,-26.621605
known,active,46.305679,-26.584528
known,inactive,53.576603,1.594766
known,inactive,53.557728,1.662510
known,active,62.471054,2.943974
known,active,63.371155,4.363385
known,active,62.568707,2.942160
known,active,52.505871,29.490692
known,inactive,63.995312,-14.253737
known,active,22.228033,-61.445171
known,active,22.249399,-61.417946
known,inactive,22.148104,-61.437710
known,active,27.557489,-51.119133
known,active,27.557491,-51.119091
known,active,50.402111,6.239332
known,inactive,66.165474,24.645313
known,inactive,59.546375,36.838078
known,inactive,24.387264,11.654479
known,inactive,26.647305,12.468567
known,inactive,18.892017,4.818836
known,inactive,19.532078,4.388022
known,inactive,19.924583,3.620995
known,inactive,19.818262,3.641956
known,inactive,19.850214,3.702715
known,inactive,19.537922,4.499651
known,inactive,19.260979,4.563287
known,inactive,19.258600,4.391315
known,inactive,18.846247,4.489714
known,inactive,25.839151,6.934089
known,inactive,25.818756,6.929372
known,inactive,25.361206,6.642552
known,inactive,24.320150,11.721545
known,inactive,27.214483,12.846564
known,inactive,18.688908,5.160521
known,inactive,26.478046,7.119886
known,active,65.188499,6.182457
known,active,65.203308,6.190214
known,active,64.920746,7.591884
known,active,65.296654,9.771993
known,active,65.299713,9.737187
known,active,65.508087,6.559846
known,active,65.577843,6.578795
known,inactive,28.854984,-4.228477
known,inactive,28.957026,-3.665271
known,inactive,47.796490,25.943850
known,inactive,47.773392,25.890491
known,inactive,47.662319,25.863340
known,inactive,45.196495,1.398478
known,inactive,60.975945,9.571483
known,inactive,45.880466,31.195894
known,active,60.844395,9.441135
known,inactive,54.260117,12.361024
known,inactive,47.471794,40.371014
known,inactive,47.123547,7.845892
known,inactive,47.466702,40.318104
known,active,33.110485,22.498354
known,active,64.880936,5.179419
known,inactive,59.769062,-23.340637
known,inactive,49.824898,35.639629
known,inactive,31.134798,-5.126981
known,inactive,71.369560,20.478973
known,inactive,48.836578,37.724903
known,inactive,48.723129,37.557255
known,inactive,50.620743,35.235416
known,inactive,75.390953,10.774007
known,inactive,33.763313,-47.085300
known,inactive,75.406113,10.756260
known,inactive,75.414665,10.729199
known,inactive,67.057419,-2.256901
known,active,58.943466,16.217785
known,inactive,24.331324,5.700319
known,inactive,72.648438,23.914364
known,inactive,45.620556,35.661774
known,inactive,27.634525,12.042048
known,inactive,32.338230,-4.576725
known,inactive,32.286335,-4.538959
known,inactive,49.225220,36.153656
known,inactive,61.212307,26.378391
known,inactive,61.283913,26.273197
known,inactive,60.939137,26.632761
known,inactive,56.408928,25.782413
known,inactive,54.263779,12.371827
known,inactive,48.508465,36.026436
known,inactive,39.541733,-22.205193
known,inactive,39.707001,-21.978474
known,inactive,39.492691,-21.792757
known,inactive,58.411507,31.463049
known,inactive,55.977665,31.484570
known,inactive,47.895935,36.817879
known,inactive,28.476603,-4.913379
known,inactive,28.750355,-4.932501
known,inactive,28.820997,-4.733014
known,inactive,50.742714,17.560923
known,inactive,51.066265,17.450085
known,inactive,48.758934,38.776737
known,inactive,48.542870,38.998749
known,inactive,48.725780,38.189613
known,inactive,71.329987,20.031826
known,inactive,58.301022,36.460060
known,inactive,58.307404,36.455933
known,active,47.162155,41.679279
known,inactive,57.700314,-25.011837
known,inactive,56.991295,-24.994175
known,active,51.921230,36.691109
known,inactive,57.001186,-25.057184
known,inactive,33.354191,-7.210578
known,inactive,33.452419,-7.641829
known,inactive,33.840996,-7.760852
known,inactive,33.330482,-13.353461
known,inactive,35.264481,-14.765218
known,active,33.406876,-13.260665
known,inactive,56.709118,-25.595425
known,inactive,35.375584,-14.915028
known,inactive,62.451138,-14.257813
known,active,62.405148,-17.357738
known,active,56.741791,16.338528
known,active,40.264931,-17.109644
known,inactive,61.714725,-17.121199
known,inactive,35.185154,1.627115
known,active,45.441227,-19.783230
known,active,62.791828,2.285265
known,active,63.789402,3.947687
known,active,62.808952,2.255018
known,active,63.896305,4.045949
known,active,61.948200,5.951005
known,active,13.949760,-58.909531
known,inactive,53.837139,-7.091806
known,inactive,60.586266,42.115753
known,active,51.796295,-20.790512
known,active,51.765266,-20.692795
known,inactive,50.746021,-7.860786
known,inactive,50.678608,-7.782069
known,inactive,26.262041,-6.105402
known,inactive,30.499102,-6.334257
known,inactive,40.582253,-3.461374
known,inactive,30.493994,-11.402222
known,inactive,40.258823,-3.378280
known,inactive,29.687111,-10.620325
known,inactive,29.581427,-10.537826
known,inactive,29.500689,-10.411777
known,inactive,29.462034,-10.296721
known,inactive,29.170019,-9.380594
known,inactive,28.766363,-9.323483
known,inactive,29.022192,-9.367031
known,inactive,28.936008,-9.975801
known,inactive,28.924759,-9.955941
known,inactive,29.385925,-9.688313
known,inactive,28.528540,-9.555559
known,inactive,29.415100,-9.765667
known,inactive,29.347857,-9.698718
known,inactive,29.420856,-9.436537
known,inactive,29.002628,-10.269797
known,inactive,28.869106,-10.066657
known,inactive,27.495520,-10.419730
known,inactive,27.477974,-10.466682
known,inactive,27.461466,-10.492352
known,inactive,27.468937,-10.468033
known,inactive,61.851734,0.868687
known,active,61.858330,1.058865
known,inactive,29.104448,-7.806917
known,inactive,29.115358,-7.834038
known,inactive,26.768278,-4.361159
known,inactive,28.839779,-16.633490
known,inactive,28.886770,-16.409994
known,inactive,28.747505,-16.527081
known,inactive,28.606745,-16.770439
known,inactive,28.828291,-16.373795
known,inactive,28.834587,-16.412289
known,inactive,49.860966,-5.304639
known,inactive,35.398582,-10.475967
known,inactive,35.384964,-10.441555
known,inactive,28.024996,-14.667790
known,inactive,27.667355,-12.808246
known,inactive,61.865208,0.889851
known,active,61.872349,1.099965
known,active,36.706104,2.822736
known,active,36.698845,2.806398
known,inactive,32.886261,-12.220236
known,inactive,40.374100,-3.586422
known,inactive,61.899433,0.425765
known,inactive,56.651089,-24.249916
known,inactive,55.104301,-24.341202
known,inactive,55.709316,-23.447645
known,inactive,55.887253,-24.425987
known,inactive,55.578388,-24.770584
known,inactive,55.664288,-23.524605
known,inactive,55.569164,-24.008087
known,inactive,55.440887,-23.860828
known,inactive,55.269337,-24.658579
known,inactive,56.020046,-24.014982
known,inactive,56.033592,-24.373581
known,inactive,55.976685,-24.169561
known,inactive,56.047417,-23.470169
known,inactive,54.762405,-24.136806
known,inactive,56.048653,-23.791222
known,inactive,55.612007,-23.522226
known,inactive,56.465286,-24.386875
known,inactive,54.694572,-22.917093
known,active,30.020525,-14.777089
known,inactive,29.845604,-14.868646
known,active,29.750511,-14.095316
known,inactive,40.890789,-9.603765
known,inactive,40.831482,-9.498889
known,inactive,40.804188,-9.445691
known,active,42.659222,-8.226190
known,inactive,40.778046,-10.067368
known,inactive,40.724693,-10.002731
known,inactive,40.678387,-9.813112
known,inactive,39.991005,-9.493334
known,inactive,34.060932,-13.798620
known,inactive,43.159454,-8.410466
known,inactive,33.343666,-13.184583
known,active,48.685017,-16.872963
known,inactive,71.979149,-12.236859
known,inactive,71.923607,-12.130222
known,inactive,51.735718,4.225946
known,inactive,32.109615,21.925661
known,inactive,41.755463,0.395874
known,active,42.785137,25.079491
known,active,27.982536,7.114557
known,inactive,38.805466,-23.431505
known,inactive,39.495621,29.517408
known,inactive,39.511581,29.528614
known,inactive,39.474194,29.499125
known,active,39.557980,29.590685
known,active,39.582981,29.615269
known,inactive,39.503334,29.652868
known,inactive,42.564419,14.394570
known,inactive,42.309555,14.035131
known,inactive,42.958412,14.979595
known,inactive,43.025455,15.046214
known,inactive,61.673523,24.555758
known,active,56.778603,-12.715863
known,active,57.551479,-12.352784
known,inactive,57.450489,-12.413378
known,active,57.484085,-12.378456
known,inactive,56.736591,-13.095420
known,inactive,57.156910,-12.508004
known,active,57.228634,-12.481057
known,inactive,57.265816,-12.663981
known,inactive,57.279541,-13.128770
known,active,57.233128,-12.263948
known,active,25.626015,-53.128994
known,inactive,10.377874,-59.957382
known,inactive,39.767406,-12.358026
known,inactive,42.759632,-18.888243
known,active,12.879301,-64.951805
known,active,13.246181,-59.349926
known,active,12.579980,-63.967957
known,inactive,18.732506,-50.282093
known,active,18.711607,-50.252232
known,inactive,26.653505,-46.820881
known,inactive,26.515022,-45.166676
known,inactive,27.623777,-48.129295
known,inactive,27.618593,-48.129288
known,inactive,27.449768,-47.750881
known,inactive,27.860731,-48.439270
known,inactive,26.965286,-47.041374
known,inactive,27.517529,-47.794689
known,inactive,27.172045,-47.232388
known,active,36.865356,29.062723
known,inactive,26.351379,-47.576527
known,active,10.280173,-67.140755
known,active,16.629961,-66.309052
known,active,16.574976,-66.371170
known,active,16.569212,-66.374245
known,inactive,9.265384,-61.461662
known,inactive,10.853787,-62.077614
known,active,10.786736,-62.121838
known,inactive,8.643957,-61.385090
known,inactive,10.710715,-61.964001
known,active,5.167748,-70.442619
known,active,6.364666,-71.050262
known,active,12.735833,-74.977501
known,inactive,12.685950,-73.572479
known,active,12.882185,-73.486137
known,active,12.985405,-73.076706
known,active,5.849678,-64.717880
known,active,5.842118,-64.715965
known,active,12.169359,-73.537704
known,active,12.117497,-72.854744
known,inactive,12.233100,-73.457733
known,active,12.363774,-74.454376
known,active,12.137441,-75.227303
known,active,12.282638,-74.504089
known,active,11.890728,-73.423248
known,active,11.673332,-73.574570
known,active,9.505589,-67.599091
known,active,7.878384,-71.620674
known,active,8.176915,-71.497108
known,inactive,8.317496,-71.161369
known,active,9.663855,-73.135048
known,active,9.692142,-73.203011
known,active,9.413017,-67.940376
known,active,9.623427,-72.911385
known,active,9.406139,-68.271294
known,active,9.713663,-72.758942
known,active,10.013515,-71.862389
known,inactive,10.605762,-68.080132
known,active,11.373044,-68.899559
known,inactive,11.692098,-67.846344
known,active,10.810822,-63.279938
known,active,10.687298,-63.122437
known,active,9.963413,-69.115067
known,active,9.770869,-68.960342
known,inactive,11.267581,-70.628258
known,inactive,10.497296,-69.385201
known,inactive,10.649955,-68.222511
known,active,11.393311,-69.006638
known,active,11.729125,-67.890930
known,active,10.957462,-63.363060
known,active,10.857249,-63.242115
known,active,10.138296,-69.917419
known,active,9.973679,-69.801872
known,inactive,11.239559,-70.711945
known,inactive,10.585222,-69.759171
known,active,9.995664,-70.443665
known,active,7.957979,-69.794441
known,inactive,13.196545,-69.835762
known,active,7.858156,-69.172516
known,inactive,13.198108,-69.825897
known,active,10.442513,-62.808884
known,active,8.327557,-68.396614
known,active,7.933091,-67.968628
known,active,7.044000,-69.489037
known,inactive,7.097258,-71.911575
known,active,4.636585,-71.337280
known,active,4.198452,-71.491295
known,active,12.173257,-73.911209
known,active,6.293873,-68.450684
known,active,4.958241,-72.416801
known,active,3.737960,-70.556679
known,active,4.090530,-71.088394
known,active,4.090530,-71.088394
known,active,5.447559,-68.286728
known,active,6.037825,-75.033478
known,active,6.038056,-75.040634
known,active,5.166111,-68.374733
known,active,5.209043,-68.290459
known,active,5.390876,-67.951721
known,inactive,4.704009,-68.930717
known,active,6.820147,-70.533241
known,active,6.721278,-70.710030
known,active,6.404474,-70.985603
known,active,6.325501,-71.128189
known,active,5.390647,-71.233894
known,active,5.412995,-70.506622
known,active,9.145947,-70.206467
known,active,9.145947,-70.206467
known,active,9.461736,-71.165749
known,active,9.038041,-69.672249
known,active,9.461736,-71.165749
known,active,9.038033,-69.672256
known,active,7.750578,-69.117767
known,active,8.950445,-70.945885
known,active,9.193988,-71.363243
known,active,8.836390,-69.028572
known,active,8.950445,-70.945885
known,active,9.194685,-71.362747
known,active,8.836389,-69.028572
known,active,7.588829,-68.357048
known,inactive,7.347317,-72.347092
known,active,8.071700,-69.994797
known,active,6.316307,-72.994698
known,active,5.412853,-70.506783
known,active,11.962271,-74.210907
known,active,9.145540,-70.206497
known,active,9.037995,-69.672249
known,active,9.038042,-69.672249
known,active,7.750578,-69.117775
known,active,9.194685,-71.362747
known,active,7.588777,-68.357071
known,active,8.700602,-71.135101
known,active,7.347317,-72.347092
known,active,8.071700,-69.994797
known,active,6.316307,-72.994698
known,inactive,7.716042,-62.674431
known,active,9.486535,-62.795509
known,active,8.812241,-66.584351
known,inactive,7.387103,-62.103321
known,inactive,7.263739,-61.947899
known,active,7.207040,-61.965523
known,inactive,6.864663,-61.928703
known,active,9.405767,-62.433823
known,active,9.325198,-62.769436
known,inactive,7.641504,-62.599888
known,inactive,8.120187,-72.528702
known,inactive,8.896267,-73.988914
known,active,9.726749,-62.846428
known,inactive,8.256325,-74.166748
known,inactive,9.900517,-64.648399
known,active,10.126376,-64.796394
known,active,9.623631,-63.687832
known,active,9.697601,-63.638580
known,inactive,9.462840,-63.588696
known,active,9.553083,-63.556969
known,active,9.637854,-63.540615
known,active,8.477511,-66.103821
known,inactive,9.764737,-64.576653
known,inactive,8.010149,-63.854744
known,active,9.033885,-63.870991
known,active,8.075275,-65.779022
known,active,8.128166,-66.291977
known,active,7.451468,-66.898048
known,active,7.708320,-65.592331
known,active,8.054554,-67.175278
known,active,44.054611,-19.521088
known,inactive,35.696796,-24.051508
known,inactive,35.782692,-24.008821
known,inactive,35.564465,-23.763359
known,inactive,37.528717,-33.063084
known,inactive,37.514225,-33.057442
known,active,32.928528,-45.178223
known,inactive,41.722794,10.332410
known,active,36.134720,-36.309124
known,inactive,36.138264,-36.297756
known,inactive,32.955456,-45.835354
known,inactive,33.401211,-46.070164
known,inactive,32.597019,-45.928986
known,inactive,28.360899,-46.078167
known,inactive,28.412081,-46.145702
known,inactive,29.441906,-46.032928
known,inactive,29.683716,-45.897861
known,inactive,31.100798,-44.922108
known,inactive,31.395641,-45.065289
known,inactive,40.493469,-21.938570
known,inactive,19.302567,-65.347099
known,inactive,19.308083,-65.360664
known,inactive,19.284122,-65.353767
known,inactive,19.303322,-65.359886
known,inactive,19.359463,-65.565300
known,inactive,24.304789,-2.449317
known,inactive,47.247780,41.712666
known,inactive,47.242908,41.718464
known,inactive,38.860352,14.105949
known,inactive,38.863468,14.120921
known,inactive,37.131474,-33.685333
known,inactive,55.911232,-26.468695
known,inactive,37.535194,-33.244797
known,active,62.850288,7.575801
known,inactive,31.403938,21.761303
known,inactive,30.853662,21.963877
known,inactive,64.866226,-2.777160
known,inactive,67.740646,-1.307947
known,inactive,46.619698,31.152636
known,inactive,67.925613,-1.280656
known,inactive,46.493805,31.904766
known,inactive,64.886528,-2.791156
known,inactive,65.897095,28.181599
known,inactive,65.868172,28.169226
known,inactive,65.869492,28.144047
known,inactive,46.298660,31.152498
known,active,66.921341,-6.441780
known,inactive,65.680672,26.780994
known,inactive,65.659401,26.603804
known,inactive,65.744835,26.646145
known,inactive,65.214943,36.230827
known,inactive,46.258194,31.538467
known,active,58.063602,16.354977
known,active,58.103161,16.476112
known,inactive,53.559483,1.693905
known,inactive,56.529106,25.666777
known,active,44.474735,36.018955
known,inactive,67.304237,25.049377
known,inactive,34.195320,25.642912
known,active,76.954231,-11.752446
known,inactive,65.682854,23.569092
known,inactive,48.082150,-12.701671
known,inactive,66.841690,24.726519
known,active,67.255341,13.501175
known,inactive,44.596264,35.088524
known,active,55.714371,18.642918
known,active,55.756920,18.965982
known,active,55.842571,19.439749
known,inactive,66.188065,31.294960
known,active,81.383530,-9.893435
known,active,61.826569,10.099280
known,active,61.553375,9.238204
known,inactive,60.923195,9.839272
known,inactive,35.934826,22.179548
known,active,61.690453,10.016553
known,active,60.763943,9.470791
known,active,60.925110,9.541077
known,active,61.384228,9.090905
known,active,35.504341,22.451456
known,active,35.354378,22.628578
known,active,35.529358,21.325089
known,active,32.969307,22.205151
known,inactive,66.073959,24.681097
known,active,72.702209,8.769918
known,active,35.343475,22.478146
known,inactive,66.108025,24.625471
known,inactive,50.498188,21.167252
known,active,75.624855,-8.974092
known,inactive,50.649014,35.224583
known,inactive,65.993866,28.495504
known,inactive,56.547615,28.478895
known,inactive,61.123486,-12.983549
known,active,14.531452,-56.843796
known,inactive,40.193146,12.823969
known,inactive,40.273762,12.819514
known,inactive,40.228531,12.826406
known,inactive,49.986591,12.894077
known,inactive,65.665306,11.346667
known,active,50.524502,5.266538
known,inactive,54.565243,22.490326
known,active,65.602280,12.298796
known,inactive,72.689682,24.600107
known,inactive,49.248901,19.211239
known,inactive,73.240593,16.455101
known,active,76.931625,-11.708440
known,inactive,50.377365,37.607620
known,inactive,65.789970,12.681763
known,active,65.039268,10.292330
known,inactive,35.281750,22.773619
known,inactive,70.866859,30.328180
known,inactive,70.863853,30.332199
known,inactive,61.259720,29.367590
known,inactive,58.428169,-36.923840
known,inactive,58.432087,-36.916351
known,inactive,44.147224,4.159024
known,inactive,46.055443,11.523025
known,inactive,73.167610,16.377089
known,inactive,46.718754,11.421413
known,inactive,48.065353,2.389823
known,inactive,46.276306,13.663647
known,inactive,47.692863,2.686055
known,inactive,72.685829,24.531057
known,active,61.571884,7.636259
known,active,62.605080,8.620864
known,active,64.848419,10.738832
known,active,65.075478,10.307439
known,active,59.958530,-23.186926
known,active,59.933018,-23.197796
known,active,53.469883,7.940731
known,active,54.078621,7.902961
known,active,53.353279,7.903244
known,active,52.548279,6.554248
known,inactive,69.605019,27.438772
known,inactive,57.629566,18.635689
known,inactive,57.564499,18.481726
known,active,50.820629,12.272676
known,active,49.647919,12.403972
known,active,49.622963,12.333929
known,active,49.606106,12.513178
known,inactive,71.283066,16.935530
known,inactive,71.302017,16.946056
known,active,66.364037,16.749680
known,active,65.883514,15.981419
known,active,65.875504,15.976233
known,active,65.897552,15.940828
known,active,65.875671,15.924125
known,inactive,65.893158,15.460176
known,active,65.789055,16.027220
